[2026-09-22 20:40:42,109] INFO django.server basehttp: "HEAD / HTTP/1.1" 200 0
[2026-09-22 20:40:42,138] INFO django.server basehttp: - Broken pipe from ('127.0.0.1', 61890)
[2026-09-22 20:40:42,295] INFO django.server basehttp: "GET / HTTP/1.1" 200 18658
[2026-09-22 20:40:42,390] INFO django.server basehttp: "GET /static/css/design-system.css?v=1790084442 HTTP/1.1" 200 7762
[2026-09-22 20:40:42,392] INFO django.server basehttp: "GET /static/css/home.css?v=1790084442 HTTP/1.1" 200 12902
[2026-09-22 20:40:42,408] INFO django.server basehttp: "GET /static/img/standards/egat-no5.png HTTP/1.1" 200 209103
[2026-09-22 20:40:42,418] INFO django.server basehttp: "GET /static/img/standards/tisi.png HTTP/1.1" 200 3253
[2026-09-22 20:40:42,427] INFO django.server basehttp: "GET /static/img/standards/ahri.png HTTP/1.1" 200 6411
[2026-09-22 20:40:42,430] INFO django.server basehttp: "GET /static/img/standards/ilac-nsc.png HTTP/1.1" 200 102245
[2026-09-22 20:40:42,538] INFO django.server basehttp: "GET /media/modules/Doc.gif HTTP/1.1" 200 612325
[2026-09-22 20:40:42,550] INFO django.server basehttp: "GET /media/hero/Gemini_Generated_Image.jpg HTTP/1.1" 200 706885
[2026-09-22 20:40:42,554] INFO django.server basehttp: "GET /media/modules/Manpower.gif HTTP/1.1" 200 1057848
[2026-09-22 20:40:42,928] INFO django.server basehttp: "GET /media/modules/Cer.gif HTTP/1.1" 200 981912
[2026-09-22 20:40:42,940] INFO django.server basehttp: "GET /media/modules/Analytics.gif HTTP/1.1" 200 402398
[2026-09-22 20:40:42,963] INFO django.server basehttp: "GET /media/modules/Tool2.gif HTTP/1.1" 200 1207035
[2026-09-22 20:40:42,965] INFO django.server basehttp: "GET /media/modules/Happy.gif HTTP/1.1" 200 1609450
[2026-09-22 20:40:43,071] WARNING django.server basehttp: "GET /favicon.ico HTTP/1.1" 404 6033
[2026-09-22 20:41:00,565] INFO django.server basehttp: "GET / HTTP/1.1" 200 18658
[2026-09-22 20:41:00,658] INFO django.server basehttp: "GET /static/css/design-system.css?v=1790084460 HTTP/1.1" 200 7762
[2026-09-22 20:41:00,663] INFO django.server basehttp: "GET /static/css/home.css?v=1790084460 HTTP/1.1" 200 12902
[2026-09-22 20:41:00,673] INFO django.server basehttp: "GET /static/img/standards/tisi.png HTTP/1.1" 200 3253
[2026-09-22 20:41:00,678] INFO django.server basehttp: "GET /static/img/standards/ahri.png HTTP/1.1" 200 6411
[2026-09-22 20:41:00,680] INFO django.server basehttp: "GET /static/img/standards/ilac-nsc.png HTTP/1.1" 200 102245
[2026-09-22 20:41:00,685] INFO django.server basehttp: "GET /static/img/standards/egat-no5.png HTTP/1.1" 200 209103
[2026-09-22 20:41:00,754] INFO django.server basehttp: "GET /media/modules/Analytics.gif HTTP/1.1" 200 402398
[2026-09-22 20:41:00,757] INFO django.server basehttp: "GET /media/modules/Doc.gif HTTP/1.1" 200 612325
[2026-09-22 20:41:00,772] INFO django.server basehttp: "GET /media/modules/Cer.gif HTTP/1.1" 200 981912
[2026-09-22 20:41:00,775] INFO django.server basehttp: "GET /media/hero/Gemini_Generated_Image.jpg HTTP/1.1" 200 706885
[2026-09-22 20:41:00,809] INFO django.server basehttp: "GET /media/modules/Manpower.gif HTTP/1.1" 200 1057848
[2026-09-22 20:41:00,948] INFO django.server basehttp: "GET /media/modules/Happy.gif HTTP/1.1" 200 1609450
[2026-09-22 20:41:00,950] INFO django.server basehttp: "GET /media/modules/Tool2.gif HTTP/1.1" 200 1207035
[2026-09-22 20:41:01,141] WARNING django.server basehttp: "GET /favicon.ico HTTP/1.1" 404 6033
[2026-09-22 20:41:03,954] INFO django.server basehttp: "GET /media/about/Policy.jpg HTTP/1.1" 200 160627
[2026-09-22 20:46:19,452] INFO django.server basehttp: "GET /happy-workplace/ HTTP/1.1" 200 16234
[2026-09-22 20:46:19,581] INFO django.server basehttp: "GET /static/css/app-shell.css?v=1790084779 HTTP/1.1" 200 15644
[2026-09-22 20:46:19,584] INFO django.server basehttp: "GET /static/css/design-system.css?v=1790084779 HTTP/1.1" 200 7762
[2026-09-22 20:46:19,624] INFO django.server basehttp: "GET /static/css/happy_workplace.css?v=1790084779 HTTP/1.1" 200 38401
[2026-09-22 20:46:19,681] INFO django.server basehttp: "GET /media/happy_workplace/posters/DT_Birthday_SSbYLAI.png HTTP/1.1" 200 1881326
[2026-09-22 20:46:19,714] INFO django.server basehttp: "GET /media/happy_workplace/posters/image_4.png HTTP/1.1" 200 3005207
[2026-09-22 20:46:19,737] INFO django.server basehttp: "GET /media/happy_workplace/posters/image_2.png HTTP/1.1" 200 2640225
[2026-09-22 20:46:29,190] INFO django.server basehttp: "GET / HTTP/1.1" 200 18658
[2026-09-22 20:46:29,200] INFO django.server basehttp: "GET /static/css/design-system.css?v=1790084789 HTTP/1.1" 200 7762
[2026-09-22 20:46:29,213] INFO django.server basehttp: "GET /static/css/home.css?v=1790084789 HTTP/1.1" 200 12902
[2026-09-22 20:51:17,278] INFO django.server basehttp: "GET / HTTP/1.1" 200 18658
[2026-09-22 20:51:17,290] INFO django.server basehttp: "GET /static/css/design-system.css?v=1790085077 HTTP/1.1" 200 7762
[2026-09-22 20:51:17,291] INFO django.server basehttp: "GET /static/css/home.css?v=1790085077 HTTP/1.1" 200 12902
[2026-09-22 20:53:05,282] INFO django.server basehttp: "GET / HTTP/1.1" 200 18658
[2026-09-22 20:53:05,335] INFO django.server basehttp: "GET /static/css/design-system.css?v=1790085185 HTTP/1.1" 200 7762
[2026-09-22 20:53:05,337] INFO django.server basehttp: "GET /static/css/home.css?v=1790085185 HTTP/1.1" 200 12902
[2026-09-22 20:55:45,309] INFO django.server basehttp: "GET / HTTP/1.1" 200 18658
[2026-09-22 20:55:45,354] INFO django.server basehttp: "GET /static/css/design-system.css?v=1790085345 HTTP/1.1" 200 7762
[2026-09-22 20:55:45,357] INFO django.server basehttp: "GET /static/css/home.css?v=1790085345 HTTP/1.1" 200 12902
[2026-09-22 21:06:09,572] INFO django.server basehttp: "GET / HTTP/1.1" 200 18658
[2026-09-22 21:06:09,602] INFO django.server basehttp: "GET /static/css/design-system.css?v=1790085969 HTTP/1.1" 200 7762
[2026-09-22 21:06:09,605] INFO django.server basehttp: "GET /static/css/home.css?v=1790085969 HTTP/1.1" 200 12902
[2026-09-22 21:32:30,602] INFO django.server basehttp: "GET /login/ HTTP/1.1" 200 4891
[2026-09-22 21:32:30,639] INFO django.server basehttp: "GET /static/css/design-system.css?v=1790087550 HTTP/1.1" 200 7762
[2026-09-22 21:32:30,645] INFO django.server basehttp: "GET /static/css/home.css?v=1790087550 HTTP/1.1" 200 12902
[2026-09-22 21:32:30,796] WARNING django.server basehttp: "GET /favicon.ico HTTP/1.1" 404 6033
[2026-09-22 21:32:40,849] INFO django.server basehttp: "POST /login/ HTTP/1.1" 302 0
[2026-09-22 21:32:40,960] INFO django.server basehttp: "GET /documents/ HTTP/1.1" 200 21861
[2026-09-22 21:32:41,000] INFO django.server basehttp: "GET /static/css/design-system.css?v=1790087560 HTTP/1.1" 200 7762
[2026-09-22 21:32:41,003] INFO django.server basehttp: "GET /static/css/app-shell.css?v=1790087560 HTTP/1.1" 200 20509
[2026-09-22 21:32:41,397] WARNING django.server basehttp: "GET /favicon.ico HTTP/1.1" 404 6033
[2026-09-22 21:32:45,180] INFO django.server basehttp: "GET /utilities/ HTTP/1.1" 200 4434
[2026-09-22 21:32:45,211] INFO django.server basehttp: "GET /static/css/design-system.css?v=1790087565 HTTP/1.1" 200 7762
[2026-09-22 21:32:45,215] INFO django.server basehttp: "GET /static/css/app-shell.css?v=1790087565 HTTP/1.1" 200 20509
[2026-09-22 21:32:45,359] WARNING django.server basehttp: "GET /favicon.ico HTTP/1.1" 404 6033
[2026-09-22 21:33:02,153] INFO django.server basehttp: "HEAD / HTTP/1.1" 200 0
[2026-09-22 21:33:02,568] INFO django.server basehttp: "GET / HTTP/1.1" 200 19011
[2026-09-22 21:33:02,604] INFO django.server basehttp: "GET /static/css/design-system.css?v=1790087582 HTTP/1.1" 200 7762
[2026-09-22 21:33:02,612] INFO django.server basehttp: "GET /static/css/home.css?v=1790087582 HTTP/1.1" 200 12902
[2026-09-22 21:33:02,779] WARNING django.server basehttp: "GET /favicon.ico HTTP/1.1" 404 6033
[2026-09-22 21:33:06,004] INFO django.server basehttp: "GET /utilities/ HTTP/1.1" 200 12318
[2026-09-22 21:33:06,035] INFO django.server basehttp: "GET /static/css/design-system.css?v=1790087585 HTTP/1.1" 200 7762
[2026-09-22 21:33:06,036] INFO django.server basehttp: "GET /static/css/app-shell.css?v=1790087585 HTTP/1.1" 200 20509
[2026-09-22 21:33:06,222] WARNING django.server basehttp: "GET /favicon.ico HTTP/1.1" 404 6033
[2026-09-22 21:33:25,375] INFO django.server basehttp: "GET /utilities/pdf-edit/ HTTP/1.1" 200 9430
[2026-09-22 21:33:25,400] INFO django.server basehttp: "GET /static/css/design-system.css?v=1790087605 HTTP/1.1" 200 7762
[2026-09-22 21:33:25,401] INFO django.server basehttp: "GET /static/css/app-shell.css?v=1790087605 HTTP/1.1" 200 20509
[2026-09-22 21:33:25,520] WARNING django.server basehttp: "GET /favicon.ico HTTP/1.1" 404 6033
[2026-09-22 21:34:56,462] INFO django.server basehttp: "GET /utilities/calculators/ HTTP/1.1" 200 12930
[2026-09-22 21:34:56,505] INFO django.server basehttp: "GET /static/css/design-system.css?v=1790087696 HTTP/1.1" 200 7762
[2026-09-22 21:34:56,506] INFO django.server basehttp: "GET /static/css/app-shell.css?v=1790087696 HTTP/1.1" 200 20509
[2026-09-22 21:34:56,510] INFO django.server basehttp: "GET /static/js/tools_calculators.js?v=1790087696 HTTP/1.1" 200 11566
[2026-09-22 21:34:56,612] WARNING django.server basehttp: "GET /favicon.ico HTTP/1.1" 404 6033
[2026-09-22 21:35:03,751] WARNING django.server basehttp: "GET /favicon.ico HTTP/1.1" 404 6033
[2026-09-22 21:35:10,905] INFO django.server basehttp: "GET /utilities/engineering/ HTTP/1.1" 200 9851
[2026-09-22 21:35:10,945] INFO django.server basehttp: "GET /static/css/design-system.css?v=1790087710 HTTP/1.1" 200 7762
[2026-09-22 21:35:10,947] INFO django.server basehttp: "GET /static/js/tools_engineering.js?v=1790087710 HTTP/1.1" 200 7071
[2026-09-22 21:35:10,948] INFO django.server basehttp: "GET /static/css/app-shell.css?v=1790087710 HTTP/1.1" 200 20509
[2026-09-22 21:35:11,001] WARNING django.server basehttp: "GET /favicon.ico HTTP/1.1" 404 6033
[2026-09-22 21:35:18,736] INFO django.server basehttp: "GET /utilities/qr-code/ HTTP/1.1" 200 5022
[2026-09-22 21:35:18,775] INFO django.server basehttp: "GET /static/css/design-system.css?v=1790087718 HTTP/1.1" 200 7762
[2026-09-22 21:35:18,776] INFO django.server basehttp: "GET /static/js/tools_qr.js?v=1790087718 HTTP/1.1" 200 1136
[2026-09-22 21:35:18,776] INFO django.server basehttp: "GET /static/css/app-shell.css?v=1790087718 HTTP/1.1" 200 20509
[2026-09-22 21:35:18,836] WARNING django.server basehttp: "GET /favicon.ico HTTP/1.1" 404 6033
[2026-09-22 21:35:35,882] INFO django.server basehttp: "GET /utilities/qr-code/generate/?data=https%3A%2F%2Fdtest.nexus%2Ftest HTTP/1.1" 200 590
[2026-09-22 21:36:00,882] INFO django.server basehttp: "GET /admin/core/systemsettings/1/change/ HTTP/1.1" 302 0
[2026-09-22 21:36:01,091] INFO django.server basehttp: "GET /admin/login/?next=/admin/core/systemsettings/1/change/ HTTP/1.1" 200 4034
[2026-09-22 21:36:01,160] INFO django.server basehttp: "GET /static/admin/css/dark_mode.css HTTP/1.1" 200 2808
[2026-09-22 21:36:01,168] INFO django.server basehttp: "GET /static/admin/css/base.css HTTP/1.1" 200 22120
[2026-09-22 21:36:01,187] INFO django.server basehttp: "GET /static/admin/css/nav_sidebar.css HTTP/1.1" 200 2810
[2026-09-22 21:36:01,191] INFO django.server basehttp: "GET /static/admin/js/theme.js HTTP/1.1" 200 1653
[2026-09-22 21:36:01,194] INFO django.server basehttp: "GET /static/admin/css/login.css HTTP/1.1" 200 951
[2026-09-22 21:36:01,214] INFO django.server basehttp: "GET /static/admin/css/responsive.css HTTP/1.1" 200 16565
[2026-09-22 21:36:01,252] INFO django.server basehttp: "GET /static/admin/js/nav_sidebar.js HTTP/1.1" 200 3063
[2026-09-22 21:36:01,683] WARNING django.server basehttp: "GET /favicon.ico HTTP/1.1" 404 6033
[2026-09-22 21:36:20,978] INFO django.server basehttp: "GET / HTTP/1.1" 200 18668
[2026-09-22 21:36:21,014] INFO django.server basehttp: "GET /static/css/design-system.css?v=1790087780 HTTP/1.1" 200 7762
[2026-09-22 21:36:21,017] INFO django.server basehttp: "GET /static/css/home.css?v=1790087780 HTTP/1.1" 200 12902
[2026-09-22 21:36:21,103] WARNING django.server basehttp: "GET /favicon.ico HTTP/1.1" 404 6033
[2026-09-22 21:36:50,152] INFO django.server basehttp: "GET /media/about/Policy.jpg HTTP/1.1" 200 160627
[2026-09-22 21:37:28,364] INFO django.server basehttp: "GET / HTTP/1.1" 200 18668
[2026-09-22 21:37:28,434] INFO django.server basehttp: "GET /static/css/home.css?v=1790087848 HTTP/1.1" 200 12902
[2026-09-22 21:37:28,446] INFO django.server basehttp: "GET /static/css/design-system.css?v=1790087848 HTTP/1.1" 200 7762
[2026-09-22 21:37:32,627] INFO django.server basehttp: "GET /utilities/ HTTP/1.1" 302 0
[2026-09-22 21:37:32,654] INFO django.server basehttp: "GET /login/?next=/utilities/ HTTP/1.1" 200 4902
[2026-09-22 21:37:32,675] INFO django.server basehttp: "GET /static/css/home.css?v=1790087852 HTTP/1.1" 200 12902
[2026-09-22 21:37:32,676] INFO django.server basehttp: "GET /static/css/design-system.css?v=1790087852 HTTP/1.1" 200 7762
[2026-09-22 21:37:35,942] INFO django.server basehttp: "GET / HTTP/1.1" 200 18668
[2026-09-22 21:37:35,953] INFO django.server basehttp: "GET /static/css/home.css?v=1790087855 HTTP/1.1" 200 12902
[2026-09-22 21:37:35,955] INFO django.server basehttp: "GET /static/css/design-system.css?v=1790087855 HTTP/1.1" 200 7762
[2026-09-22 21:37:38,358] INFO django.server basehttp: "GET /login/ HTTP/1.1" 200 4891
[2026-09-22 21:37:38,370] INFO django.server basehttp: "GET /static/css/design-system.css?v=1790087858 HTTP/1.1" 200 7762
[2026-09-22 21:37:38,371] INFO django.server basehttp: "GET /static/css/home.css?v=1790087858 HTTP/1.1" 200 12902
[2026-09-22 21:37:52,271] INFO django.server basehttp: "POST /login/ HTTP/1.1" 302 0
[2026-09-22 21:37:52,339] INFO django.server basehttp: "GET /documents/ HTTP/1.1" 200 22332
[2026-09-22 21:37:52,359] INFO django.server basehttp: "GET /static/css/app-shell.css?v=1790087872 HTTP/1.1" 200 20509
[2026-09-22 21:37:52,361] INFO django.server basehttp: "GET /static/css/design-system.css?v=1790087872 HTTP/1.1" 200 7762
[2026-09-22 21:37:58,839] INFO django.server basehttp: "GET / HTTP/1.1" 200 19007
[2026-09-22 21:37:58,853] INFO django.server basehttp: "GET /static/css/design-system.css?v=1790087878 HTTP/1.1" 200 7762
[2026-09-22 21:37:58,853] INFO django.server basehttp: "GET /static/css/home.css?v=1790087878 HTTP/1.1" 200 12902
[2026-09-22 21:38:12,762] INFO django.server basehttp: "GET /utilities/ HTTP/1.1" 200 12726
[2026-09-22 21:38:12,784] INFO django.server basehttp: "GET /static/css/app-shell.css?v=1790087892 HTTP/1.1" 200 20509
[2026-09-22 21:38:12,786] INFO django.server basehttp: "GET /static/css/design-system.css?v=1790087892 HTTP/1.1" 200 7762
[2026-09-22 21:38:33,381] INFO django.server basehttp: "GET /utilities/engineering/?tab=oee HTTP/1.1" 200 10259
[2026-09-22 21:38:33,400] INFO django.server basehttp: "GET /static/js/tools_engineering.js?v=1790087913 HTTP/1.1" 200 7071
[2026-09-22 21:38:33,400] INFO django.server basehttp: "GET /static/css/design-system.css?v=1790087913 HTTP/1.1" 200 7762
[2026-09-22 21:38:33,403] INFO django.server basehttp: "GET /static/css/app-shell.css?v=1790087913 HTTP/1.1" 200 20509
[2026-09-22 21:38:45,038] INFO django.server basehttp: "GET /dashboard/ HTTP/1.1" 200 9590
[2026-09-22 21:38:45,054] INFO django.server basehttp: "GET /static/css/design-system.css?v=1790087925 HTTP/1.1" 200 7762
[2026-09-22 21:38:45,055] INFO django.server basehttp: "GET /static/css/app-shell.css?v=1790087925 HTTP/1.1" 200 20509
[2026-09-22 21:38:46,914] INFO django.server basehttp: "GET /utilities/ HTTP/1.1" 200 12726
[2026-09-22 21:38:46,924] INFO django.server basehttp: "GET /static/css/design-system.css?v=1790087926 HTTP/1.1" 200 7762
[2026-09-22 21:38:46,928] INFO django.server basehttp: "GET /static/css/app-shell.css?v=1790087926 HTTP/1.1" 200 20509
[2026-09-22 21:38:49,375] INFO django.server basehttp: "GET /utilities/engineering/?tab=takt HTTP/1.1" 200 10259
[2026-09-22 21:38:49,392] INFO django.server basehttp: "GET /static/css/app-shell.css?v=1790087929 HTTP/1.1" 200 20509
[2026-09-22 21:38:49,392] INFO django.server basehttp: "GET /static/css/design-system.css?v=1790087929 HTTP/1.1" 200 7762
[2026-09-22 21:38:49,392] INFO django.server basehttp: "GET /static/js/tools_engineering.js?v=1790087929 HTTP/1.1" 200 7071
[2026-09-22 21:38:51,130] INFO django.server basehttp: "GET /dashboard/ HTTP/1.1" 200 9590
[2026-09-22 21:38:51,142] INFO django.server basehttp: "GET /static/css/design-system.css?v=1790087931 HTTP/1.1" 200 7762
[2026-09-22 21:38:51,142] INFO django.server basehttp: "GET /static/css/app-shell.css?v=1790087931 HTTP/1.1" 200 20509
[2026-09-22 21:38:52,685] INFO django.server basehttp: "GET /utilities/ HTTP/1.1" 200 12726
[2026-09-22 21:38:52,696] INFO django.server basehttp: "GET /static/css/design-system.css?v=1790087932 HTTP/1.1" 200 7762
[2026-09-22 21:38:52,697] INFO django.server basehttp: "GET /static/css/app-shell.css?v=1790087932 HTTP/1.1" 200 20509
[2026-09-22 21:38:55,352] INFO django.server basehttp: "GET /utilities/calculators/?tab=salary HTTP/1.1" 200 13338
[2026-09-22 21:38:55,365] INFO django.server basehttp: "GET /static/css/design-system.css?v=1790087935 HTTP/1.1" 200 7762
[2026-09-22 21:38:55,365] INFO django.server basehttp: "GET /static/js/tools_calculators.js?v=1790087935 HTTP/1.1" 200 11566
[2026-09-22 21:38:55,366] INFO django.server basehttp: "GET /static/css/app-shell.css?v=1790087935 HTTP/1.1" 200 20509
[2026-09-22 21:39:24,472] INFO django.server basehttp: "GET /utilities/document-converter/ HTTP/1.1" 200 5956
[2026-09-22 21:39:24,483] INFO django.server basehttp: "GET /static/css/design-system.css?v=1790087964 HTTP/1.1" 200 7762
[2026-09-22 21:39:24,484] INFO django.server basehttp: "GET /static/css/app-shell.css?v=1790087964 HTTP/1.1" 200 20509
[2026-09-22 21:39:51,963] INFO django.server basehttp: "GET /utilities/qr-code/ HTTP/1.1" 200 5430
[2026-09-22 21:39:51,977] INFO django.server basehttp: "GET /static/css/design-system.css?v=1790087991 HTTP/1.1" 200 7762
[2026-09-22 21:39:51,978] INFO django.server basehttp: "GET /static/js/tools_qr.js?v=1790087991 HTTP/1.1" 200 1136
[2026-09-22 21:39:51,979] INFO django.server basehttp: "GET /static/css/app-shell.css?v=1790087991 HTTP/1.1" 200 20509
[2026-09-22 21:39:57,698] INFO django.server basehttp: "GET /utilities/qr-code/generate/?data=12315421 HTTP/1.1" 200 459
[2026-09-22 21:40:03,757] INFO django.server basehttp: "GET /utilities/pdf-edit/ HTTP/1.1" 200 9838
[2026-09-22 21:40:03,768] INFO django.server basehttp: "GET /static/css/design-system.css?v=1790088003 HTTP/1.1" 200 7762
[2026-09-22 21:40:03,769] INFO django.server basehttp: "GET /static/css/app-shell.css?v=1790088003 HTTP/1.1" 200 20509
[2026-09-22 21:41:50,906] INFO django.server basehttp: "GET /utilities/ HTTP/1.1" 200 12726
[2026-09-22 21:41:50,919] INFO django.server basehttp: "GET /static/css/design-system.css?v=1790088110 HTTP/1.1" 200 7762
[2026-09-22 21:41:50,919] INFO django.server basehttp: "GET /static/css/app-shell.css?v=1790088110 HTTP/1.1" 200 20509
[2026-09-22 21:41:55,620] INFO django.server basehttp: "GET /utilities/engineering/?tab=power HTTP/1.1" 200 10259
[2026-09-22 21:41:55,632] INFO django.server basehttp: "GET /static/js/tools_engineering.js?v=1790088115 HTTP/1.1" 200 7071
[2026-09-22 21:41:55,633] INFO django.server basehttp: "GET /static/css/design-system.css?v=1790088115 HTTP/1.1" 200 7762
[2026-09-22 21:41:55,633] INFO django.server basehttp: "GET /static/css/app-shell.css?v=1790088115 HTTP/1.1" 200 20509
[2026-09-22 21:42:00,658] INFO django.server basehttp: "GET /utilities/document-converter/ HTTP/1.1" 200 5956
[2026-09-22 21:42:00,667] INFO django.server basehttp: "GET /static/css/design-system.css?v=1790088120 HTTP/1.1" 200 7762
[2026-09-22 21:42:00,668] INFO django.server basehttp: "GET /static/css/app-shell.css?v=1790088120 HTTP/1.1" 200 20509
[2026-09-22 21:42:04,250] INFO django.server basehttp: "GET /utilities/qr-code/ HTTP/1.1" 200 5430
[2026-09-22 21:42:04,262] INFO django.server basehttp: "GET /static/js/tools_qr.js?v=1790088124 HTTP/1.1" 200 1136
[2026-09-22 21:42:04,263] INFO django.server basehttp: "GET /static/css/design-system.css?v=1790088124 HTTP/1.1" 200 7762
[2026-09-22 21:42:04,264] INFO django.server basehttp: "GET /static/css/app-shell.css?v=1790088124 HTTP/1.1" 200 20509
[2026-09-22 21:42:06,275] INFO django.server basehttp: "GET /utilities/ HTTP/1.1" 302 0
[2026-09-22 21:42:06,580] INFO django.server basehttp: "GET /utilities/pdf-edit/ HTTP/1.1" 200 9838
[2026-09-22 21:42:06,660] INFO django.server basehttp: "GET /static/css/design-system.css?v=1790088126 HTTP/1.1" 200 7762
[2026-09-22 21:42:06,661] INFO django.server basehttp: "GET /static/css/app-shell.css?v=1790088126 HTTP/1.1" 200 20509
[2026-09-22 21:42:37,357] INFO django.server basehttp: "GET /utilities/ HTTP/1.1" 200 12726
[2026-09-22 21:42:37,368] INFO django.server basehttp: "GET /static/css/design-system.css?v=1790088157 HTTP/1.1" 200 7762
[2026-09-22 21:42:37,368] INFO django.server basehttp: "GET /static/css/app-shell.css?v=1790088157 HTTP/1.1" 200 20509
[2026-09-22 21:44:36,016] INFO django.server basehttp: "GET /utilities/pdf-edit/ HTTP/1.1" 200 9838
[2026-09-22 21:44:36,036] INFO django.server basehttp: "GET /static/css/design-system.css?v=1790088276 HTTP/1.1" 200 7762
[2026-09-22 21:44:36,037] INFO django.server basehttp: "GET /static/css/app-shell.css?v=1790088276 HTTP/1.1" 200 20509
[2026-09-22 21:44:37,607] INFO django.server basehttp: "GET /dashboard/ HTTP/1.1" 200 9590
[2026-09-22 21:44:37,618] INFO django.server basehttp: "GET /static/css/design-system.css?v=1790088277 HTTP/1.1" 200 7762
[2026-09-22 21:44:37,620] INFO django.server basehttp: "GET /static/css/app-shell.css?v=1790088277 HTTP/1.1" 200 20509
[2026-09-22 21:44:38,913] INFO django.server basehttp: "GET /utilities/ HTTP/1.1" 200 12726
[2026-09-22 21:44:38,924] INFO django.server basehttp: "GET /static/css/design-system.css?v=1790088278 HTTP/1.1" 200 7762
[2026-09-22 21:44:38,925] INFO django.server basehttp: "GET /static/css/app-shell.css?v=1790088278 HTTP/1.1" 200 20509
[2026-09-22 21:45:59,343] INFO django.server basehttp: "GET /utilities/document-converter/ HTTP/1.1" 200 5956
[2026-09-22 21:45:59,357] INFO django.server basehttp: "GET /static/css/design-system.css?v=1790088359 HTTP/1.1" 200 7762
[2026-09-22 21:45:59,360] INFO django.server basehttp: "GET /static/css/app-shell.css?v=1790088359 HTTP/1.1" 200 20509
[2026-09-22 21:47:35,615] INFO django.server basehttp: "GET /dashboard/ HTTP/1.1" 200 9590
[2026-09-22 21:47:35,625] INFO django.server basehttp: "GET /static/css/design-system.css?v=1790088455 HTTP/1.1" 200 7762
[2026-09-22 21:47:35,625] INFO django.server basehttp: "GET /static/css/app-shell.css?v=1790088455 HTTP/1.1" 200 20509
[2026-09-22 21:54:37,916] INFO django.server basehttp: "GET /utilities/ HTTP/1.1" 200 12726
[2026-09-22 21:54:37,929] INFO django.server basehttp: "GET /static/css/design-system.css?v=1790088877 HTTP/1.1" 200 7762
[2026-09-22 21:54:37,934] INFO django.server basehttp: "GET /static/css/app-shell.css?v=1790088877 HTTP/1.1" 200 20509
[2026-09-22 21:54:39,582] INFO django.server basehttp: "GET /utilities/calculators/?tab=temperature HTTP/1.1" 200 13338
[2026-09-22 21:54:39,600] INFO django.server basehttp: "GET /static/css/design-system.css?v=1790088879 HTTP/1.1" 200 7762
[2026-09-22 21:54:39,601] INFO django.server basehttp: "GET /static/css/app-shell.css?v=1790088879 HTTP/1.1" 200 20509
[2026-09-22 21:54:39,602] INFO django.server basehttp: "GET /static/js/tools_calculators.js?v=1790088879 HTTP/1.1" 200 11566
[2026-09-22 21:54:42,003] INFO django.server basehttp: "GET /utilities/calculators/?tab=temperature HTTP/1.1" 200 13338
[2026-09-22 21:54:42,019] INFO django.server basehttp: "GET /static/js/tools_calculators.js?v=1790088882 HTTP/1.1" 200 11566
[2026-09-22 21:54:42,020] INFO django.server basehttp: "GET /static/css/design-system.css?v=1790088882 HTTP/1.1" 200 7762
[2026-09-22 21:54:42,020] INFO django.server basehttp: "GET /static/css/app-shell.css?v=1790088882 HTTP/1.1" 200 20509
[2026-09-22 21:55:31,936] INFO django.server basehttp: "HEAD / HTTP/1.1" 200 0
[2026-09-22 21:55:32,293] INFO django.server basehttp: "GET / HTTP/1.1" 200 18668
[2026-09-22 21:55:32,308] INFO django.server basehttp: "GET /static/css/design-system.css?v=1790088932 HTTP/1.1" 200 7762
[2026-09-22 21:55:32,311] INFO django.server basehttp: "GET /static/css/home.css?v=1790088932 HTTP/1.1" 200 12902
[2026-09-22 21:55:32,345] WARNING django.server basehttp: "GET /favicon.ico HTTP/1.1" 404 6033
[2026-09-22 21:55:42,047] INFO django.server basehttp: "GET /login/ HTTP/1.1" 200 4891
[2026-09-22 21:55:42,061] INFO django.server basehttp: "GET /static/css/design-system.css?v=1790088942 HTTP/1.1" 200 7762
[2026-09-22 21:55:42,061] INFO django.server basehttp: "GET /static/css/home.css?v=1790088942 HTTP/1.1" 200 12902
[2026-09-22 21:55:42,083] WARNING django.server basehttp: "GET /favicon.ico HTTP/1.1" 404 6033
[2026-09-22 21:56:00,359] INFO django.server basehttp: "POST /login/ HTTP/1.1" 302 0
[2026-09-22 21:56:00,450] INFO django.server basehttp: "GET /documents/ HTTP/1.1" 200 22337
[2026-09-22 21:56:00,470] INFO django.server basehttp: "GET /static/css/design-system.css?v=1790088960 HTTP/1.1" 200 7762
[2026-09-22 21:56:00,471] INFO django.server basehttp: "GET /static/css/app-shell.css?v=1790088960 HTTP/1.1" 200 20509
[2026-09-22 21:56:00,510] WARNING django.server basehttp: "GET /favicon.ico HTTP/1.1" 404 6033
[2026-09-22 21:56:02,149] INFO django.server basehttp: "GET /utilities/ HTTP/1.1" 200 13642
[2026-09-22 21:56:02,165] INFO django.server basehttp: "GET /static/css/design-system.css?v=1790088962 HTTP/1.1" 200 7762
[2026-09-22 21:56:02,165] INFO django.server basehttp: "GET /static/css/app-shell.css?v=1790088962 HTTP/1.1" 200 20509
[2026-09-22 21:56:02,197] WARNING django.server basehttp: "GET /favicon.ico HTTP/1.1" 404 6033
[2026-09-22 21:56:16,524] INFO django.server basehttp: "GET /utilities/link-settings/ HTTP/1.1" 200 6789
[2026-09-22 21:56:16,541] INFO django.server basehttp: "GET /static/css/design-system.css?v=1790088976 HTTP/1.1" 200 7762
[2026-09-22 21:56:16,544] INFO django.server basehttp: "GET /static/css/app-shell.css?v=1790088976 HTTP/1.1" 200 20509
[2026-09-22 21:56:16,569] WARNING django.server basehttp: "GET /favicon.ico HTTP/1.1" 404 6033
[2026-09-22 21:56:22,442] INFO django.server basehttp: "POST /utilities/link-settings/ HTTP/1.1" 302 0
[2026-09-22 21:56:22,483] INFO django.server basehttp: "GET /utilities/ HTTP/1.1" 200 13948
[2026-09-22 21:56:22,502] INFO django.server basehttp: "GET /static/css/design-system.css?v=1790088982 HTTP/1.1" 200 7762
[2026-09-22 21:56:22,502] INFO django.server basehttp: "GET /static/css/app-shell.css?v=1790088982 HTTP/1.1" 200 20509
[2026-09-22 21:56:22,530] WARNING django.server basehttp: "GET /favicon.ico HTTP/1.1" 404 6033
[2026-09-22 21:56:29,491] INFO django.server basehttp: "GET /utilities/document-converter/ HTTP/1.1" 200 7439
[2026-09-22 21:56:29,507] INFO django.server basehttp: "GET /static/css/design-system.css?v=1790088989 HTTP/1.1" 200 7762
[2026-09-22 21:56:29,507] INFO django.server basehttp: "GET /static/css/app-shell.css?v=1790088989 HTTP/1.1" 200 20509
[2026-09-22 21:56:29,558] WARNING django.server basehttp: "GET /favicon.ico HTTP/1.1" 404 6033
[2026-09-22 21:56:35,897] INFO django.server basehttp: "GET /utilities/calculators/?tab=temperature HTTP/1.1" 200 13620
[2026-09-22 21:56:35,915] INFO django.server basehttp: "GET /static/css/design-system.css?v=1790088995 HTTP/1.1" 200 7762
[2026-09-22 21:56:35,915] INFO django.server basehttp: "GET /static/css/app-shell.css?v=1790088995 HTTP/1.1" 200 20509
[2026-09-22 21:56:35,916] INFO django.server basehttp: "GET /static/js/tools_calculators.js?v=1790088995 HTTP/1.1" 200 11566
[2026-09-22 21:57:56,353] INFO django.server basehttp: "GET / HTTP/1.1" 200 18668
[2026-09-22 21:59:38,241] INFO django.server basehttp: "GET /utilities/calculators/?tab=temperature HTTP/1.1" 200 13620
[2026-09-22 21:59:38,257] INFO django.server basehttp: "GET /static/css/design-system.css?v=1790089178 HTTP/1.1" 200 7762
[2026-09-22 21:59:38,260] INFO django.server basehttp: "GET /static/css/app-shell.css?v=1790089178 HTTP/1.1" 200 20509
[2026-09-22 21:59:38,262] INFO django.server basehttp: "GET /static/js/tools_calculators.js?v=1790089178 HTTP/1.1" 200 11566
[2026-09-22 21:59:41,187] INFO django.server basehttp: "GET /utilities/ HTTP/1.1" 200 13637
[2026-09-22 21:59:41,196] INFO django.server basehttp: "GET /static/css/design-system.css?v=1790089181 HTTP/1.1" 200 7762
[2026-09-22 21:59:41,197] INFO django.server basehttp: "GET /static/css/app-shell.css?v=1790089181 HTTP/1.1" 200 20509
[2026-09-22 21:59:43,338] INFO django.server basehttp: "GET /utilities/link-settings/ HTTP/1.1" 200 6784
[2026-09-22 21:59:43,351] INFO django.server basehttp: "GET /static/css/design-system.css?v=1790089183 HTTP/1.1" 200 7762
[2026-09-22 21:59:43,354] INFO django.server basehttp: "GET /static/css/app-shell.css?v=1790089183 HTTP/1.1" 200 20509
[2026-09-22 21:59:45,128] INFO django.server basehttp: "GET /utilities/ HTTP/1.1" 200 13637
[2026-09-22 21:59:45,137] INFO django.server basehttp: "GET /static/css/design-system.css?v=1790089185 HTTP/1.1" 200 7762
[2026-09-22 21:59:45,139] INFO django.server basehttp: "GET /static/css/app-shell.css?v=1790089185 HTTP/1.1" 200 20509
[2026-09-22 21:59:47,390] INFO django.server basehttp: "GET /utilities/pdf-edit/ HTTP/1.1" 200 10120
[2026-09-22 21:59:47,405] INFO django.server basehttp: "GET /static/css/design-system.css?v=1790089187 HTTP/1.1" 200 7762
[2026-09-22 21:59:47,406] INFO django.server basehttp: "GET /static/css/app-shell.css?v=1790089187 HTTP/1.1" 200 20509
[2026-09-22 21:59:53,555] INFO django.server basehttp: "GET /utilities/ HTTP/1.1" 200 13637
[2026-09-22 21:59:53,567] INFO django.server basehttp: "GET /static/css/design-system.css?v=1790089193 HTTP/1.1" 200 7762
[2026-09-22 21:59:53,567] INFO django.server basehttp: "GET /static/css/app-shell.css?v=1790089193 HTTP/1.1" 200 20509
[2026-09-22 21:59:54,700] INFO django.server basehttp: "GET /utilities/document-converter/ HTTP/1.1" 200 7434
[2026-09-22 21:59:54,711] INFO django.server basehttp: "GET /static/css/design-system.css?v=1790089194 HTTP/1.1" 200 7762
[2026-09-22 21:59:54,713] INFO django.server basehttp: "GET /static/css/app-shell.css?v=1790089194 HTTP/1.1" 200 20509
[2026-09-22 22:11:08,757] INFO django.server basehttp: "GET /utilities/ HTTP/1.1" 200 13637
[2026-09-22 22:11:08,773] INFO django.server basehttp: "GET /static/css/app-shell.css?v=1790089868 HTTP/1.1" 200 20509
[2026-09-22 22:11:08,774] INFO django.server basehttp: "GET /static/css/design-system.css?v=1790089868 HTTP/1.1" 200 7762
[2026-09-22 22:11:10,960] INFO django.server basehttp: "GET /utilities/qr-code/ HTTP/1.1" 200 5712
[2026-09-22 22:11:10,973] INFO django.server basehttp: "GET /static/css/design-system.css?v=1790089870 HTTP/1.1" 200 7762
[2026-09-22 22:11:10,974] INFO django.server basehttp: "GET /static/css/app-shell.css?v=1790089870 HTTP/1.1" 200 20509
[2026-09-22 22:11:10,975] INFO django.server basehttp: "GET /static/js/tools_qr.js?v=1790089870 HTTP/1.1" 200 1136
[2026-09-22 22:15:25,425] INFO django.server basehttp: "GET /utilities/qr-code/ HTTP/1.1" 200 5712
[2026-09-22 22:15:25,444] INFO django.server basehttp: "GET /static/js/tools_qr.js?v=1790090125 HTTP/1.1" 200 1136
[2026-09-22 22:15:25,458] INFO django.server basehttp: "GET /static/css/app-shell.css?v=1790090125 HTTP/1.1" 200 20509
[2026-09-22 22:15:25,459] INFO django.server basehttp: "GET /static/css/design-system.css?v=1790090125 HTTP/1.1" 200 7762
[2026-09-22 22:15:27,606] INFO django.server basehttp: "GET /utilities/ HTTP/1.1" 200 13637
[2026-09-22 22:15:27,619] INFO django.server basehttp: "GET /static/css/design-system.css?v=1790090127 HTTP/1.1" 200 7762
[2026-09-22 22:15:27,620] INFO django.server basehttp: "GET /static/css/app-shell.css?v=1790090127 HTTP/1.1" 200 20509
[2026-09-22 22:15:44,742] INFO django.server basehttp: "GET /utilities/link-settings/ HTTP/1.1" 200 6784
[2026-09-22 22:15:44,757] INFO django.server basehttp: "GET /static/css/app-shell.css?v=1790090144 HTTP/1.1" 200 20509
[2026-09-22 22:15:44,757] INFO django.server basehttp: "GET /static/css/design-system.css?v=1790090144 HTTP/1.1" 200 7762
[2026-09-22 22:15:47,391] INFO django.server basehttp: "POST /utilities/link-settings/ HTTP/1.1" 302 0
[2026-09-22 22:15:47,443] INFO django.server basehttp: "GET /utilities/ HTTP/1.1" 200 13840
[2026-09-22 22:15:47,462] INFO django.server basehttp: "GET /static/css/design-system.css?v=1790090147 HTTP/1.1" 200 7762
[2026-09-22 22:15:47,463] INFO django.server basehttp: "GET /static/css/app-shell.css?v=1790090147 HTTP/1.1" 200 20509
[2026-09-22 22:16:03,880] INFO django.server basehttp: "GET /utilities/link-settings/ HTTP/1.1" 200 6832
[2026-09-22 22:16:03,895] INFO django.server basehttp: "GET /static/css/design-system.css?v=1790090163 HTTP/1.1" 200 7762
[2026-09-22 22:16:03,895] INFO django.server basehttp: "GET /static/css/app-shell.css?v=1790090163 HTTP/1.1" 200 20509
[2026-09-22 22:16:06,253] INFO django.server basehttp: "POST /utilities/link-settings/ HTTP/1.1" 302 0
[2026-09-22 22:16:06,293] INFO django.server basehttp: "GET /utilities/ HTTP/1.1" 200 13885
[2026-09-22 22:16:06,312] INFO django.server basehttp: "GET /static/css/design-system.css?v=1790090166 HTTP/1.1" 200 7762
[2026-09-22 22:16:06,313] INFO django.server basehttp: "GET /static/css/app-shell.css?v=1790090166 HTTP/1.1" 200 20509
[2026-09-22 22:16:30,714] INFO django.server basehttp: "GET /utilities/qr-code/ HTTP/1.1" 200 5712
[2026-09-22 22:16:30,742] INFO django.server basehttp: "GET /static/css/design-system.css?v=1790090190 HTTP/1.1" 200 7762
[2026-09-22 22:16:30,743] INFO django.server basehttp: "GET /static/css/app-shell.css?v=1790090190 HTTP/1.1" 200 20509
[2026-09-22 22:16:30,744] INFO django.server basehttp: "GET /static/js/tools_qr.js?v=1790090190 HTTP/1.1" 200 1136
[2026-09-22 22:16:32,741] INFO django.server basehttp: "GET /utilities/ HTTP/1.1" 200 13740
[2026-09-22 22:16:32,753] INFO django.server basehttp: "GET /static/css/design-system.css?v=1790090192 HTTP/1.1" 200 7762
[2026-09-22 22:16:32,754] INFO django.server basehttp: "GET /static/css/app-shell.css?v=1790090192 HTTP/1.1" 200 20509
[2026-09-22 22:17:18,199] INFO django.server basehttp: "GET /utilities/pdf-edit/ HTTP/1.1" 200 10120
[2026-09-22 22:17:18,211] INFO django.server basehttp: "GET /static/css/app-shell.css?v=1790090238 HTTP/1.1" 200 20509
[2026-09-22 22:17:18,212] INFO django.server basehttp: "GET /static/css/design-system.css?v=1790090238 HTTP/1.1" 200 7762
[2026-09-22 22:17:30,464] INFO django.server basehttp: "GET /utilities/ HTTP/1.1" 200 13740
[2026-09-22 22:17:30,477] INFO django.server basehttp: "GET /static/css/design-system.css?v=1790090250 HTTP/1.1" 200 7762
[2026-09-22 22:17:30,477] INFO django.server basehttp: "GET /static/css/app-shell.css?v=1790090250 HTTP/1.1" 200 20509
[2026-09-22 22:17:32,045] INFO django.server basehttp: "GET /utilities/qr-code/ HTTP/1.1" 200 5712
[2026-09-22 22:17:32,059] INFO django.server basehttp: "GET /static/js/tools_qr.js?v=1790090252 HTTP/1.1" 200 1136
[2026-09-22 22:17:32,059] INFO django.server basehttp: "GET /static/css/design-system.css?v=1790090252 HTTP/1.1" 200 7762
[2026-09-22 22:17:32,060] INFO django.server basehttp: "GET /static/css/app-shell.css?v=1790090252 HTTP/1.1" 200 20509
[2026-09-22 22:17:33,484] INFO django.server basehttp: "GET /utilities/ HTTP/1.1" 200 13740
[2026-09-22 22:17:33,496] INFO django.server basehttp: "GET /static/css/design-system.css?v=1790090253 HTTP/1.1" 200 7762
[2026-09-22 22:17:33,497] INFO django.server basehttp: "GET /static/css/app-shell.css?v=1790090253 HTTP/1.1" 200 20509
[2026-09-22 22:18:41,117] INFO django.server basehttp: "GET /utilities/qr-code/ HTTP/1.1" 200 5712
[2026-09-22 22:18:41,132] INFO django.server basehttp: "GET /static/js/tools_qr.js?v=1790090321 HTTP/1.1" 200 1136
[2026-09-22 22:18:41,132] INFO django.server basehttp: "GET /static/css/design-system.css?v=1790090321 HTTP/1.1" 200 7762
[2026-09-22 22:18:41,135] INFO django.server basehttp: "GET /static/css/app-shell.css?v=1790090321 HTTP/1.1" 200 29051
[2026-09-22 22:18:43,047] INFO django.server basehttp: "GET /utilities/ HTTP/1.1" 200 13740
[2026-09-22 22:18:43,060] INFO django.server basehttp: "GET /static/css/design-system.css?v=1790090323 HTTP/1.1" 200 7762
[2026-09-22 22:18:43,061] INFO django.server basehttp: "GET /static/css/app-shell.css?v=1790090323 HTTP/1.1" 200 29051
[2026-09-22 22:19:57,618] INFO django.server basehttp: "GET /utilities/ HTTP/1.1" 200 13740
[2026-09-22 22:19:57,631] INFO django.server basehttp: "GET /static/css/design-system.css?v=1790090397 HTTP/1.1" 200 7762
[2026-09-22 22:19:57,633] INFO django.server basehttp: "GET /static/css/app-shell.css?v=1790090397 HTTP/1.1" 200 29051
[2026-09-22 22:19:59,649] INFO django.server basehttp: "GET /utilities/qr-code/ HTTP/1.1" 200 5712
[2026-09-22 22:19:59,674] INFO django.server basehttp: "GET /static/js/tools_qr.js?v=1790090399 HTTP/1.1" 200 1136
[2026-09-22 22:19:59,677] INFO django.server basehttp: "GET /static/css/app-shell.css?v=1790090399 HTTP/1.1" 200 29051
[2026-09-22 22:19:59,685] INFO django.server basehttp: "GET /static/css/design-system.css?v=1790090399 HTTP/1.1" 200 7762
[2026-09-22 22:20:01,393] INFO django.server basehttp: "GET /utilities/ HTTP/1.1" 200 13740
[2026-09-22 22:20:01,405] INFO django.server basehttp: "GET /static/css/design-system.css?v=1790090401 HTTP/1.1" 200 7762
[2026-09-22 22:20:01,406] INFO django.server basehttp: "GET /static/css/app-shell.css?v=1790090401 HTTP/1.1" 200 29051
[2026-09-22 22:20:17,676] INFO django.server basehttp: "GET /utilities/calculators/?tab=datetime HTTP/1.1" 200 13620
[2026-09-22 22:20:17,690] INFO django.server basehttp: "GET /static/css/design-system.css?v=1790090417 HTTP/1.1" 200 7762
[2026-09-22 22:20:17,691] INFO django.server basehttp: "GET /static/css/app-shell.css?v=1790090417 HTTP/1.1" 200 29051
[2026-09-22 22:20:17,747] INFO django.server basehttp: "GET /static/js/tools_calculators.js?v=1790090417 HTTP/1.1" 200 11566
[2026-09-22 22:20:30,525] INFO django.server basehttp: "GET /utilities/ HTTP/1.1" 200 13740
[2026-09-22 22:20:30,534] INFO django.server basehttp: "GET /static/css/design-system.css?v=1790090430 HTTP/1.1" 200 7762
[2026-09-22 22:20:30,535] INFO django.server basehttp: "GET /static/css/app-shell.css?v=1790090430 HTTP/1.1" 200 29051
[2026-09-22 22:20:50,388] INFO django.server basehttp: "HEAD / HTTP/1.1" 200 0
[2026-09-22 22:20:50,749] INFO django.server basehttp: "GET / HTTP/1.1" 200 18668
[2026-09-22 22:20:50,765] INFO django.server basehttp: "GET /static/css/design-system.css?v=1790090450 HTTP/1.1" 200 7762
[2026-09-22 22:20:50,779] INFO django.server basehttp: "GET /static/css/home.css?v=1790090450 HTTP/1.1" 200 12902
[2026-09-22 22:20:50,833] WARNING django.server basehttp: "GET /favicon.ico HTTP/1.1" 404 6033
[2026-09-22 22:21:20,002] INFO django.server basehttp: "GET /login/ HTTP/1.1" 200 4891
[2026-09-22 22:21:20,017] INFO django.server basehttp: "GET /static/css/design-system.css?v=1790090479 HTTP/1.1" 200 7762
[2026-09-22 22:21:20,018] INFO django.server basehttp: "GET /static/css/home.css?v=1790090479 HTTP/1.1" 200 12902
[2026-09-22 22:21:20,043] WARNING django.server basehttp: "GET /favicon.ico HTTP/1.1" 404 6033
[2026-09-22 22:21:29,243] INFO django.server basehttp: "GET /utilities/qr-code/ HTTP/1.1" 200 16851
[2026-09-22 22:21:29,263] INFO django.server basehttp: "GET /static/css/design-system.css?v=1790090489 HTTP/1.1" 200 7762
[2026-09-22 22:21:29,264] INFO django.server basehttp: "GET /static/js/tools_qr.js?v=1790090489 HTTP/1.1" 200 7783
[2026-09-22 22:21:29,265] INFO django.server basehttp: "GET /static/css/app-shell.css?v=1790090489 HTTP/1.1" 200 29051
[2026-09-22 22:21:39,973] INFO django.server basehttp: "POST /login/ HTTP/1.1" 302 0
[2026-09-22 22:21:40,109] INFO django.server basehttp: "GET /documents/ HTTP/1.1" 200 20460
[2026-09-22 22:21:40,133] INFO django.server basehttp: "GET /static/css/design-system.css?v=1790090500 HTTP/1.1" 200 7762
[2026-09-22 22:21:40,134] INFO django.server basehttp: "GET /static/css/app-shell.css?v=1790090500 HTTP/1.1" 200 29051
[2026-09-22 22:21:40,170] WARNING django.server basehttp: "GET /favicon.ico HTTP/1.1" 404 6033
[2026-09-22 22:21:53,987] INFO django.server basehttp: "GET /utilities/qr-code/ HTTP/1.1" 200 16230
[2026-09-22 22:21:54,003] INFO django.server basehttp: "GET /static/css/design-system.css?v=1790090513 HTTP/1.1" 200 7762
[2026-09-22 22:21:54,004] INFO django.server basehttp: "GET /static/css/app-shell.css?v=1790090513 HTTP/1.1" 200 29051
[2026-09-22 22:21:54,006] INFO django.server basehttp: "GET /static/js/tools_qr.js?v=1790090513 HTTP/1.1" 200 7783
[2026-09-22 22:21:55,172] WARNING django.server basehttp: "GET /favicon.ico HTTP/1.1" 404 6033
[2026-09-22 22:22:24,250] INFO django.server basehttp: "GET /utilities/qr-code/ HTTP/1.1" 200 16230
[2026-09-22 22:22:24,266] INFO django.server basehttp: "GET /static/js/tools_qr.js?v=1790090544 HTTP/1.1" 200 7783
[2026-09-22 22:22:24,267] INFO django.server basehttp: "GET /static/css/design-system.css?v=1790090544 HTTP/1.1" 200 7762
[2026-09-22 22:22:24,268] INFO django.server basehttp: "GET /static/css/app-shell.css?v=1790090544 HTTP/1.1" 200 29125
[2026-09-22 22:22:24,294] WARNING django.server basehttp: "GET /favicon.ico HTTP/1.1" 404 6033
[2026-09-22 22:22:34,478] INFO django.server basehttp: "GET /utilities/qr-code/generate/?data=https%3A%2F%2Fwww.dtest.nexus%2Ftools&fg=%23000000&bg=%23ffffff&shape=square&format=png HTTP/1.1" 200 1599
[2026-09-22 22:22:44,185] INFO django.server basehttp: "GET /utilities/qr-code/ HTTP/1.1" 200 16851
[2026-09-22 22:22:44,199] INFO django.server basehttp: "GET /static/js/tools_qr.js?v=1790090564 HTTP/1.1" 200 7783
[2026-09-22 22:22:44,200] INFO django.server basehttp: "GET /static/css/design-system.css?v=1790090564 HTTP/1.1" 200 7762
[2026-09-22 22:22:44,200] INFO django.server basehttp: "GET /static/css/app-shell.css?v=1790090564 HTTP/1.1" 200 29125
[2026-09-22 22:22:45,212] INFO django.server basehttp: "GET /utilities/qr-code/generate/?data=WIFI%3AT%3AWPA%3BS%3ADT-Office%3BP%3A%3B%3B&fg=%23000000&bg=%23ffffff&shape=square&format=png HTTP/1.1" 200 1616
[2026-09-22 22:22:46,595] INFO django.server basehttp: "GET /utilities/qr-code/generate/?data=WIFI%3AT%3AWPA%3BS%3ADT-Office%3BP%3ASecurePass123%3B%3B&fg=%23000000&bg=%23ffffff&shape=square&format=png HTTP/1.1" 200 1615
[2026-09-22 22:24:10,618] INFO django.server basehttp: "GET /utilities/qr-code/generate/?data=WIFI%3AT%3AWPA%3BS%3ADT-Office%3BP%3ASecurePass123%3B%3B&fg=%23000000&bg=%23ffffff&shape=circle&format=png HTTP/1.1" 200 5556
[2026-09-22 22:24:10,957] INFO django.server basehttp: "GET /utilities/qr-code/ HTTP/1.1" 200 16851
[2026-09-22 22:24:10,990] INFO django.server basehttp: "GET /static/css/design-system.css?v=1790090650 HTTP/1.1" 200 7762
[2026-09-22 22:24:10,991] INFO django.server basehttp: "GET /static/css/app-shell.css?v=1790090650 HTTP/1.1" 200 29125
[2026-09-22 22:24:10,992] INFO django.server basehttp: "GET /static/js/tools_qr.js?v=1790090650 HTTP/1.1" 200 7783
[2026-09-22 22:24:24,908] INFO django.server basehttp: "GET /utilities/qr-code/generate/?data=BEGIN%3AVCARD%0AVERSION%3A3.0%0AFN%3A%E0%B8%AA%E0%B8%A1%E0%B8%8A%E0%B8%B2%E0%B8%A2+%E0%B9%83%E0%B8%88%E0%B8%94%E0%B8%B5%0AORG%3AdTest.nexus%0ATEL%3A081-234-5678%0AEND%3AVCARD&fg=%23000000&bg=%23ffffff&shape=circle&format=png HTTP/1.1" 200 10178
[2026-09-22 22:25:27,035] INFO django.server basehttp: "GET /utilities/qr-code/ HTTP/1.1" 200 16851
[2026-09-22 22:25:27,054] INFO django.server basehttp: "GET /static/css/design-system.css?v=1790090727 HTTP/1.1" 200 7762
[2026-09-22 22:25:27,054] INFO django.server basehttp: "GET /static/js/tools_qr.js?v=1790090727 HTTP/1.1" 200 7783
[2026-09-22 22:25:27,057] INFO django.server basehttp: "GET /static/css/app-shell.css?v=1790090727 HTTP/1.1" 200 29125
[2026-09-22 22:25:29,144] INFO django.server basehttp: "GET /utilities/ HTTP/1.1" 200 13782
[2026-09-22 22:25:29,154] INFO django.server basehttp: "GET /static/css/design-system.css?v=1790090729 HTTP/1.1" 200 7762
[2026-09-22 22:25:29,155] INFO django.server basehttp: "GET /static/css/app-shell.css?v=1790090729 HTTP/1.1" 200 29125
[2026-09-22 22:25:30,851] INFO django.server basehttp: "GET /utilities/qr-code/ HTTP/1.1" 200 16851
[2026-09-22 22:25:30,862] INFO django.server basehttp: "GET /static/css/design-system.css?v=1790090730 HTTP/1.1" 200 7762
[2026-09-22 22:25:30,862] INFO django.server basehttp: "GET /static/js/tools_qr.js?v=1790090730 HTTP/1.1" 200 7783
[2026-09-22 22:25:30,866] INFO django.server basehttp: "GET /static/css/app-shell.css?v=1790090730 HTTP/1.1" 200 29125
[2026-09-22 22:25:34,818] INFO django.server basehttp: "GET /utilities/qr-code/generate/?data=https%3A%2F%2F%E0%B9%86&fg=%23000000&bg=%23ffffff&shape=square&format=png HTTP/1.1" 200 1059
[2026-09-22 22:25:34,821] INFO django.server basehttp: "GET /utilities/qr-code/generate/?data=https%3A%2F%2F%E0%B9%86%E0%B9%84&fg=%23000000&bg=%23ffffff&shape=square&format=png HTTP/1.1" 200 1039
[2026-09-22 22:25:34,908] INFO django.server basehttp: "GET /utilities/qr-code/generate/?data=https%3A%2F%2F%E0%B9%86%E0%B9%84%E0%B8%B3&fg=%23000000&bg=%23ffffff&shape=square&format=png HTTP/1.1" 200 1326
[2026-09-22 22:25:35,109] INFO django.server basehttp: - Broken pipe from ('127.0.0.1', 60742)
[2026-09-22 22:25:35,109] INFO django.server basehttp: "GET /utilities/qr-code/generate/?data=https%3A%2F%2F%E0%B9%86%E0%B9%84%E0%B8%B3%E0%B9%86%E0%B9%84&fg=%23000000&bg=%23ffffff&shape=square&format=png HTTP/1.1" 200 1304
[2026-09-22 22:25:37,037] INFO django.server basehttp: "GET /utilities/qr-code/generate/?data=https%3A%2F%2F%E0%B9%86%E0%B9%84%E0%B8%B3%E0%B9%86%E0%B9%84&fg=%23000000&bg=%23ffffff&shape=rounded&format=png HTTP/1.1" 200 4705
[2026-09-22 22:25:37,585] INFO django.server basehttp: "GET /utilities/qr-code/generate/?data=https%3A%2F%2F%E0%B9%86%E0%B9%84%E0%B8%B3%E0%B9%86%E0%B9%84&fg=%23000000&bg=%23ffffff&shape=circle&format=png HTTP/1.1" 200 4573
[2026-09-22 22:29:32,785] INFO django.server basehttp: "GET /utilities/qr-code/ HTTP/1.1" 200 16851
[2026-09-22 22:29:32,799] INFO django.server basehttp: "GET /static/css/design-system.css?v=1790090972 HTTP/1.1" 200 7762
[2026-09-22 22:29:32,801] INFO django.server basehttp: "GET /static/css/app-shell.css?v=1790090972 HTTP/1.1" 200 29125
[2026-09-22 22:29:32,802] INFO django.server basehttp: "GET /static/js/tools_qr.js?v=1790090972 HTTP/1.1" 200 7783
[2026-09-22 22:29:38,421] INFO django.server basehttp: "GET /utilities/qr-code/ HTTP/1.1" 200 16851
[2026-09-22 22:29:38,436] INFO django.server basehttp: "GET /static/css/design-system.css?v=1790090978 HTTP/1.1" 200 7762
[2026-09-22 22:29:38,440] INFO django.server basehttp: "GET /static/js/tools_qr.js?v=1790090978 HTTP/1.1" 200 7783
[2026-09-22 22:29:38,444] INFO django.server basehttp: "GET /static/css/app-shell.css?v=1790090978 HTTP/1.1" 200 29125
[2026-09-22 22:30:40,163] INFO django.server basehttp: "GET /utilities/qr-code/ HTTP/1.1" 200 16851
[2026-09-22 22:30:40,185] INFO django.server basehttp: "GET /static/js/tools_qr.js?v=1790091040 HTTP/1.1" 200 7783
[2026-09-22 22:30:40,187] INFO django.server basehttp: "GET /static/css/design-system.css?v=1790091040 HTTP/1.1" 200 7762
[2026-09-22 22:30:40,188] INFO django.server basehttp: "GET /static/css/app-shell.css?v=1790091040 HTTP/1.1" 200 28172
[2026-09-22 22:30:49,346] INFO django.server basehttp: "GET /utilities/qr-code/ HTTP/1.1" 200 16851
[2026-09-22 22:30:49,372] INFO django.server basehttp: "GET /static/css/design-system.css?v=1790091049 HTTP/1.1" 200 7762
[2026-09-22 22:30:49,373] INFO django.server basehttp: "GET /static/css/app-shell.css?v=1790091049 HTTP/1.1" 200 28172
[2026-09-22 22:30:49,373] INFO django.server basehttp: "GET /static/js/tools_qr.js?v=1790091049 HTTP/1.1" 200 7783
[2026-09-22 22:31:00,715] INFO django.server basehttp: "GET /utilities/qr-code/ HTTP/1.1" 200 16851
[2026-09-22 22:31:00,728] INFO django.server basehttp: "GET /static/js/tools_qr.js?v=1790091060 HTTP/1.1" 200 7783
[2026-09-22 22:31:00,729] INFO django.server basehttp: "GET /static/css/design-system.css?v=1790091060 HTTP/1.1" 200 7762
[2026-09-22 22:31:00,730] INFO django.server basehttp: "GET /static/css/app-shell.css?v=1790091060 HTTP/1.1" 200 30521
[2026-09-22 22:31:09,251] INFO django.server basehttp: "GET /utilities/ HTTP/1.1" 200 13782
[2026-09-22 22:31:09,261] INFO django.server basehttp: "GET /static/css/design-system.css?v=1790091069 HTTP/1.1" 200 7762
[2026-09-22 22:31:09,263] INFO django.server basehttp: "GET /static/css/app-shell.css?v=1790091069 HTTP/1.1" 200 30521
[2026-09-22 22:31:12,881] INFO django.server basehttp: "GET /utilities/pdf-edit/ HTTP/1.1" 200 10120
[2026-09-22 22:31:12,893] INFO django.server basehttp: "GET /static/css/design-system.css?v=1790091072 HTTP/1.1" 200 7762
[2026-09-22 22:31:12,894] INFO django.server basehttp: "GET /static/css/app-shell.css?v=1790091072 HTTP/1.1" 200 30521
[2026-09-22 22:32:13,656] INFO django.server basehttp: "GET /login/ HTTP/1.1" 200 4891
[2026-09-22 22:32:13,673] INFO django.server basehttp: "GET /static/css/design-system.css?v=1790091133 HTTP/1.1" 200 7762
[2026-09-22 22:32:13,676] INFO django.server basehttp: "GET /static/css/home.css?v=1790091133 HTTP/1.1" 200 12902
[2026-09-22 22:32:13,703] WARNING django.server basehttp: "GET /favicon.ico HTTP/1.1" 404 6033
[2026-09-22 22:32:27,566] INFO django.server basehttp: "GET /utilities/qr-code/ HTTP/1.1" 302 0
[2026-09-22 22:32:27,575] INFO django.server basehttp: "GET /login/?next=/utilities/qr-code/ HTTP/1.1" 200 4910
[2026-09-22 22:32:27,592] INFO django.server basehttp: "GET /static/css/design-system.css?v=1790091147 HTTP/1.1" 200 7762
[2026-09-22 22:32:27,593] INFO django.server basehttp: "GET /static/css/home.css?v=1790091147 HTTP/1.1" 200 12902
[2026-09-22 22:32:27,617] WARNING django.server basehttp: "GET /favicon.ico HTTP/1.1" 404 6033
[2026-09-22 22:32:31,980] INFO django.server basehttp: "GET /login/ HTTP/1.1" 200 4891
[2026-09-22 22:32:32,000] INFO django.server basehttp: "GET /static/css/design-system.css?v=1790091151 HTTP/1.1" 200 7762
[2026-09-22 22:32:32,001] INFO django.server basehttp: "GET /static/css/home.css?v=1790091151 HTTP/1.1" 200 12902
[2026-09-22 22:32:32,028] WARNING django.server basehttp: "GET /favicon.ico HTTP/1.1" 404 6033
[2026-09-22 22:32:39,748] INFO django.server basehttp: "POST /login/ HTTP/1.1" 302 0
[2026-09-22 22:32:39,792] INFO django.server basehttp: "GET /documents/ HTTP/1.1" 200 20460
[2026-09-22 22:32:39,806] INFO django.server basehttp: "GET /static/css/design-system.css?v=1790091159 HTTP/1.1" 200 7762
[2026-09-22 22:32:39,807] INFO django.server basehttp: "GET /static/css/app-shell.css?v=1790091159 HTTP/1.1" 200 34352
[2026-09-22 22:32:39,832] WARNING django.server basehttp: "GET /favicon.ico HTTP/1.1" 404 6033
[2026-09-22 22:32:42,575] INFO django.server basehttp: "GET /utilities/qr-code/ HTTP/1.1" 200 16230
[2026-09-22 22:32:42,591] INFO django.server basehttp: "GET /static/js/tools_qr.js?v=1790091162 HTTP/1.1" 200 7106
[2026-09-22 22:32:42,592] INFO django.server basehttp: "GET /static/css/design-system.css?v=1790091162 HTTP/1.1" 200 7762
[2026-09-22 22:32:42,593] INFO django.server basehttp: "GET /static/css/app-shell.css?v=1790091162 HTTP/1.1" 200 34352
[2026-09-22 22:32:42,618] WARNING django.server basehttp: "GET /favicon.ico HTTP/1.1" 404 6033
[2026-09-22 22:32:54,435] INFO django.server basehttp: "GET /utilities/qr-code/ HTTP/1.1" 200 16230
[2026-09-22 22:32:54,466] INFO django.server basehttp: "GET /static/css/design-system.css?v=1790091174 HTTP/1.1" 200 7762
[2026-09-22 22:32:54,467] INFO django.server basehttp: "GET /static/js/tools_qr.js?v=1790091174 HTTP/1.1" 200 7106
[2026-09-22 22:32:54,467] INFO django.server basehttp: "GET /static/css/app-shell.css?v=1790091174 HTTP/1.1" 200 34352
[2026-09-22 22:32:54,514] WARNING django.server basehttp: "GET /favicon.ico HTTP/1.1" 404 6033
[2026-09-22 22:32:58,054] INFO django.server basehttp: "GET /utilities/ HTTP/1.1" 200 13782
[2026-09-22 22:32:58,068] INFO django.server basehttp: "GET /static/css/design-system.css?v=1790091178 HTTP/1.1" 200 7762
[2026-09-22 22:32:58,071] INFO django.server basehttp: "GET /static/css/app-shell.css?v=1790091178 HTTP/1.1" 200 34352
[2026-09-22 22:32:59,710] INFO django.server basehttp: "GET /utilities/qr-code/ HTTP/1.1" 200 16851
[2026-09-22 22:32:59,726] INFO django.server basehttp: "GET /static/css/design-system.css?v=1790091179 HTTP/1.1" 200 7762
[2026-09-22 22:32:59,728] INFO django.server basehttp: "GET /static/js/tools_qr.js?v=1790091179 HTTP/1.1" 200 7106
[2026-09-22 22:32:59,732] INFO django.server basehttp: "GET /static/css/app-shell.css?v=1790091179 HTTP/1.1" 200 34352
[2026-09-22 22:33:04,811] INFO django.server basehttp: "GET /utilities/qr-code/ HTTP/1.1" 302 0
[2026-09-22 22:33:20,775] INFO django.server basehttp: "GET /utilities/qr-code/?_cb=1 HTTP/1.1" 200 16230
[2026-09-22 22:33:20,789] INFO django.server basehttp: "GET /static/js/tools_qr.js?v=1790091200 HTTP/1.1" 200 7106
[2026-09-22 22:33:20,790] INFO django.server basehttp: "GET /static/css/design-system.css?v=1790091200 HTTP/1.1" 200 7762
[2026-09-22 22:33:20,790] INFO django.server basehttp: "GET /static/css/app-shell.css?v=1790091200 HTTP/1.1" 200 34352
[2026-09-22 22:33:20,816] WARNING django.server basehttp: "GET /favicon.ico HTTP/1.1" 404 6033
[2026-09-22 22:33:36,510] INFO django.server basehttp: "GET /login/ HTTP/1.1" 200 4891
[2026-09-22 22:33:37,879] INFO django.server basehttp: "GET /utilities/ HTTP/1.1" 200 13782
[2026-09-22 22:33:37,890] INFO django.server basehttp: "GET /static/css/design-system.css?v=1790091217 HTTP/1.1" 200 7762
[2026-09-22 22:33:37,891] INFO django.server basehttp: "GET /static/css/app-shell.css?v=1790091217 HTTP/1.1" 200 34352
[2026-09-22 22:33:40,164] INFO django.server basehttp: "POST /login/ HTTP/1.1" 302 0
[2026-09-22 22:33:42,233] INFO django.server basehttp: "GET /documents/ HTTP/1.1" 200 20460
[2026-09-22 22:33:44,258] INFO django.server basehttp: "GET /utilities/qr-code/ HTTP/1.1" 200 16230
[2026-09-22 22:34:21,752] INFO django.server basehttp: "HEAD / HTTP/1.1" 200 0
[2026-09-22 22:34:22,113] INFO django.server basehttp: "GET / HTTP/1.1" 200 19012
[2026-09-22 22:34:22,133] INFO django.server basehttp: "GET /static/css/design-system.css?v=1790091262 HTTP/1.1" 200 7762
[2026-09-22 22:34:22,137] INFO django.server basehttp: "GET /static/css/home.css?v=1790091262 HTTP/1.1" 200 12902
[2026-09-22 22:34:22,172] WARNING django.server basehttp: "GET /favicon.ico HTTP/1.1" 404 6033
[2026-09-22 22:34:30,205] INFO django.server basehttp: "GET /login/ HTTP/1.1" 200 4891
[2026-09-22 22:34:33,025] INFO django.server basehttp: "POST /login/ HTTP/1.1" 302 0
[2026-09-22 22:34:35,129] INFO django.server basehttp: "GET /documents/ HTTP/1.1" 200 20487
[2026-09-22 22:34:37,169] INFO django.server basehttp: "GET /utilities/qr-code/ HTTP/1.1" 200 16417
[2026-09-22 22:34:41,149] INFO django.server basehttp: "GET /utilities/qr-code/ HTTP/1.1" 200 16417
[2026-09-22 22:34:41,171] INFO django.server basehttp: "GET /static/js/tools_qr.js?v=1790091281 HTTP/1.1" 200 7106
[2026-09-22 22:34:41,172] INFO django.server basehttp: "GET /static/css/design-system.css?v=1790091281 HTTP/1.1" 200 7762
[2026-09-22 22:34:41,172] INFO django.server basehttp: "GET /static/css/app-shell.css?v=1790091281 HTTP/1.1" 200 34352
[2026-09-22 22:34:41,465] WARNING django.server basehttp: "GET /favicon.ico HTTP/1.1" 404 6033
[2026-09-22 22:34:49,879] INFO django.server basehttp: "GET /utilities/qr-code/generate/?data=https%3A%2F%2Fwww.dtest.nexus%2Ftools&fg=%23000000&bg=%23ffffff&shape=square&format=png HTTP/1.1" 200 1599
[2026-09-22 22:35:34,829] INFO django.server basehttp: "POST /logout/ HTTP/1.1" 302 0
[2026-09-22 22:35:34,861] INFO django.server basehttp: "GET / HTTP/1.1" 200 18668
[2026-09-22 22:35:34,881] INFO django.server basehttp: "GET /static/css/home.css?v=1790091334 HTTP/1.1" 200 12902
[2026-09-22 22:35:34,884] INFO django.server basehttp: "GET /static/css/design-system.css?v=1790091334 HTTP/1.1" 200 7762
[2026-09-22 22:35:38,302] INFO django.server basehttp: "GET /happy-workplace/ HTTP/1.1" 200 16407
[2026-09-22 22:35:38,333] INFO django.server basehttp: "GET /static/css/design-system.css?v=1790091338 HTTP/1.1" 200 7762
[2026-09-22 22:35:38,335] INFO django.server basehttp: "GET /static/css/app-shell.css?v=1790091338 HTTP/1.1" 200 34352
[2026-09-22 22:35:38,366] INFO django.server basehttp: "GET /static/css/happy_workplace.css?v=1790091338 HTTP/1.1" 200 38401
[2026-09-22 22:35:41,695] INFO django.server basehttp: "GET / HTTP/1.1" 200 18668
[2026-09-22 22:35:41,708] INFO django.server basehttp: "GET /static/css/design-system.css?v=1790091341 HTTP/1.1" 200 7762
[2026-09-22 22:35:41,710] INFO django.server basehttp: "GET /static/css/home.css?v=1790091341 HTTP/1.1" 200 12902
[2026-09-22 22:35:43,706] INFO django.server basehttp: "GET /utilities/ HTTP/1.1" 302 0
[2026-09-22 22:35:43,730] INFO django.server basehttp: "GET /login/?next=/utilities/ HTTP/1.1" 200 4902
[2026-09-22 22:35:43,852] INFO django.server basehttp: "GET /static/css/design-system.css?v=1790091343 HTTP/1.1" 200 7762
[2026-09-22 22:35:43,857] INFO django.server basehttp: "GET /static/css/home.css?v=1790091343 HTTP/1.1" 200 12902
[2026-09-22 22:35:45,942] INFO django.server basehttp: "GET / HTTP/1.1" 200 18668
[2026-09-22 22:35:45,954] INFO django.server basehttp: "GET /static/css/design-system.css?v=1790091345 HTTP/1.1" 200 7762
[2026-09-22 22:35:45,954] INFO django.server basehttp: "GET /static/css/home.css?v=1790091345 HTTP/1.1" 200 12902
[2026-09-22 22:35:51,153] INFO django.server basehttp: "GET /utilities/ HTTP/1.1" 302 0
[2026-09-22 22:35:51,181] INFO django.server basehttp: "GET /login/?next=/utilities/ HTTP/1.1" 200 4902
[2026-09-22 22:35:51,240] INFO django.server basehttp: "GET /static/css/home.css?v=1790091351 HTTP/1.1" 200 12902
[2026-09-22 22:35:51,241] INFO django.server basehttp: "GET /static/css/design-system.css?v=1790091351 HTTP/1.1" 200 7762
[2026-09-22 22:36:03,365] INFO django.server basehttp: "POST /login/?next=/utilities/ HTTP/1.1" 302 0
[2026-09-22 22:36:03,408] INFO django.server basehttp: "GET /utilities/ HTTP/1.1" 200 13809
[2026-09-22 22:36:03,422] INFO django.server basehttp: "GET /static/css/design-system.css?v=1790091363 HTTP/1.1" 200 7762
[2026-09-22 22:36:03,425] INFO django.server basehttp: "GET /static/css/app-shell.css?v=1790091363 HTTP/1.1" 200 34352
[2026-09-22 22:36:09,371] INFO django.server basehttp: "GET /utilities/qr-code/ HTTP/1.1" 200 17038
[2026-09-22 22:36:09,385] INFO django.server basehttp: "GET /static/js/tools_qr.js?v=1790091369 HTTP/1.1" 200 7106
[2026-09-22 22:36:09,388] INFO django.server basehttp: "GET /static/css/app-shell.css?v=1790091369 HTTP/1.1" 200 34352
[2026-09-22 22:36:09,391] INFO django.server basehttp: "GET /static/css/design-system.css?v=1790091369 HTTP/1.1" 200 7762
[2026-09-22 22:36:20,084] INFO django.server basehttp: "GET /utilities/qr-code/generate/?data=4&fg=%23000000&bg=%23ffffff&shape=square&format=png HTTP/1.1" 200 1043
[2026-09-22 22:36:20,115] INFO django.server basehttp: "GET /utilities/qr-code/generate/?data=45&fg=%23000000&bg=%23ffffff&shape=square&format=png HTTP/1.1" 200 1068
[2026-09-22 22:36:20,255] INFO django.server basehttp: - Broken pipe from ('127.0.0.1', 61876)
[2026-09-22 22:36:20,257] INFO django.server basehttp: "GET /utilities/qr-code/generate/?data=4563&fg=%23000000&bg=%23ffffff&shape=square&format=png HTTP/1.1" 200 1046
[2026-09-22 22:36:20,348] INFO django.server basehttp: "GET /utilities/qr-code/generate/?data=45634&fg=%23000000&bg=%23ffffff&shape=square&format=png HTTP/1.1" 200 1058
[2026-09-22 22:36:20,360] INFO django.server basehttp: "GET /utilities/qr-code/generate/?data=456345&fg=%23000000&bg=%23ffffff&shape=square&format=png HTTP/1.1" 200 1057
[2026-09-22 22:36:20,501] INFO django.server basehttp: "GET /utilities/qr-code/generate/?data=4563456&fg=%23000000&bg=%23ffffff&shape=square&format=png HTTP/1.1" 200 1042
[2026-09-22 22:36:20,625] INFO django.server basehttp: "GET /utilities/qr-code/generate/?data=45634564&fg=%23000000&bg=%23ffffff&shape=square&format=png HTTP/1.1" 200 1052
[2026-09-22 22:36:20,677] INFO django.server basehttp: "GET /utilities/qr-code/generate/?data=456345645&fg=%23000000&bg=%23ffffff&shape=square&format=png HTTP/1.1" 200 1055
[2026-09-22 22:36:20,790] INFO django.server basehttp: "GET /utilities/qr-code/generate/?data=4563456456&fg=%23000000&bg=%23ffffff&shape=square&format=png HTTP/1.1" 200 1062
[2026-09-22 22:37:34,549] INFO django.server basehttp: "GET /utilities/qr-code/ HTTP/1.1" 200 17038
[2026-09-22 22:37:34,578] INFO django.server basehttp: "GET /static/css/design-system.css?v=1790091454 HTTP/1.1" 200 7762
[2026-09-22 22:37:34,580] INFO django.server basehttp: "GET /static/css/app-shell.css?v=1790091454 HTTP/1.1" 200 34352
[2026-09-22 22:37:34,580] INFO django.server basehttp: "GET /static/js/tools_qr.js?v=1790091454 HTTP/1.1" 200 7106
[2026-09-22 22:37:35,540] INFO django.server basehttp: "GET /utilities/qr-code/ HTTP/1.1" 200 17038
[2026-09-22 22:37:35,558] INFO django.server basehttp: "GET /static/js/tools_qr.js?v=1790091455 HTTP/1.1" 200 7106
[2026-09-22 22:37:35,558] INFO django.server basehttp: "GET /static/css/design-system.css?v=1790091455 HTTP/1.1" 200 7762
[2026-09-22 22:37:35,559] INFO django.server basehttp: "GET /static/css/app-shell.css?v=1790091455 HTTP/1.1" 200 34352
[2026-09-22 22:37:42,587] INFO django.server basehttp: "GET /utilities/qr-code/ HTTP/1.1" 200 17038
[2026-09-22 22:37:42,605] INFO django.server basehttp: "GET /static/js/tools_qr.js?v=1790091462 HTTP/1.1" 200 7106
[2026-09-22 22:37:42,608] INFO django.server basehttp: "GET /static/css/design-system.css?v=1790091462 HTTP/1.1" 200 7762
[2026-09-22 22:37:42,611] INFO django.server basehttp: "GET /static/css/app-shell.css?v=1790091462 HTTP/1.1" 200 34352
[2026-09-22 22:39:14,166] INFO django.server basehttp: "GET /static/css/app-shell.css HTTP/1.1" 200 34229
[2026-09-22 22:39:19,563] INFO django.server basehttp: "GET /utilities/qr-code/ HTTP/1.1" 302 0
[2026-09-22 22:39:19,570] INFO django.server basehttp: "GET /login/?next=/utilities/qr-code/ HTTP/1.1" 200 4910
[2026-09-22 22:39:19,585] INFO django.server basehttp: "GET /static/css/home.css?v=1790091559 HTTP/1.1" 200 12902
[2026-09-22 22:39:19,586] INFO django.server basehttp: "GET /static/css/design-system.css?v=1790091559 HTTP/1.1" 200 7762
[2026-09-22 22:39:19,606] WARNING django.server basehttp: "GET /favicon.ico HTTP/1.1" 404 6033
[2026-09-22 22:39:37,722] INFO django.server basehttp: "POST /login/?next=/utilities/qr-code/ HTTP/1.1" 302 0
[2026-09-22 22:39:37,744] INFO django.server basehttp: "GET /utilities/qr-code/ HTTP/1.1" 200 16417
[2026-09-22 22:39:37,767] INFO django.server basehttp: "GET /static/css/design-system.css?v=1790091577 HTTP/1.1" 200 7762
[2026-09-22 22:39:37,767] INFO django.server basehttp: "GET /static/js/tools_qr.js?v=1790091577 HTTP/1.1" 200 7106
[2026-09-22 22:39:37,768] INFO django.server basehttp: "GET /static/css/app-shell.css?v=1790091577 HTTP/1.1" 200 34229
[2026-09-22 22:39:37,808] WARNING django.server basehttp: "GET /favicon.ico HTTP/1.1" 404 6033
[2026-09-22 22:39:40,224] INFO django.server basehttp: "GET /utilities/qr-code/ HTTP/1.1" 200 16417
[2026-09-22 22:39:40,247] INFO django.server basehttp: "GET /static/js/tools_qr.js?v=1790091580 HTTP/1.1" 200 7106
[2026-09-22 22:39:40,250] INFO django.server basehttp: "GET /static/css/design-system.css?v=1790091580 HTTP/1.1" 200 7762
[2026-09-22 22:39:40,250] INFO django.server basehttp: "GET /static/css/app-shell.css?v=1790091580 HTTP/1.1" 200 34229
[2026-09-22 22:39:40,287] WARNING django.server basehttp: "GET /favicon.ico HTTP/1.1" 404 6033
[2026-09-22 22:39:55,989] INFO django.server basehttp: "GET /utilities/qr-code/generate/?data=https%3A%2F%2Fwww.dtest.nexus%2Ftools&fg=%23000000&bg=%23ffffff&shape=square&format=png HTTP/1.1" 200 1599
[2026-09-22 22:40:08,712] INFO django.server basehttp: "GET /utilities/qr-code/ HTTP/1.1" 200 17038
[2026-09-22 22:40:08,729] INFO django.server basehttp: "GET /static/js/tools_qr.js?v=1790091608 HTTP/1.1" 200 7106
[2026-09-22 22:40:08,729] INFO django.server basehttp: "GET /static/css/design-system.css?v=1790091608 HTTP/1.1" 200 7762
[2026-09-22 22:40:08,730] INFO django.server basehttp: "GET /static/css/app-shell.css?v=1790091608 HTTP/1.1" 200 34229
[2026-09-22 22:40:16,146] INFO django.server basehttp: "GET /utilities/ HTTP/1.1" 200 13809
[2026-09-22 22:40:16,158] INFO django.server basehttp: "GET /static/css/design-system.css?v=1790091616 HTTP/1.1" 200 7762
[2026-09-22 22:40:16,162] INFO django.server basehttp: "GET /static/css/app-shell.css?v=1790091616 HTTP/1.1" 200 34229
[2026-09-22 22:41:42,687] INFO django.server basehttp: "POST /logout/ HTTP/1.1" 302 0
[2026-09-22 22:41:42,721] INFO django.server basehttp: "GET / HTTP/1.1" 200 18668
[2026-09-22 22:41:42,738] INFO django.server basehttp: "GET /static/css/design-system.css?v=1790091702 HTTP/1.1" 200 7762
[2026-09-22 22:41:42,739] INFO django.server basehttp: "GET /static/css/home.css?v=1790091702 HTTP/1.1" 200 12902
[2026-09-22 22:41:45,448] INFO django.server basehttp: "GET /utilities/ HTTP/1.1" 302 0
[2026-09-22 22:41:45,481] INFO django.server basehttp: "GET /login/?next=/utilities/ HTTP/1.1" 200 5041
[2026-09-22 22:41:45,607] INFO django.server basehttp: "GET /static/css/design-system.css?v=1790091705 HTTP/1.1" 200 7762
[2026-09-22 22:41:45,611] INFO django.server basehttp: "GET /static/css/home.css?v=1790091705 HTTP/1.1" 200 12902
[2026-09-22 22:42:16,068] INFO django.server basehttp: "GET /utilities/ HTTP/1.1" 302 0
[2026-09-22 22:42:16,082] INFO django.server basehttp: "GET /login/?next=/utilities/ HTTP/1.1" 200 4902
[2026-09-22 22:42:16,185] INFO django.server basehttp: "GET /static/css/design-system.css?v=1790091736 HTTP/1.1" 200 7762
[2026-09-22 22:42:16,187] INFO django.server basehttp: "GET /static/css/home.css?v=1790091736 HTTP/1.1" 200 12902
[2026-09-22 22:43:05,880] INFO django.server basehttp: "HEAD / HTTP/1.1" 200 0
[2026-09-22 22:43:06,238] INFO django.server basehttp: "GET / HTTP/1.1" 200 18668
[2026-09-22 22:43:06,256] INFO django.server basehttp: "GET /static/css/design-system.css?v=1790091786 HTTP/1.1" 200 7762
[2026-09-22 22:43:06,261] INFO django.server basehttp: "GET /static/css/home.css?v=1790091786 HTTP/1.1" 200 12902
[2026-09-22 22:43:06,327] WARNING django.server basehttp: "GET /favicon.ico HTTP/1.1" 404 6033
[2026-09-22 22:43:14,953] INFO django.server basehttp: "GET /utilities/ HTTP/1.1" 200 11724
[2026-09-22 22:43:14,982] INFO django.server basehttp: "GET /static/css/design-system.css?v=1790091794 HTTP/1.1" 200 7762
[2026-09-22 22:43:14,984] INFO django.server basehttp: "GET /static/css/app-shell.css?v=1790091794 HTTP/1.1" 200 34229
[2026-09-22 22:43:18,231] INFO django.server basehttp: "GET /login/ HTTP/1.1" 200 4891
[2026-09-22 22:43:18,247] INFO django.server basehttp: "GET /static/css/design-system.css?v=1790091798 HTTP/1.1" 200 7762
[2026-09-22 22:43:18,248] INFO django.server basehttp: "GET /static/css/home.css?v=1790091798 HTTP/1.1" 200 12902
[2026-09-22 22:43:20,693] INFO django.server basehttp: "GET /utilities/ HTTP/1.1" 200 11724
[2026-09-22 22:43:20,711] INFO django.server basehttp: "GET /static/css/design-system.css?v=1790091800 HTTP/1.1" 200 7762
[2026-09-22 22:43:20,711] INFO django.server basehttp: "GET /static/css/app-shell.css?v=1790091800 HTTP/1.1" 200 34229
[2026-09-22 22:43:20,748] WARNING django.server basehttp: "GET /favicon.ico HTTP/1.1" 404 6033
[2026-09-22 22:43:33,171] INFO django.server basehttp: "POST /login/ HTTP/1.1" 302 0
[2026-09-22 22:43:33,246] INFO django.server basehttp: "GET /documents/ HTTP/1.1" 200 22359
[2026-09-22 22:43:33,264] INFO django.server basehttp: "GET /static/css/design-system.css?v=1790091813 HTTP/1.1" 200 7762
[2026-09-22 22:43:33,265] INFO django.server basehttp: "GET /static/css/app-shell.css?v=1790091813 HTTP/1.1" 200 34229
[2026-09-22 22:43:36,307] INFO django.server basehttp: "GET / HTTP/1.1" 200 19007
[2026-09-22 22:43:36,319] INFO django.server basehttp: "GET /static/css/design-system.css?v=1790091816 HTTP/1.1" 200 7762
[2026-09-22 22:43:36,319] INFO django.server basehttp: "GET /static/css/home.css?v=1790091816 HTTP/1.1" 200 12902
[2026-09-22 22:43:40,595] INFO django.server basehttp: "GET /utilities/ HTTP/1.1" 200 13809
[2026-09-22 22:43:40,671] INFO django.server basehttp: "GET /static/css/design-system.css?v=1790091820 HTTP/1.1" 200 7762
[2026-09-22 22:43:40,677] INFO django.server basehttp: "GET /static/css/app-shell.css?v=1790091820 HTTP/1.1" 200 34229
[2026-09-22 22:43:49,860] INFO django.server basehttp: "GET /utilities/pdf-edit/ HTTP/1.1" 200 9030
[2026-09-22 22:43:49,874] INFO django.server basehttp: "GET /static/css/design-system.css?v=1790091829 HTTP/1.1" 200 7762
[2026-09-22 22:43:49,875] INFO django.server basehttp: "GET /static/css/app-shell.css?v=1790091829 HTTP/1.1" 200 34229
[2026-09-22 22:43:49,907] WARNING django.server basehttp: "GET /favicon.ico HTTP/1.1" 404 6033
[2026-09-22 22:47:01,180] INFO django.server basehttp: "GET /settings/about-topics/ HTTP/1.1" 200 15439
[2026-09-22 22:47:01,193] INFO django.server basehttp: "GET /static/css/design-system.css?v=1790092021 HTTP/1.1" 200 7762
[2026-09-22 22:47:01,194] INFO django.server basehttp: "GET /static/css/app-shell.css?v=1790092021 HTTP/1.1" 200 34229
[2026-09-22 22:47:01,814] INFO django.server basehttp: "GET /settings/org-groups/ HTTP/1.1" 200 14719
[2026-09-22 22:47:02,817] INFO django.server basehttp: "GET /settings/about-topics/ HTTP/1.1" 200 15439
[2026-09-22 22:47:02,827] INFO django.server basehttp: "GET /static/css/design-system.css?v=1790092022 HTTP/1.1" 200 7762
[2026-09-22 22:47:02,828] INFO django.server basehttp: "GET /static/css/app-shell.css?v=1790092022 HTTP/1.1" 200 34229
[2026-09-22 22:47:05,473] INFO django.server basehttp: "GET /utilities/ HTTP/1.1" 200 13809
[2026-09-22 22:47:05,482] INFO django.server basehttp: "GET /static/css/design-system.css?v=1790092025 HTTP/1.1" 200 7762
[2026-09-22 22:47:05,483] INFO django.server basehttp: "GET /static/css/app-shell.css?v=1790092025 HTTP/1.1" 200 34229
[2026-09-22 22:47:06,135] INFO django.server basehttp: "GET /monitoring/ HTTP/1.1" 200 4980
[2026-09-22 22:47:06,144] INFO django.server basehttp: "GET /static/css/design-system.css?v=1790092026 HTTP/1.1" 200 7762
[2026-09-22 22:47:06,145] INFO django.server basehttp: "GET /static/css/app-shell.css?v=1790092026 HTTP/1.1" 200 34229
[2026-09-22 22:47:06,733] INFO django.server basehttp: "GET /certificates/ HTTP/1.1" 200 4950
[2026-09-22 22:47:07,679] INFO django.server basehttp: "GET /utilities/ HTTP/1.1" 200 13809
[2026-09-22 22:47:07,690] INFO django.server basehttp: "GET /static/css/design-system.css?v=1790092027 HTTP/1.1" 200 7762
[2026-09-22 22:47:07,691] INFO django.server basehttp: "GET /static/css/app-shell.css?v=1790092027 HTTP/1.1" 200 34229
[2026-09-22 22:47:26,841] INFO django.server basehttp: "GET /utilities/calculators/?tab=temperature HTTP/1.1" 200 13647
[2026-09-22 22:47:26,856] INFO django.server basehttp: "GET /static/css/design-system.css?v=1790092046 HTTP/1.1" 200 7762
[2026-09-22 22:47:26,857] INFO django.server basehttp: "GET /static/js/tools_calculators.js?v=1790092046 HTTP/1.1" 200 11566
[2026-09-22 22:47:26,857] INFO django.server basehttp: "GET /static/css/app-shell.css?v=1790092046 HTTP/1.1" 200 34229
[2026-09-22 22:47:29,370] INFO django.server basehttp: "GET /utilities/ HTTP/1.1" 200 13809
[2026-09-22 22:47:29,379] INFO django.server basehttp: "GET /static/css/design-system.css?v=1790092049 HTTP/1.1" 200 7762
[2026-09-22 22:47:29,380] INFO django.server basehttp: "GET /static/css/app-shell.css?v=1790092049 HTTP/1.1" 200 34229
[2026-09-22 22:50:01,065] INFO django.server basehttp: "GET /utilities/document-converter/ HTTP/1.1" 200 7461
[2026-09-22 22:50:01,074] INFO django.server basehttp: "GET /static/css/design-system.css?v=1790092201 HTTP/1.1" 200 7762
[2026-09-22 22:50:01,080] INFO django.server basehttp: "GET /static/css/app-shell.css?v=1790092201 HTTP/1.1" 200 34229
[2026-09-22 22:50:31,572] INFO django.server basehttp: "GET /utilities/document-converter/ HTTP/1.1" 200 7461
[2026-09-22 22:50:31,588] INFO django.server basehttp: "GET /static/css/design-system.css?v=1790092231 HTTP/1.1" 200 7762
[2026-09-22 22:50:31,589] INFO django.server basehttp: "GET /static/css/app-shell.css?v=1790092231 HTTP/1.1" 200 34229
[2026-09-22 22:50:34,015] INFO django.server basehttp: "GET /utilities/ HTTP/1.1" 200 13809
[2026-09-22 22:50:34,027] INFO django.server basehttp: "GET /static/css/design-system.css?v=1790092233 HTTP/1.1" 200 7762
[2026-09-22 22:50:34,027] INFO django.server basehttp: "GET /static/css/app-shell.css?v=1790092233 HTTP/1.1" 200 34229
[2026-09-22 22:50:41,358] INFO django.server basehttp: "GET /audit/ HTTP/1.1" 200 9177
[2026-09-22 22:50:41,373] INFO django.server basehttp: "GET /static/css/design-system.css?v=1790092241 HTTP/1.1" 200 7762
[2026-09-22 22:50:41,377] INFO django.server basehttp: "GET /static/css/app-shell.css?v=1790092241 HTTP/1.1" 200 34229
[2026-09-22 22:50:42,051] INFO django.server basehttp: "GET /usage-stats/ HTTP/1.1" 200 6947
[2026-09-22 22:50:42,062] INFO django.server basehttp: "GET /static/css/design-system.css?v=1790092242 HTTP/1.1" 200 7762
[2026-09-22 22:50:42,063] INFO django.server basehttp: "GET /static/css/app-shell.css?v=1790092242 HTTP/1.1" 200 34229
[2026-09-22 22:50:43,749] INFO django.server basehttp: "GET /audit/ HTTP/1.1" 200 9177
[2026-09-22 22:50:43,758] INFO django.server basehttp: "GET /static/css/design-system.css?v=1790092243 HTTP/1.1" 200 7762
[2026-09-22 22:50:43,759] INFO django.server basehttp: "GET /static/css/app-shell.css?v=1790092243 HTTP/1.1" 200 34229
[2026-09-22 22:50:47,734] INFO django.server basehttp: "GET /usage-stats/ HTTP/1.1" 200 6947
[2026-09-22 22:50:47,747] INFO django.server basehttp: "GET /static/css/design-system.css?v=1790092247 HTTP/1.1" 200 7762
[2026-09-22 22:50:47,748] INFO django.server basehttp: "GET /static/css/app-shell.css?v=1790092247 HTTP/1.1" 200 34229
[2026-09-22 22:50:52,120] INFO django.server basehttp: "GET /audit/ HTTP/1.1" 200 9177
[2026-09-22 22:50:52,134] INFO django.server basehttp: "GET /static/css/design-system.css?v=1790092252 HTTP/1.1" 200 7762
[2026-09-22 22:50:52,136] INFO django.server basehttp: "GET /static/css/app-shell.css?v=1790092252 HTTP/1.1" 200 34229
[2026-09-22 22:50:52,635] INFO django.server basehttp: "GET /accounts/users/ HTTP/1.1" 200 7051
[2026-09-22 22:50:53,907] INFO django.server basehttp: "GET /utilities/ HTTP/1.1" 200 13809
[2026-09-22 22:50:53,914] INFO django.server basehttp: "GET /static/css/design-system.css?v=1790092253 HTTP/1.1" 200 7762
[2026-09-22 22:50:53,915] INFO django.server basehttp: "GET /static/css/app-shell.css?v=1790092253 HTTP/1.1" 200 34229
[2026-09-22 22:50:55,030] INFO django.server basehttp: "GET /audit/ HTTP/1.1" 200 9177
[2026-09-22 22:50:55,040] INFO django.server basehttp: "GET /static/css/app-shell.css?v=1790092255 HTTP/1.1" 200 34229
[2026-09-22 22:50:55,040] INFO django.server basehttp: "GET /static/css/design-system.css?v=1790092255 HTTP/1.1" 200 7762
[2026-09-22 22:50:59,137] INFO django.server basehttp: "GET /usage-stats/ HTTP/1.1" 200 6947
[2026-09-22 22:50:59,155] INFO django.server basehttp: "GET /static/css/design-system.css?v=1790092259 HTTP/1.1" 200 7762
[2026-09-22 22:50:59,157] INFO django.server basehttp: "GET /static/css/app-shell.css?v=1790092259 HTTP/1.1" 200 34229
[2026-09-22 22:52:05,104] INFO django.server basehttp: "GET /usage-stats/ HTTP/1.1" 200 6947
[2026-09-22 22:52:05,117] INFO django.server basehttp: "GET /static/css/design-system.css?v=1790092325 HTTP/1.1" 200 7762
[2026-09-22 22:52:05,118] INFO django.server basehttp: "GET /static/css/app-shell.css?v=1790092325 HTTP/1.1" 200 34229
[2026-09-22 22:52:08,252] INFO django.server basehttp: "GET / HTTP/1.1" 200 19007
[2026-09-22 22:52:08,271] INFO django.server basehttp: "GET /static/img/standards/egat-no5.png HTTP/1.1" 304 0
[2026-09-22 22:52:08,271] INFO django.server basehttp: "GET /static/css/design-system.css?v=1790092328 HTTP/1.1" 200 7762
[2026-09-22 22:52:08,274] INFO django.server basehttp: "GET /static/css/home.css?v=1790092328 HTTP/1.1" 200 12902
[2026-09-22 22:52:08,278] INFO django.server basehttp: "GET /static/img/standards/tisi.png HTTP/1.1" 304 0
[2026-09-22 22:52:08,279] INFO django.server basehttp: "GET /static/img/standards/ilac-nsc.png HTTP/1.1" 304 0
[2026-09-22 22:52:08,279] INFO django.server basehttp: "GET /static/img/standards/ahri.png HTTP/1.1" 304 0
[2026-09-22 22:52:08,294] INFO django.server basehttp: "GET /media/hero/Gemini_Generated_Image.jpg HTTP/1.1" 304 0
[2026-09-22 22:52:08,295] INFO django.server basehttp: "GET /media/modules/Doc.gif HTTP/1.1" 304 0
[2026-09-22 22:52:08,296] INFO django.server basehttp: "GET /media/modules/Happy.gif HTTP/1.1" 304 0
[2026-09-22 22:52:08,297] INFO django.server basehttp: "GET /media/modules/Manpower.gif HTTP/1.1" 304 0
[2026-09-22 22:52:08,296] INFO django.server basehttp: "GET /media/modules/Cer.gif HTTP/1.1" 304 0
[2026-09-22 22:52:08,296] INFO django.server basehttp: "GET /media/modules/Analytics.gif HTTP/1.1" 304 0
[2026-09-22 22:52:08,310] INFO django.server basehttp: "GET /media/modules/Tool2.gif HTTP/1.1" 304 0
[2026-09-22 22:52:09,335] INFO django.server basehttp: "GET /media/about/Policy.jpg HTTP/1.1" 304 0
[2026-09-22 22:52:11,084] INFO django.server basehttp: "GET /documents/ HTTP/1.1" 200 22359
[2026-09-22 22:52:11,219] INFO django.server basehttp: "GET /static/css/design-system.css?v=1790092330 HTTP/1.1" 200 7762
[2026-09-22 22:52:11,221] INFO django.server basehttp: "GET /static/css/app-shell.css?v=1790092330 HTTP/1.1" 200 34229
[2026-09-22 22:52:16,076] INFO django.server basehttp: "GET /dashboard/ HTTP/1.1" 200 9614
[2026-09-22 22:52:16,088] INFO django.server basehttp: "GET /static/css/app-shell.css?v=1790092336 HTTP/1.1" 200 34229
[2026-09-22 22:52:16,088] INFO django.server basehttp: "GET /static/css/design-system.css?v=1790092336 HTTP/1.1" 200 7762
[2026-09-22 22:52:17,787] INFO django.server basehttp: "GET /documents/ HTTP/1.1" 200 22359
[2026-09-22 22:52:17,798] INFO django.server basehttp: "GET /static/css/design-system.css?v=1790092337 HTTP/1.1" 200 7762
[2026-09-22 22:52:17,801] INFO django.server basehttp: "GET /static/css/app-shell.css?v=1790092337 HTTP/1.1" 200 34229
[2026-09-22 22:52:18,356] INFO django.server basehttp: "GET /dashboard/ HTTP/1.1" 200 9614
[2026-09-22 22:52:18,364] INFO django.server basehttp: "GET /static/css/design-system.css?v=1790092338 HTTP/1.1" 200 7762
[2026-09-22 22:52:18,367] INFO django.server basehttp: "GET /static/css/app-shell.css?v=1790092338 HTTP/1.1" 200 34229
[2026-09-22 22:52:21,029] INFO django.server basehttp: "GET / HTTP/1.1" 200 19007
[2026-09-22 22:52:21,038] INFO django.server basehttp: "GET /static/css/design-system.css?v=1790092340 HTTP/1.1" 200 7762
[2026-09-22 22:52:21,038] INFO django.server basehttp: "GET /static/css/home.css?v=1790092340 HTTP/1.1" 200 12902
[2026-09-22 22:52:23,770] INFO django.server basehttp: "GET /documents/ HTTP/1.1" 200 22359
[2026-09-22 22:52:23,805] INFO django.server basehttp: "GET /static/css/app-shell.css?v=1790092343 HTTP/1.1" 200 34229
[2026-09-22 22:52:23,806] INFO django.server basehttp: "GET /static/css/design-system.css?v=1790092343 HTTP/1.1" 200 7762
[2026-09-22 22:52:26,803] INFO django.server basehttp: "GET /dashboard/ HTTP/1.1" 200 9614
[2026-09-22 22:52:26,816] INFO django.server basehttp: "GET /static/css/design-system.css?v=1790092346 HTTP/1.1" 200 7762
[2026-09-22 22:52:26,817] INFO django.server basehttp: "GET /static/css/app-shell.css?v=1790092346 HTTP/1.1" 200 34229
[2026-09-22 22:52:28,955] INFO django.server basehttp: "GET /documents/ HTTP/1.1" 200 22359
[2026-09-22 22:52:28,965] INFO django.server basehttp: "GET /static/css/design-system.css?v=1790092348 HTTP/1.1" 200 7762
[2026-09-22 22:52:28,966] INFO django.server basehttp: "GET /static/css/app-shell.css?v=1790092348 HTTP/1.1" 200 34229
[2026-09-22 22:52:30,072] INFO django.server basehttp: "GET /dashboard/ HTTP/1.1" 200 9614
[2026-09-22 22:52:30,082] INFO django.server basehttp: "GET /static/css/app-shell.css?v=1790092350 HTTP/1.1" 200 34229
[2026-09-22 22:52:30,082] INFO django.server basehttp: "GET /static/css/design-system.css?v=1790092350 HTTP/1.1" 200 7762
[2026-09-22 22:54:02,820] INFO django.server basehttp: "GET /dashboard/ HTTP/1.1" 200 9614
[2026-09-22 22:54:02,830] INFO django.server basehttp: "GET /static/css/design-system.css?v=1790092442 HTTP/1.1" 200 7762
[2026-09-22 22:54:02,831] INFO django.server basehttp: "GET /static/css/app-shell.css?v=1790092442 HTTP/1.1" 200 34229
[2026-09-22 22:54:04,862] INFO django.server basehttp: "GET /dashboard/ HTTP/1.1" 200 9614
[2026-09-22 22:54:04,874] INFO django.server basehttp: "GET /static/css/design-system.css?v=1790092444 HTTP/1.1" 200 7762
[2026-09-22 22:54:04,874] INFO django.server basehttp: "GET /static/css/app-shell.css?v=1790092444 HTTP/1.1" 200 34229
[2026-09-22 22:54:06,523] INFO django.server basehttp: "GET / HTTP/1.1" 200 19007
[2026-09-22 22:54:06,534] INFO django.server basehttp: "GET /static/css/design-system.css?v=1790092446 HTTP/1.1" 200 7762
[2026-09-22 22:54:06,535] INFO django.server basehttp: "GET /static/css/home.css?v=1790092446 HTTP/1.1" 200 12902
[2026-09-22 22:54:08,866] INFO django.server basehttp: "GET /documents/ HTTP/1.1" 200 22359
[2026-09-22 22:54:08,901] INFO django.server basehttp: "GET /static/css/design-system.css?v=1790092448 HTTP/1.1" 200 7762
[2026-09-22 22:54:08,903] INFO django.server basehttp: "GET /static/css/app-shell.css?v=1790092448 HTTP/1.1" 200 34229
[2026-09-22 22:54:13,182] INFO django.server basehttp: "GET /dashboard/ HTTP/1.1" 200 9614
[2026-09-22 22:54:13,190] INFO django.server basehttp: "GET /static/css/design-system.css?v=1790092453 HTTP/1.1" 200 7762
[2026-09-22 22:54:13,191] INFO django.server basehttp: "GET /static/css/app-shell.css?v=1790092453 HTTP/1.1" 200 34229
[2026-09-22 22:54:14,657] INFO django.server basehttp: "GET /employees/ HTTP/1.1" 200 5032
[2026-09-22 22:54:14,666] INFO django.server basehttp: "GET /static/css/design-system.css?v=1790092454 HTTP/1.1" 200 7762
[2026-09-22 22:54:14,667] INFO django.server basehttp: "GET /static/css/app-shell.css?v=1790092454 HTTP/1.1" 200 34229
[2026-09-22 22:54:16,561] INFO django.server basehttp: "GET /certificates/ HTTP/1.1" 200 4950
[2026-09-22 22:54:16,570] INFO django.server basehttp: "GET /static/css/design-system.css?v=1790092456 HTTP/1.1" 200 7762
[2026-09-22 22:54:16,570] INFO django.server basehttp: "GET /static/css/app-shell.css?v=1790092456 HTTP/1.1" 200 34229
[2026-09-22 22:54:18,101] INFO django.server basehttp: "GET /monitoring/ HTTP/1.1" 200 4980
[2026-09-22 22:54:18,112] INFO django.server basehttp: "GET /static/css/app-shell.css?v=1790092458 HTTP/1.1" 200 34229
[2026-09-22 22:54:18,112] INFO django.server basehttp: "GET /static/css/design-system.css?v=1790092458 HTTP/1.1" 200 7762
[2026-09-22 22:54:19,089] INFO django.server basehttp: "GET /certificates/ HTTP/1.1" 200 4950
[2026-09-22 22:54:19,099] INFO django.server basehttp: "GET /static/css/design-system.css?v=1790092459 HTTP/1.1" 200 7762
[2026-09-22 22:54:19,100] INFO django.server basehttp: "GET /static/css/app-shell.css?v=1790092459 HTTP/1.1" 200 34229
[2026-09-22 22:54:19,709] INFO django.server basehttp: "GET /employees/ HTTP/1.1" 200 5032
[2026-09-22 22:54:20,051] INFO django.server basehttp: "GET /certificates/ HTTP/1.1" 200 4950
[2026-09-22 22:54:20,064] INFO django.server basehttp: "GET /static/css/design-system.css?v=1790092460 HTTP/1.1" 200 7762
[2026-09-22 22:54:20,065] INFO django.server basehttp: "GET /static/css/app-shell.css?v=1790092460 HTTP/1.1" 200 34229
[2026-09-22 22:54:21,202] INFO django.server basehttp: "GET /dashboard/ HTTP/1.1" 200 9614
[2026-09-22 22:54:21,213] INFO django.server basehttp: "GET /static/css/design-system.css?v=1790092461 HTTP/1.1" 200 7762
[2026-09-22 22:54:21,213] INFO django.server basehttp: "GET /static/css/app-shell.css?v=1790092461 HTTP/1.1" 200 34229
[2026-09-22 22:55:15,824] INFO django.server basehttp: "HEAD / HTTP/1.1" 200 0
[2026-09-22 22:55:16,183] INFO django.server basehttp: "GET / HTTP/1.1" 200 18668
[2026-09-22 22:55:16,199] INFO django.server basehttp: "GET /static/css/design-system.css?v=1790092516 HTTP/1.1" 200 7762
[2026-09-22 22:55:16,204] INFO django.server basehttp: "GET /static/css/home.css?v=1790092516 HTTP/1.1" 200 12902
[2026-09-22 22:55:16,206] INFO django.server basehttp: "GET /static/img/standards/egat-no5.png HTTP/1.1" 304 0
[2026-09-22 22:55:16,207] INFO django.server basehttp: "GET /static/img/standards/tisi.png HTTP/1.1" 304 0
[2026-09-22 22:55:16,209] INFO django.server basehttp: "GET /static/img/standards/ahri.png HTTP/1.1" 304 0
[2026-09-22 22:55:16,210] INFO django.server basehttp: "GET /static/img/standards/ilac-nsc.png HTTP/1.1" 304 0
[2026-09-22 22:55:16,213] INFO django.server basehttp: "GET /media/hero/Gemini_Generated_Image.jpg HTTP/1.1" 304 0
[2026-09-22 22:55:16,215] INFO django.server basehttp: "GET /media/modules/Doc.gif HTTP/1.1" 304 0
[2026-09-22 22:55:16,217] INFO django.server basehttp: "GET /media/modules/Manpower.gif HTTP/1.1" 304 0
[2026-09-22 22:55:16,219] INFO django.server basehttp: "GET /media/modules/Cer.gif HTTP/1.1" 304 0
[2026-09-22 22:55:16,222] INFO django.server basehttp: "GET /media/modules/Analytics.gif HTTP/1.1" 304 0
[2026-09-22 22:55:16,223] INFO django.server basehttp: "GET /media/modules/Happy.gif HTTP/1.1" 304 0
[2026-09-22 22:55:16,224] INFO django.server basehttp: "GET /media/modules/Tool2.gif HTTP/1.1" 304 0
[2026-09-22 22:55:16,252] WARNING django.server basehttp: "GET /favicon.ico HTTP/1.1" 404 6188
[2026-09-22 22:55:26,921] INFO django.server basehttp: "GET /login/ HTTP/1.1" 200 4891
[2026-09-22 22:55:26,938] INFO django.server basehttp: "GET /static/css/design-system.css?v=1790092526 HTTP/1.1" 200 7762
[2026-09-22 22:55:26,938] INFO django.server basehttp: "GET /static/css/home.css?v=1790092526 HTTP/1.1" 200 12902
[2026-09-22 22:55:26,964] WARNING django.server basehttp: "GET /favicon.ico HTTP/1.1" 404 6188
[2026-09-22 22:55:35,287] INFO django.server basehttp: "POST /login/ HTTP/1.1" 302 0
[2026-09-22 22:55:35,351] INFO django.server basehttp: "GET /documents/ HTTP/1.1" 200 22522
[2026-09-22 22:55:35,369] INFO django.server basehttp: "GET /static/css/design-system.css?v=1790092535 HTTP/1.1" 200 7762
[2026-09-22 22:55:35,370] INFO django.server basehttp: "GET /static/css/app-shell.css?v=1790092535 HTTP/1.1" 200 34229
[2026-09-22 22:55:35,401] WARNING django.server basehttp: "GET /favicon.ico HTTP/1.1" 404 6188
[2026-09-22 22:55:37,900] INFO django.server basehttp: "GET /datasources/connections/new/ HTTP/1.1" 200 7688
[2026-09-22 22:55:37,916] INFO django.server basehttp: "GET /static/js/datasources_connection_form.js?v=1790092537 HTTP/1.1" 200 1892
[2026-09-22 22:55:37,917] INFO django.server basehttp: "GET /static/css/design-system.css?v=1790092537 HTTP/1.1" 200 7762
[2026-09-22 22:55:37,918] INFO django.server basehttp: "GET /static/css/app-shell.css?v=1790092537 HTTP/1.1" 200 34229
[2026-09-22 22:55:37,941] WARNING django.server basehttp: "GET /favicon.ico HTTP/1.1" 404 6188
[2026-09-22 22:55:46,646] INFO django.server basehttp: "GET /dashboard/ HTTP/1.1" 200 9838
[2026-09-22 22:55:46,657] INFO django.server basehttp: "GET /static/css/design-system.css?v=1790092546 HTTP/1.1" 200 7762
[2026-09-22 22:55:46,660] INFO django.server basehttp: "GET /static/css/app-shell.css?v=1790092546 HTTP/1.1" 200 34229
[2026-09-22 22:55:48,855] INFO django.server basehttp: "GET /datasources/connections/ HTTP/1.1" 200 5525
[2026-09-22 22:55:48,867] INFO django.server basehttp: "GET /static/css/design-system.css?v=1790092548 HTTP/1.1" 200 7762
[2026-09-22 22:55:48,867] INFO django.server basehttp: "GET /static/css/app-shell.css?v=1790092548 HTTP/1.1" 200 34229
[2026-09-22 22:55:52,005] INFO django.server basehttp: "GET /datasources/connections/new/ HTTP/1.1" 200 7683
[2026-09-22 22:55:52,015] INFO django.server basehttp: "GET /static/css/design-system.css?v=1790092552 HTTP/1.1" 200 7762
[2026-09-22 22:55:52,017] INFO django.server basehttp: "GET /static/css/app-shell.css?v=1790092552 HTTP/1.1" 200 34229
[2026-09-22 22:55:52,018] INFO django.server basehttp: "GET /static/js/datasources_connection_form.js?v=1790092552 HTTP/1.1" 200 1892
[2026-09-22 22:56:05,617] INFO django.server basehttp: "GET /datasources/connections/ HTTP/1.1" 200 5525
[2026-09-22 22:56:05,628] INFO django.server basehttp: "GET /static/css/design-system.css?v=1790092565 HTTP/1.1" 200 7762
[2026-09-22 22:56:05,629] INFO django.server basehttp: "GET /static/css/app-shell.css?v=1790092565 HTTP/1.1" 200 34229
[2026-09-22 22:56:24,607] INFO django.server basehttp: "POST /datasources/connections/test/ HTTP/1.1" 200 706
[2026-09-22 22:56:43,122] INFO django.server basehttp: "POST /datasources/connections/new/ HTTP/1.1" 302 0
[2026-09-22 22:56:43,305] INFO django.server basehttp: "GET /datasources/connections/ HTTP/1.1" 200 6185
[2026-09-22 22:56:43,380] INFO django.server basehttp: "GET /static/css/design-system.css?v=1790092603 HTTP/1.1" 200 7762
[2026-09-22 22:56:43,380] INFO django.server basehttp: "GET /static/css/app-shell.css?v=1790092603 HTTP/1.1" 200 34229
[2026-09-22 22:56:43,856] WARNING django.server basehttp: "GET /favicon.ico HTTP/1.1" 404 6188
[2026-09-22 22:56:55,296] INFO django.server basehttp: "GET /datasources/browse/ HTTP/1.1" 200 5721
[2026-09-22 22:56:55,310] INFO django.server basehttp: "GET /static/js/datasources_browse.js?v=1790092615 HTTP/1.1" 200 4406
[2026-09-22 22:56:55,311] INFO django.server basehttp: "GET /static/css/design-system.css?v=1790092615 HTTP/1.1" 200 7762
[2026-09-22 22:56:55,312] INFO django.server basehttp: "GET /static/css/app-shell.css?v=1790092615 HTTP/1.1" 200 34229
[2026-09-22 22:56:55,330] INFO django.server basehttp: "GET /datasources/browse/tables/?source=sqlite HTTP/1.1" 200 951
[2026-09-22 22:56:55,341] WARNING django.server basehttp: "GET /favicon.ico HTTP/1.1" 404 6188
[2026-09-22 22:57:06,023] INFO django.server basehttp: "GET /datasources/browse/data/?source=sqlite&table=core_moduledefinition HTTP/1.1" 200 3441
[2026-09-22 22:57:27,420] INFO django.server basehttp: "GET /datasources/connections/ HTTP/1.1" 200 5525
[2026-09-22 22:57:27,436] INFO django.server basehttp: "GET /static/css/design-system.css?v=1790092647 HTTP/1.1" 200 7762
[2026-09-22 22:57:27,437] INFO django.server basehttp: "GET /static/css/app-shell.css?v=1790092647 HTTP/1.1" 200 34229
[2026-09-22 22:57:29,879] INFO django.server basehttp: "GET /datasources/connections/new/ HTTP/1.1" 200 7683
[2026-09-22 22:57:29,894] INFO django.server basehttp: "GET /static/css/design-system.css?v=1790092649 HTTP/1.1" 200 7762
[2026-09-22 22:57:29,895] INFO django.server basehttp: "GET /static/js/datasources_connection_form.js?v=1790092649 HTTP/1.1" 200 1892
[2026-09-22 22:57:29,895] INFO django.server basehttp: "GET /static/css/app-shell.css?v=1790092649 HTTP/1.1" 200 34229
[2026-09-22 22:57:32,041] INFO django.server basehttp: "GET / HTTP/1.1" 200 19007
[2026-09-22 22:57:32,060] INFO django.server basehttp: "GET /static/css/home.css?v=1790092652 HTTP/1.1" 200 12902
[2026-09-22 22:57:32,060] INFO django.server basehttp: "GET /static/css/design-system.css?v=1790092652 HTTP/1.1" 200 7762
[2026-09-22 22:58:12,525] INFO django.server basehttp: "GET /documents/ HTTP/1.1" 200 22517
[2026-09-22 22:58:12,552] INFO django.server basehttp: "GET /static/css/design-system.css?v=1790092692 HTTP/1.1" 200 7762
[2026-09-22 22:58:12,553] INFO django.server basehttp: "GET /static/css/app-shell.css?v=1790092692 HTTP/1.1" 200 34229
[2026-09-22 22:58:13,888] INFO django.server basehttp: "GET /datasources/connections/ HTTP/1.1" 200 5525
[2026-09-22 22:58:13,903] INFO django.server basehttp: "GET /static/css/design-system.css?v=1790092693 HTTP/1.1" 200 7762
[2026-09-22 22:58:13,906] INFO django.server basehttp: "GET /static/css/app-shell.css?v=1790092693 HTTP/1.1" 200 34229
[2026-09-22 22:59:43,284] INFO django.server basehttp: "GET /datasources/connections/ HTTP/1.1" 200 5525
[2026-09-22 22:59:43,340] INFO django.server basehttp: "GET /static/css/design-system.css?v=1790092783 HTTP/1.1" 200 7762
[2026-09-22 22:59:43,342] INFO django.server basehttp: "GET /static/css/app-shell.css?v=1790092783 HTTP/1.1" 200 34229
[2026-09-22 22:59:45,746] INFO django.server basehttp: "GET / HTTP/1.1" 200 19007
[2026-09-22 22:59:45,775] INFO django.server basehttp: "GET /static/css/design-system.css?v=1790092785 HTTP/1.1" 200 7762
[2026-09-22 22:59:45,778] INFO django.server basehttp: "GET /static/css/home.css?v=1790092785 HTTP/1.1" 200 12902
[2026-09-22 22:59:47,845] INFO django.server basehttp: "GET /documents/ HTTP/1.1" 200 22517
[2026-09-22 22:59:47,892] INFO django.server basehttp: "GET /static/css/design-system.css?v=1790092787 HTTP/1.1" 200 7762
[2026-09-22 22:59:47,897] INFO django.server basehttp: "GET /static/css/app-shell.css?v=1790092787 HTTP/1.1" 200 34229
[2026-09-22 22:59:49,554] INFO django.server basehttp: "GET /datasources/connections/ HTTP/1.1" 200 5525
[2026-09-22 22:59:49,567] INFO django.server basehttp: "GET /static/css/design-system.css?v=1790092789 HTTP/1.1" 200 7762
[2026-09-22 22:59:49,568] INFO django.server basehttp: "GET /static/css/app-shell.css?v=1790092789 HTTP/1.1" 200 34229
[2026-09-22 22:59:51,864] INFO django.server basehttp: "GET /datasources/connections/new/ HTTP/1.1" 200 7683
[2026-09-22 22:59:51,884] INFO django.server basehttp: "GET /static/css/design-system.css?v=1790092791 HTTP/1.1" 200 7762
[2026-09-22 22:59:51,885] INFO django.server basehttp: "GET /static/js/datasources_connection_form.js?v=1790092791 HTTP/1.1" 200 1892
[2026-09-22 22:59:51,886] INFO django.server basehttp: "GET /static/css/app-shell.css?v=1790092791 HTTP/1.1" 200 34229
[2026-09-22 22:59:57,914] INFO django.server basehttp: "GET / HTTP/1.1" 200 19007
[2026-09-22 22:59:57,927] INFO django.server basehttp: "GET /static/css/design-system.css?v=1790092797 HTTP/1.1" 200 7762
[2026-09-22 22:59:57,928] INFO django.server basehttp: "GET /static/css/home.css?v=1790092797 HTTP/1.1" 200 12902
[2026-09-22 23:00:05,157] INFO django.server basehttp: "GET /documents/ HTTP/1.1" 200 22517
[2026-09-22 23:00:05,192] INFO django.server basehttp: "GET /static/css/design-system.css?v=1790092805 HTTP/1.1" 200 7762
[2026-09-22 23:00:05,193] INFO django.server basehttp: "GET /static/css/app-shell.css?v=1790092805 HTTP/1.1" 200 34229
[2026-09-22 23:00:10,974] INFO django.server basehttp: "GET / HTTP/1.1" 200 19007
[2026-09-22 23:00:10,984] INFO django.server basehttp: "GET /static/css/home.css?v=1790092810 HTTP/1.1" 200 12902
[2026-09-22 23:00:10,984] INFO django.server basehttp: "GET /static/css/design-system.css?v=1790092810 HTTP/1.1" 200 7762
[2026-09-22 23:00:13,550] INFO django.server basehttp: "GET /documents/ HTTP/1.1" 200 22517
[2026-09-22 23:00:13,634] INFO django.server basehttp: "GET /static/css/design-system.css?v=1790092813 HTTP/1.1" 200 7762
[2026-09-22 23:00:13,640] INFO django.server basehttp: "GET /static/css/app-shell.css?v=1790092813 HTTP/1.1" 200 34229
[2026-09-22 23:00:15,041] INFO django.server basehttp: "GET /dashboard/ HTTP/1.1" 200 9827
[2026-09-22 23:00:15,055] INFO django.server basehttp: "GET /static/css/app-shell.css?v=1790092815 HTTP/1.1" 200 34229
[2026-09-22 23:00:15,055] INFO django.server basehttp: "GET /static/css/design-system.css?v=1790092815 HTTP/1.1" 200 7762
[2026-09-22 23:00:23,830] INFO django.server basehttp: "HEAD / HTTP/1.1" 200 0
[2026-09-22 23:00:24,195] INFO django.server basehttp: "GET / HTTP/1.1" 200 18668
[2026-09-22 23:00:24,215] INFO django.server basehttp: "GET /static/css/design-system.css?v=1790092824 HTTP/1.1" 200 7762
[2026-09-22 23:00:24,218] INFO django.server basehttp: "GET /static/css/home.css?v=1790092824 HTTP/1.1" 200 12902
[2026-09-22 23:00:24,261] WARNING django.server basehttp: "GET /favicon.ico HTTP/1.1" 404 6188
[2026-09-22 23:00:28,383] INFO django.server basehttp: "GET / HTTP/1.1" 200 18668
[2026-09-22 23:00:28,670] INFO django.server basehttp: "GET /datasources/browse/ HTTP/1.1" 302 0
[2026-09-22 23:00:35,945] INFO django.server basehttp: "GET /dashboard/ HTTP/1.1" 200 9827
[2026-09-22 23:00:35,960] INFO django.server basehttp: "GET /static/css/design-system.css?v=1790092835 HTTP/1.1" 200 7762
[2026-09-22 23:00:35,961] INFO django.server basehttp: "GET /static/css/app-shell.css?v=1790092835 HTTP/1.1" 200 34229
[2026-09-22 23:00:37,060] INFO django.server basehttp: "GET /datasources/connections/ HTTP/1.1" 200 5525
[2026-09-22 23:00:37,070] INFO django.server basehttp: "GET /static/css/design-system.css?v=1790092837 HTTP/1.1" 200 7762
[2026-09-22 23:00:37,071] INFO django.server basehttp: "GET /static/css/app-shell.css?v=1790092837 HTTP/1.1" 200 34229
[2026-09-22 23:00:38,407] INFO django.server basehttp: "GET /datasources/connections/new/ HTTP/1.1" 200 7683
[2026-09-22 23:00:38,421] INFO django.server basehttp: "GET /static/css/design-system.css?v=1790092838 HTTP/1.1" 200 7762
[2026-09-22 23:00:38,422] INFO django.server basehttp: "GET /static/js/datasources_connection_form.js?v=1790092838 HTTP/1.1" 200 1892
[2026-09-22 23:00:38,422] INFO django.server basehttp: "GET /static/css/app-shell.css?v=1790092838 HTTP/1.1" 200 34229
[2026-09-22 23:00:42,913] INFO django.server basehttp: "POST /datasources/connections/test/ HTTP/1.1" 200 117
[2026-09-22 23:00:44,270] INFO django.server basehttp: "GET /datasources/connections/ HTTP/1.1" 200 5525
[2026-09-22 23:00:44,285] INFO django.server basehttp: "GET /static/css/design-system.css?v=1790092844 HTTP/1.1" 200 7762
[2026-09-22 23:00:44,285] INFO django.server basehttp: "GET /static/css/app-shell.css?v=1790092844 HTTP/1.1" 200 34229
[2026-09-23 08:05:03,856] INFO django.server basehttp: "GET / HTTP/1.1" 200 18668
[2026-09-23 08:05:03,967] INFO django.server basehttp: "HEAD / HTTP/1.1" 200 0
[2026-09-23 08:05:04,010] INFO django.server basehttp: "GET / HTTP/1.1" 200 18668
[2026-09-23 08:05:04,035] INFO django.server basehttp: "GET /static/css/design-system.css?v=1790125503 HTTP/1.1" 200 7762
[2026-09-23 08:05:04,036] INFO django.server basehttp: "GET /static/css/home.css?v=1790125503 HTTP/1.1" 200 12902
[2026-09-23 08:05:04,043] INFO django.server basehttp: - Broken pipe from ('127.0.0.1', 49938)
[2026-09-23 08:05:04,045] INFO django.server basehttp: "GET /static/css/design-system.css?v=1790125503 HTTP/1.1" 200 7762
[2026-09-23 08:05:04,050] INFO django.server basehttp: "GET /static/img/standards/egat-no5.png HTTP/1.1" 200 209103
[2026-09-23 08:05:04,054] INFO django.server basehttp: "GET /static/img/standards/tisi.png HTTP/1.1" 200 3253
[2026-09-23 08:05:04,058] INFO django.server basehttp: "GET /static/img/standards/ahri.png HTTP/1.1" 200 6411
[2026-09-23 08:05:04,064] INFO django.server basehttp: "GET /static/img/standards/ilac-nsc.png HTTP/1.1" 200 102245
[2026-09-23 08:05:04,349] INFO django.server basehttp: "GET /media/modules/Doc.gif HTTP/1.1" 200 612325
[2026-09-23 08:05:04,361] INFO django.server basehttp: "GET /media/hero/Gemini_Generated_Image.jpg HTTP/1.1" 200 706885
[2026-09-23 08:05:04,656] INFO django.server basehttp: "GET /media/modules/Manpower.gif HTTP/1.1" 200 1057848
[2026-09-23 08:05:04,656] INFO django.server basehttp: "GET /media/modules/Cer.gif HTTP/1.1" 200 981912
[2026-09-23 08:05:04,675] INFO django.server basehttp: "GET /media/modules/Analytics.gif HTTP/1.1" 200 402398
[2026-09-23 08:05:04,681] INFO django.server basehttp: "GET /media/modules/Tool2.gif HTTP/1.1" 200 1207035
[2026-09-23 08:05:05,687] INFO django.server basehttp: "GET /media/modules/Happy.gif HTTP/1.1" 200 1609450
[2026-09-23 08:05:06,021] WARNING django.server basehttp: "GET /favicon.ico HTTP/1.1" 404 6188
[2026-09-23 08:05:11,116] INFO django.server basehttp: "GET /login/ HTTP/1.1" 200 4891
[2026-09-23 08:05:11,129] INFO django.server basehttp: "GET /static/css/design-system.css?v=1790125511 HTTP/1.1" 200 7762
[2026-09-23 08:05:11,130] INFO django.server basehttp: "GET /static/css/home.css?v=1790125511 HTTP/1.1" 200 12902
[2026-09-23 08:05:11,168] WARNING django.server basehttp: "GET /favicon.ico HTTP/1.1" 404 6188
[2026-09-23 08:09:25,210] INFO django.server basehttp: "GET / HTTP/1.1" 200 18668
[2026-09-23 08:09:25,641] INFO django.server basehttp: "GET /static/css/design-system.css?v=1790125765 HTTP/1.1" 200 7762
[2026-09-23 08:09:25,641] INFO django.server basehttp: "GET /static/css/home.css?v=1790125765 HTTP/1.1" 200 12902
[2026-09-23 08:09:25,645] INFO django.server basehttp: "GET /static/img/standards/tisi.png HTTP/1.1" 200 3253
[2026-09-23 08:09:25,646] INFO django.server basehttp: "GET /static/img/standards/egat-no5.png HTTP/1.1" 200 209103
[2026-09-23 08:09:25,652] INFO django.server basehttp: "GET /static/img/standards/ahri.png HTTP/1.1" 200 6411
[2026-09-23 08:09:25,657] INFO django.server basehttp: "GET /static/img/standards/ilac-nsc.png HTTP/1.1" 200 102245
[2026-09-23 08:09:25,679] INFO django.server basehttp: "GET /media/modules/Analytics.gif HTTP/1.1" 200 402398
[2026-09-23 08:09:25,690] INFO django.server basehttp: "GET /media/modules/Cer.gif HTTP/1.1" 200 981912
[2026-09-23 08:09:25,691] INFO django.server basehttp: "GET /media/modules/Manpower.gif HTTP/1.1" 200 1057848
[2026-09-23 08:09:25,693] INFO django.server basehttp: "GET /media/modules/Doc.gif HTTP/1.1" 200 612325
[2026-09-23 08:09:25,696] INFO django.server basehttp: "GET /media/hero/Gemini_Generated_Image.jpg HTTP/1.1" 200 706885
[2026-09-23 08:09:25,715] INFO django.server basehttp: "GET /media/modules/Happy.gif HTTP/1.1" 200 1609450
[2026-09-23 08:09:25,721] INFO django.server basehttp: "GET /media/modules/Tool2.gif HTTP/1.1" 200 1207035
[2026-09-23 08:09:26,141] WARNING django.server basehttp: "GET /favicon.ico HTTP/1.1" 404 6188
[2026-09-23 08:09:38,039] INFO django.server basehttp: "GET /media/about/Policy.jpg HTTP/1.1" 200 160627
[2026-09-23 08:09:51,899] INFO django.server basehttp: "GET /utilities/ HTTP/1.1" 200 11731
[2026-09-23 08:09:51,922] INFO django.server basehttp: "GET /static/css/design-system.css?v=1790125791 HTTP/1.1" 200 7762
[2026-09-23 08:09:51,924] INFO django.server basehttp: "GET /static/css/app-shell.css?v=1790125791 HTTP/1.1" 200 34229
[2026-09-23 08:09:56,662] INFO django.server basehttp: "GET /login/ HTTP/1.1" 200 4891
[2026-09-23 08:09:56,685] INFO django.server basehttp: "GET /static/css/design-system.css?v=1790125796 HTTP/1.1" 200 7762
[2026-09-23 08:09:56,685] INFO django.server basehttp: "GET /static/css/home.css?v=1790125796 HTTP/1.1" 200 12902
[2026-09-23 08:10:07,483] INFO django.server basehttp: "POST /login/ HTTP/1.1" 302 0
[2026-09-23 08:10:07,547] INFO django.server basehttp: "GET /documents/ HTTP/1.1" 200 22517
[2026-09-23 08:10:07,574] INFO django.server basehttp: "GET /static/css/design-system.css?v=1790125807 HTTP/1.1" 200 7762
[2026-09-23 08:10:07,574] INFO django.server basehttp: "GET /static/css/app-shell.css?v=1790125807 HTTP/1.1" 200 34229
[2026-09-23 08:11:24,717] INFO django.server basehttp: "GET /dashboard/ HTTP/1.1" 200 9805
[2026-09-23 08:11:24,744] INFO django.server basehttp: "GET /static/css/design-system.css?v=1790125884 HTTP/1.1" 200 7762
[2026-09-23 08:11:24,744] INFO django.server basehttp: "GET /static/css/app-shell.css?v=1790125884 HTTP/1.1" 200 34229
[2026-09-23 08:11:28,724] INFO django.server basehttp: "GET / HTTP/1.1" 200 19007
[2026-09-23 08:11:28,757] INFO django.server basehttp: "GET /static/img/standards/egat-no5.png HTTP/1.1" 304 0
[2026-09-23 08:11:28,758] INFO django.server basehttp: "GET /static/img/standards/ahri.png HTTP/1.1" 304 0
[2026-09-23 08:11:28,758] INFO django.server basehttp: "GET /static/img/standards/tisi.png HTTP/1.1" 304 0
[2026-09-23 08:11:28,758] INFO django.server basehttp: "GET /static/img/standards/ilac-nsc.png HTTP/1.1" 304 0
[2026-09-23 08:11:28,759] INFO django.server basehttp: "GET /static/css/home.css?v=1790125888 HTTP/1.1" 200 12902
[2026-09-23 08:11:28,759] INFO django.server basehttp: "GET /static/css/design-system.css?v=1790125888 HTTP/1.1" 200 7762
[2026-09-23 08:11:28,765] INFO django.server basehttp: "GET /media/modules/Cer.gif HTTP/1.1" 304 0
[2026-09-23 08:11:28,765] INFO django.server basehttp: "GET /media/modules/Manpower.gif HTTP/1.1" 304 0
[2026-09-23 08:11:28,766] INFO django.server basehttp: "GET /media/modules/Analytics.gif HTTP/1.1" 304 0
[2026-09-23 08:11:28,766] INFO django.server basehttp: "GET /media/about/Policy.jpg HTTP/1.1" 304 0
[2026-09-23 08:11:28,766] INFO django.server basehttp: "GET /media/hero/Gemini_Generated_Image.jpg HTTP/1.1" 304 0
[2026-09-23 08:11:28,766] INFO django.server basehttp: "GET /media/modules/Doc.gif HTTP/1.1" 304 0
[2026-09-23 08:11:28,769] INFO django.server basehttp: "GET /media/modules/Tool2.gif HTTP/1.1" 304 0
[2026-09-23 08:11:28,769] INFO django.server basehttp: "GET /media/modules/Happy.gif HTTP/1.1" 304 0
[2026-09-23 08:11:37,303] INFO django.server basehttp: "GET /documents/ HTTP/1.1" 200 22517
[2026-09-23 08:11:37,353] INFO django.server basehttp: "GET /static/css/design-system.css?v=1790125897 HTTP/1.1" 200 7762
[2026-09-23 08:11:37,353] INFO django.server basehttp: "GET /static/css/app-shell.css?v=1790125897 HTTP/1.1" 200 34229
[2026-09-23 08:11:39,892] INFO django.server basehttp: "GET /accounts/users/ HTTP/1.1" 200 7209
[2026-09-23 08:11:39,919] INFO django.server basehttp: "GET /static/css/design-system.css?v=1790125899 HTTP/1.1" 200 7762
[2026-09-23 08:11:39,919] INFO django.server basehttp: "GET /static/css/app-shell.css?v=1790125899 HTTP/1.1" 200 34229
[2026-09-23 08:11:41,705] INFO django.server basehttp: "GET /accounts/users/new/ HTTP/1.1" 200 17946
[2026-09-23 08:11:41,735] INFO django.server basehttp: "GET /static/css/design-system.css?v=1790125901 HTTP/1.1" 200 7762
[2026-09-23 08:11:41,735] INFO django.server basehttp: "GET /static/css/app-shell.css?v=1790125901 HTTP/1.1" 200 34229
[2026-09-23 08:12:30,425] INFO django.server basehttp: "POST /accounts/users/new/ HTTP/1.1" 302 0
[2026-09-23 08:12:30,440] INFO django.server basehttp: "GET /accounts/users/ HTTP/1.1" 200 8724
[2026-09-23 08:12:30,470] INFO django.server basehttp: "GET /static/css/design-system.css?v=1790125950 HTTP/1.1" 200 7762
[2026-09-23 08:12:30,470] INFO django.server basehttp: "GET /static/css/app-shell.css?v=1790125950 HTTP/1.1" 200 34229
[2026-09-23 08:12:34,568] INFO django.server basehttp: "POST /logout/ HTTP/1.1" 302 0
[2026-09-23 08:12:34,613] INFO django.server basehttp: "GET / HTTP/1.1" 200 18668
[2026-09-23 08:12:34,646] INFO django.server basehttp: "GET /static/img/standards/egat-no5.png HTTP/1.1" 304 0
[2026-09-23 08:12:34,646] INFO django.server basehttp: "GET /static/img/standards/ahri.png HTTP/1.1" 304 0
[2026-09-23 08:12:34,647] INFO django.server basehttp: "GET /static/img/standards/tisi.png HTTP/1.1" 304 0
[2026-09-23 08:12:34,647] INFO django.server basehttp: "GET /static/img/standards/ilac-nsc.png HTTP/1.1" 304 0
[2026-09-23 08:12:34,648] INFO django.server basehttp: "GET /static/css/home.css?v=1790125954 HTTP/1.1" 200 12902
[2026-09-23 08:12:34,648] INFO django.server basehttp: "GET /static/css/design-system.css?v=1790125954 HTTP/1.1" 200 7762
[2026-09-23 08:12:34,650] INFO django.server basehttp: "GET /media/about/Policy.jpg HTTP/1.1" 304 0
[2026-09-23 08:12:34,654] INFO django.server basehttp: "GET /media/modules/Manpower.gif HTTP/1.1" 304 0
[2026-09-23 08:12:34,654] INFO django.server basehttp: "GET /media/modules/Happy.gif HTTP/1.1" 304 0
[2026-09-23 08:12:34,658] INFO django.server basehttp: "GET /media/modules/Cer.gif HTTP/1.1" 304 0
[2026-09-23 08:12:34,658] INFO django.server basehttp: "GET /media/hero/Gemini_Generated_Image.jpg HTTP/1.1" 304 0
[2026-09-23 08:12:34,658] INFO django.server basehttp: "GET /media/modules/Doc.gif HTTP/1.1" 304 0
[2026-09-23 08:12:34,658] INFO django.server basehttp: "GET /media/modules/Analytics.gif HTTP/1.1" 304 0
[2026-09-23 08:12:34,660] INFO django.server basehttp: "GET /media/modules/Tool2.gif HTTP/1.1" 304 0
[2026-09-23 08:12:37,575] INFO django.server basehttp: "GET /login/ HTTP/1.1" 200 5030
[2026-09-23 08:12:37,605] INFO django.server basehttp: "GET /static/css/design-system.css?v=1790125957 HTTP/1.1" 200 7762
[2026-09-23 08:12:37,606] INFO django.server basehttp: "GET /static/css/home.css?v=1790125957 HTTP/1.1" 200 12902
[2026-09-23 08:12:42,569] INFO django.server basehttp: "POST /login/ HTTP/1.1" 302 0
[2026-09-23 08:12:42,628] INFO django.server basehttp: "GET /documents/ HTTP/1.1" 200 20488
[2026-09-23 08:12:42,659] INFO django.server basehttp: "GET /static/css/design-system.css?v=1790125962 HTTP/1.1" 200 7762
[2026-09-23 08:12:42,662] INFO django.server basehttp: "GET /static/css/app-shell.css?v=1790125962 HTTP/1.1" 200 34229
[2026-09-23 08:12:48,008] INFO django.server basehttp: "GET / HTTP/1.1" 200 19006
[2026-09-23 08:12:48,037] INFO django.server basehttp: "GET /static/css/design-system.css?v=1790125967 HTTP/1.1" 200 7762
[2026-09-23 08:12:48,038] INFO django.server basehttp: "GET /static/css/home.css?v=1790125967 HTTP/1.1" 200 12902
[2026-09-23 08:13:01,571] INFO django.server basehttp: "POST /logout/ HTTP/1.1" 302 0
[2026-09-23 08:13:01,628] INFO django.server basehttp: "GET / HTTP/1.1" 200 18668
[2026-09-23 08:13:01,719] INFO django.server basehttp: "GET /static/css/home.css?v=1790125981 HTTP/1.1" 200 12902
[2026-09-23 08:13:01,720] INFO django.server basehttp: "GET /static/css/design-system.css?v=1790125981 HTTP/1.1" 200 7762
[2026-09-23 08:13:04,150] INFO django.server basehttp: "GET /login/ HTTP/1.1" 200 5030
[2026-09-23 08:13:04,189] INFO django.server basehttp: "GET /static/css/design-system.css?v=1790125984 HTTP/1.1" 200 7762
[2026-09-23 08:13:04,190] INFO django.server basehttp: "GET /static/css/home.css?v=1790125984 HTTP/1.1" 200 12902
[2026-09-23 08:13:16,841] INFO django.server basehttp: "POST /login/ HTTP/1.1" 302 0
[2026-09-23 08:13:16,897] INFO django.server basehttp: "GET /documents/ HTTP/1.1" 200 22517
[2026-09-23 08:13:16,931] INFO django.server basehttp: "GET /static/css/design-system.css?v=1790125996 HTTP/1.1" 200 7762
[2026-09-23 08:13:16,933] INFO django.server basehttp: "GET /static/css/app-shell.css?v=1790125996 HTTP/1.1" 200 34229
[2026-09-23 08:13:32,134] INFO django.server basehttp: "GET /dashboard/ HTTP/1.1" 200 9759
[2026-09-23 08:13:32,169] INFO django.server basehttp: "GET /static/css/design-system.css?v=1790126012 HTTP/1.1" 200 7762
[2026-09-23 08:13:32,170] INFO django.server basehttp: "GET /static/css/app-shell.css?v=1790126012 HTTP/1.1" 200 34229
[2026-09-23 08:13:52,451] INFO django.server basehttp: "GET / HTTP/1.1" 200 19007
[2026-09-23 08:13:52,483] INFO django.server basehttp: "GET /static/img/standards/egat-no5.png HTTP/1.1" 304 0
[2026-09-23 08:13:52,483] INFO django.server basehttp: "GET /static/img/standards/tisi.png HTTP/1.1" 304 0
[2026-09-23 08:13:52,484] INFO django.server basehttp: "GET /static/css/design-system.css?v=1790126032 HTTP/1.1" 200 7762
[2026-09-23 08:13:52,484] INFO django.server basehttp: "GET /static/img/standards/ahri.png HTTP/1.1" 304 0
[2026-09-23 08:13:52,484] INFO django.server basehttp: "GET /static/css/home.css?v=1790126032 HTTP/1.1" 200 12902
[2026-09-23 08:13:52,484] INFO django.server basehttp: "GET /static/img/standards/ilac-nsc.png HTTP/1.1" 304 0
[2026-09-23 08:13:52,490] INFO django.server basehttp: "GET /media/about/Policy.jpg HTTP/1.1" 304 0
[2026-09-23 08:13:52,490] INFO django.server basehttp: "GET /media/hero/Gemini_Generated_Image.jpg HTTP/1.1" 304 0
[2026-09-23 08:13:52,490] INFO django.server basehttp: "GET /media/modules/Doc.gif HTTP/1.1" 304 0
[2026-09-23 08:13:52,490] INFO django.server basehttp: "GET /media/modules/Manpower.gif HTTP/1.1" 304 0
[2026-09-23 08:13:52,491] INFO django.server basehttp: "GET /media/modules/Analytics.gif HTTP/1.1" 304 0
[2026-09-23 08:13:52,492] INFO django.server basehttp: "GET /media/modules/Cer.gif HTTP/1.1" 304 0
[2026-09-23 08:13:52,493] INFO django.server basehttp: "GET /media/modules/Happy.gif HTTP/1.1" 304 0
[2026-09-23 08:13:52,493] INFO django.server basehttp: "GET /media/modules/Tool2.gif HTTP/1.1" 304 0
[2026-09-23 08:14:52,618] INFO django.server basehttp: "GET /utilities/ HTTP/1.1" 200 13967
[2026-09-23 08:14:52,653] INFO django.server basehttp: "GET /static/css/design-system.css?v=1790126092 HTTP/1.1" 200 7762
[2026-09-23 08:14:52,654] INFO django.server basehttp: "GET /static/css/app-shell.css?v=1790126092 HTTP/1.1" 200 34229
[2026-09-23 08:14:54,871] INFO django.server basehttp: "GET /utilities/qr-code/ HTTP/1.1" 200 17196
[2026-09-23 08:14:54,896] INFO django.server basehttp: "GET /static/css/design-system.css?v=1790126094 HTTP/1.1" 200 7762
[2026-09-23 08:14:54,897] INFO django.server basehttp: "GET /static/css/app-shell.css?v=1790126094 HTTP/1.1" 200 34229
[2026-09-23 08:14:54,901] INFO django.server basehttp: "GET /static/js/tools_qr.js?v=1790126094 HTTP/1.1" 200 7106
[2026-09-23 08:14:59,602] INFO django.server basehttp: "GET /utilities/ HTTP/1.1" 200 13967
[2026-09-23 08:14:59,627] INFO django.server basehttp: "GET /static/css/design-system.css?v=1790126099 HTTP/1.1" 200 7762
[2026-09-23 08:14:59,627] INFO django.server basehttp: "GET /static/css/app-shell.css?v=1790126099 HTTP/1.1" 200 34229
[2026-09-23 08:15:00,707] INFO django.server basehttp: "GET /utilities/pdf-edit/ HTTP/1.1" 200 10305
[2026-09-23 08:15:00,735] INFO django.server basehttp: "GET /static/css/design-system.css?v=1790126100 HTTP/1.1" 200 7762
[2026-09-23 08:15:00,736] INFO django.server basehttp: "GET /static/css/app-shell.css?v=1790126100 HTTP/1.1" 200 34229
[2026-09-23 08:15:01,741] INFO django.server basehttp: "GET /utilities/ HTTP/1.1" 200 13967
[2026-09-23 08:15:01,766] INFO django.server basehttp: "GET /static/css/design-system.css?v=1790126101 HTTP/1.1" 200 7762
[2026-09-23 08:15:01,766] INFO django.server basehttp: "GET /static/css/app-shell.css?v=1790126101 HTTP/1.1" 200 34229
[2026-09-23 08:15:02,697] INFO django.server basehttp: "GET /utilities/document-converter/ HTTP/1.1" 200 7619
[2026-09-23 08:15:02,722] INFO django.server basehttp: "GET /static/css/design-system.css?v=1790126102 HTTP/1.1" 200 7762
[2026-09-23 08:15:02,723] INFO django.server basehttp: "GET /static/css/app-shell.css?v=1790126102 HTTP/1.1" 200 34229
[2026-09-23 08:15:03,522] INFO django.server basehttp: "GET /utilities/ HTTP/1.1" 200 13967
[2026-09-23 08:15:03,547] INFO django.server basehttp: "GET /static/css/design-system.css?v=1790126103 HTTP/1.1" 200 7762
[2026-09-23 08:15:03,548] INFO django.server basehttp: "GET /static/css/app-shell.css?v=1790126103 HTTP/1.1" 200 34229
[2026-09-23 08:15:06,016] INFO django.server basehttp: "GET /utilities/link-settings/ HTTP/1.1" 200 7052
[2026-09-23 08:15:06,044] INFO django.server basehttp: "GET /static/css/app-shell.css?v=1790126106 HTTP/1.1" 200 34229
[2026-09-23 08:15:07,046] INFO django.server basehttp: "GET /static/css/design-system.css?v=1790126106 HTTP/1.1" 200 7762
[2026-09-23 08:15:23,754] INFO django.server basehttp: "POST /utilities/link-settings/ HTTP/1.1" 302 0
[2026-09-23 08:15:23,788] INFO django.server basehttp: "GET /utilities/ HTTP/1.1" 200 14293
[2026-09-23 08:15:23,822] INFO django.server basehttp: "GET /static/css/design-system.css?v=1790126123 HTTP/1.1" 200 7762
[2026-09-23 08:15:23,822] INFO django.server basehttp: "GET /static/css/app-shell.css?v=1790126123 HTTP/1.1" 200 34229
[2026-09-23 08:15:29,456] INFO django.server basehttp: "GET /utilities/pdf-edit/ HTTP/1.1" 200 10305
[2026-09-23 08:15:29,484] INFO django.server basehttp: "GET /static/css/design-system.css?v=1790126129 HTTP/1.1" 200 7762
[2026-09-23 08:15:29,486] INFO django.server basehttp: "GET /static/css/app-shell.css?v=1790126129 HTTP/1.1" 200 34229
[2026-09-23 08:15:30,838] INFO django.server basehttp: "GET /utilities/ HTTP/1.1" 200 14148
[2026-09-23 08:15:30,865] INFO django.server basehttp: "GET /static/css/design-system.css?v=1790126130 HTTP/1.1" 200 7762
[2026-09-23 08:15:30,866] INFO django.server basehttp: "GET /static/css/app-shell.css?v=1790126130 HTTP/1.1" 200 34229
[2026-09-23 08:15:55,077] INFO django.server basehttp: "HEAD / HTTP/1.1" 200 0
[2026-09-23 08:15:55,432] INFO django.server basehttp: "GET / HTTP/1.1" 200 18668
[2026-09-23 08:15:55,448] INFO django.server basehttp: "GET /static/css/design-system.css?v=1790126155 HTTP/1.1" 200 7762
[2026-09-23 08:15:55,460] INFO django.server basehttp: "GET /static/css/home.css?v=1790126155 HTTP/1.1" 200 12902
[2026-09-23 08:15:55,482] INFO django.server basehttp: "GET /static/img/standards/egat-no5.png HTTP/1.1" 304 0
[2026-09-23 08:15:55,483] INFO django.server basehttp: "GET /static/img/standards/tisi.png HTTP/1.1" 304 0
[2026-09-23 08:15:55,484] INFO django.server basehttp: "GET /static/img/standards/ahri.png HTTP/1.1" 304 0
[2026-09-23 08:15:55,486] INFO django.server basehttp: "GET /static/img/standards/ilac-nsc.png HTTP/1.1" 304 0
[2026-09-23 08:15:55,519] INFO django.server basehttp: "GET /media/hero/Gemini_Generated_Image.jpg HTTP/1.1" 304 0
[2026-09-23 08:15:55,522] INFO django.server basehttp: "GET /media/modules/Doc.gif HTTP/1.1" 304 0
[2026-09-23 08:15:55,523] INFO django.server basehttp: "GET /media/modules/Manpower.gif HTTP/1.1" 304 0
[2026-09-23 08:15:55,523] INFO django.server basehttp: "GET /media/modules/Cer.gif HTTP/1.1" 304 0
[2026-09-23 08:15:55,525] INFO django.server basehttp: "GET /media/modules/Analytics.gif HTTP/1.1" 304 0
[2026-09-23 08:15:55,526] INFO django.server basehttp: "GET /media/modules/Happy.gif HTTP/1.1" 304 0
[2026-09-23 08:15:55,527] INFO django.server basehttp: "GET /media/modules/Tool2.gif HTTP/1.1" 304 0
[2026-09-23 08:15:55,630] WARNING django.server basehttp: "GET /favicon.ico HTTP/1.1" 404 6188
[2026-09-23 08:18:24,718] INFO django.server basehttp: "GET /utilities/ HTTP/1.1" 200 11973
[2026-09-23 08:18:24,735] INFO django.server basehttp: "GET /static/css/design-system.css?v=1790126304 HTTP/1.1" 200 7762
[2026-09-23 08:18:24,738] INFO django.server basehttp: "GET /static/css/app-shell.css?v=1790126304 HTTP/1.1" 200 34229
[2026-09-23 08:18:25,027] WARNING django.server basehttp: "GET /favicon.ico HTTP/1.1" 404 6188
[2026-09-23 08:19:58,256] INFO django.server basehttp: "GET /utilities/ HTTP/1.1" 200 14148
[2026-09-23 08:19:58,284] INFO django.server basehttp: "GET /static/css/design-system.css?v=1790126398 HTTP/1.1" 200 7762
[2026-09-23 08:19:59,288] INFO django.server basehttp: "GET /static/css/app-shell.css?v=1790126398 HTTP/1.1" 200 34229
[2026-09-23 08:20:04,478] INFO django.server basehttp: "GET /utilities/pdf-edit/ HTTP/1.1" 200 10305
[2026-09-23 08:20:04,507] INFO django.server basehttp: "GET /static/css/design-system.css?v=1790126404 HTTP/1.1" 200 7762
[2026-09-23 08:20:04,508] INFO django.server basehttp: "GET /static/css/app-shell.css?v=1790126404 HTTP/1.1" 200 34229
[2026-09-23 08:25:41,900] INFO django.server basehttp: "GET /utilities/ HTTP/1.1" 200 14148
[2026-09-23 08:25:41,924] INFO django.server basehttp: "GET /static/css/design-system.css?v=1790126741 HTTP/1.1" 200 7762
[2026-09-23 08:25:41,924] INFO django.server basehttp: "GET /static/css/app-shell.css?v=1790126741 HTTP/1.1" 200 34229
[2026-09-23 08:25:57,966] INFO django.server basehttp: "GET /utilities/qr-code/ HTTP/1.1" 200 17196
[2026-09-23 08:25:57,996] INFO django.server basehttp: "GET /static/css/design-system.css?v=1790126757 HTTP/1.1" 200 7762
[2026-09-23 08:25:57,996] INFO django.server basehttp: "GET /static/css/app-shell.css?v=1790126757 HTTP/1.1" 200 34229
[2026-09-23 08:25:57,998] INFO django.server basehttp: "GET /static/js/tools_qr.js?v=1790126757 HTTP/1.1" 200 7106
[2026-09-23 08:26:09,107] INFO django.server basehttp: "GET /utilities/ HTTP/1.1" 200 14148
[2026-09-23 08:26:09,132] INFO django.server basehttp: "GET /static/css/design-system.css?v=1790126769 HTTP/1.1" 200 7762
[2026-09-23 08:26:09,132] INFO django.server basehttp: "GET /static/css/app-shell.css?v=1790126769 HTTP/1.1" 200 34229
[2026-09-23 08:26:09,847] INFO django.server basehttp: "GET /utilities/document-converter/ HTTP/1.1" 200 7619
[2026-09-23 08:26:18,047] INFO django.server basehttp: "GET /utilities/ HTTP/1.1" 200 14148
[2026-09-23 08:26:18,072] INFO django.server basehttp: "GET /static/css/design-system.css?v=1790126778 HTTP/1.1" 200 7762
[2026-09-23 08:26:18,072] INFO django.server basehttp: "GET /static/css/app-shell.css?v=1790126778 HTTP/1.1" 200 34229
[2026-09-23 08:26:35,759] INFO django.server basehttp: "GET /utilities/calculators/?tab=salary HTTP/1.1" 200 13805
[2026-09-23 08:26:35,784] INFO django.server basehttp: "GET /static/css/design-system.css?v=1790126795 HTTP/1.1" 200 7762
[2026-09-23 08:26:35,785] INFO django.server basehttp: "GET /static/js/tools_calculators.js?v=1790126795 HTTP/1.1" 200 11566
[2026-09-23 08:26:35,786] INFO django.server basehttp: "GET /static/css/app-shell.css?v=1790126795 HTTP/1.1" 200 34229
[2026-09-23 08:26:45,515] INFO django.server basehttp: "GET /utilities/ HTTP/1.1" 200 14148
[2026-09-23 08:26:45,541] INFO django.server basehttp: "GET /static/css/design-system.css?v=1790126805 HTTP/1.1" 200 7762
[2026-09-23 08:26:45,541] INFO django.server basehttp: "GET /static/css/app-shell.css?v=1790126805 HTTP/1.1" 200 34229
[2026-09-23 08:26:46,571] INFO django.server basehttp: "GET /utilities/pdf-edit/ HTTP/1.1" 200 10305
[2026-09-23 08:26:46,598] INFO django.server basehttp: "GET /static/css/design-system.css?v=1790126806 HTTP/1.1" 200 7762
[2026-09-23 08:26:46,598] INFO django.server basehttp: "GET /static/css/app-shell.css?v=1790126806 HTTP/1.1" 200 34229
[2026-09-23 08:26:52,438] INFO django.server basehttp: "GET /utilities/ HTTP/1.1" 200 14148
[2026-09-23 08:26:52,461] INFO django.server basehttp: "GET /static/css/app-shell.css?v=1790126812 HTTP/1.1" 200 34229
[2026-09-23 08:26:53,468] INFO django.server basehttp: "GET /static/css/design-system.css?v=1790126812 HTTP/1.1" 200 7762
[2026-09-23 08:36:03,396] INFO django.server basehttp: "GET /utilities/pdf-edit/ HTTP/1.1" 200 19225
[2026-09-23 08:36:03,412] INFO django.server basehttp: "GET /static/css/design-system.css?v=1790127363 HTTP/1.1" 200 7762
[2026-09-23 08:36:03,415] INFO django.server basehttp: "GET /static/css/app-shell.css?v=1790127363 HTTP/1.1" 200 39492
[2026-09-23 08:36:03,424] INFO django.server basehttp: "GET /static/js/tools_pdf_edit.js?v=1790127363 HTTP/1.1" 200 26630
[2026-09-23 08:36:03,458] WARNING django.server basehttp: "GET /favicon.ico HTTP/1.1" 404 6188
[2026-09-23 08:36:03,493] INFO django.server basehttp: "HEAD / HTTP/1.1" 200 0
[2026-09-23 08:36:03,548] INFO django.server basehttp: "GET / HTTP/1.1" 200 18668
[2026-09-23 08:36:03,573] INFO django.server basehttp: "GET /static/img/standards/egat-no5.png HTTP/1.1" 304 0
[2026-09-23 08:36:03,574] INFO django.server basehttp: "GET /static/img/standards/tisi.png HTTP/1.1" 304 0
[2026-09-23 08:36:03,576] INFO django.server basehttp: "GET /static/css/home.css?v=1790127363 HTTP/1.1" 200 12902
[2026-09-23 08:36:03,578] INFO django.server basehttp: "GET /static/img/standards/ilac-nsc.png HTTP/1.1" 304 0
[2026-09-23 08:36:03,578] INFO django.server basehttp: "GET /static/img/standards/ahri.png HTTP/1.1" 304 0
[2026-09-23 08:36:03,584] INFO django.server basehttp: "GET /media/hero/Gemini_Generated_Image.jpg HTTP/1.1" 304 0
[2026-09-23 08:36:03,584] INFO django.server basehttp: "GET /media/modules/Doc.gif HTTP/1.1" 304 0
[2026-09-23 08:36:03,586] INFO django.server basehttp: "GET /media/modules/Manpower.gif HTTP/1.1" 304 0
[2026-09-23 08:36:03,587] INFO django.server basehttp: "GET /media/modules/Cer.gif HTTP/1.1" 304 0
[2026-09-23 08:36:03,589] INFO django.server basehttp: "GET /media/modules/Analytics.gif HTTP/1.1" 304 0
[2026-09-23 08:36:03,589] INFO django.server basehttp: "GET /media/modules/Happy.gif HTTP/1.1" 304 0
[2026-09-23 08:36:03,590] INFO django.server basehttp: "GET /media/modules/Tool2.gif HTTP/1.1" 304 0
[2026-09-23 08:36:03,612] WARNING django.server basehttp: "GET /favicon.ico HTTP/1.1" 404 6188
[2026-09-23 08:36:33,353] INFO django.server basehttp: "GET /utilities/pdf-edit/ HTTP/1.1" 200 19225
[2026-09-23 08:36:33,384] INFO django.server basehttp: "GET /static/css/design-system.css?v=1790127393 HTTP/1.1" 200 7762
[2026-09-23 08:36:33,384] INFO django.server basehttp: "GET /static/js/tools_pdf_edit.js?v=1790127393 HTTP/1.1" 200 26630
[2026-09-23 08:36:33,385] INFO django.server basehttp: "GET /static/css/app-shell.css?v=1790127393 HTTP/1.1" 200 39492
[2026-09-23 08:36:33,408] WARNING django.server basehttp: "GET /favicon.ico HTTP/1.1" 404 6188
[2026-09-23 08:37:15,251] WARNING django.server basehttp: "GET /favicon.ico HTTP/1.1" 404 6188
[2026-09-23 08:37:57,765] INFO django.server basehttp: "POST /utilities/pdf-edit/page-count/ HTTP/1.1" 200 12
[2026-09-23 08:38:04,023] INFO django.server basehttp: "POST /utilities/pdf-edit/split/ HTTP/1.1" 200 2074
[2026-09-23 08:38:11,976] WARNING django.server basehttp: "GET /favicon.ico HTTP/1.1" 404 6188
[2026-09-23 08:38:24,861] INFO django.server basehttp: "POST /utilities/pdf-edit/page-count/ HTTP/1.1" 200 12
[2026-09-23 08:38:32,320] INFO django.server basehttp: "POST /utilities/pdf-edit/delete-pages/ HTTP/1.1" 200 791
[2026-09-23 08:38:52,599] INFO django.server basehttp: "POST /utilities/pdf-edit/encrypt/ HTTP/1.1" 200 1432
[2026-09-23 08:38:58,758] WARNING django.server basehttp: "POST /utilities/pdf-edit/decrypt/ HTTP/1.1" 400 121
[2026-09-23 08:38:58,789] INFO django.server basehttp: "POST /utilities/pdf-edit/decrypt/ HTTP/1.1" 200 1033
[2026-09-23 08:39:05,094] WARNING django.server basehttp: "GET /favicon.ico HTTP/1.1" 404 6188
[2026-09-23 08:39:33,435] INFO django.server basehttp: "POST /utilities/pdf-edit/merge/ HTTP/1.1" 200 1767
[2026-09-23 08:39:51,991] INFO django.server basehttp: "POST /utilities/pdf-edit/insert/ HTTP/1.1" 200 2499
[2026-09-23 08:39:52,026] INFO django.server basehttp: "POST /utilities/pdf-edit/insert/ HTTP/1.1" 200 2499
[2026-09-23 08:39:52,061] INFO django.server basehttp: "POST /utilities/pdf-edit/insert/ HTTP/1.1" 200 2499
[2026-09-23 08:39:52,073] WARNING django.server basehttp: "POST /utilities/pdf-edit/insert/ HTTP/1.1" 400 192
[2026-09-23 08:40:02,069] INFO django.server basehttp: "GET /utilities/pdf-edit/?tab=lock HTTP/1.1" 200 19225
[2026-09-23 08:40:02,085] INFO django.server basehttp: "GET /static/css/design-system.css?v=1790127602 HTTP/1.1" 200 7762
[2026-09-23 08:40:02,086] INFO django.server basehttp: "GET /static/js/tools_pdf_edit.js?v=1790127602 HTTP/1.1" 200 26630
[2026-09-23 08:40:02,086] INFO django.server basehttp: "GET /static/css/app-shell.css?v=1790127602 HTTP/1.1" 200 39492
[2026-09-23 08:40:02,107] WARNING django.server basehttp: "GET /favicon.ico HTTP/1.1" 404 6188
[2026-09-23 08:45:05,895] INFO django.server basehttp: "GET /utilities/ HTTP/1.1" 200 14148
[2026-09-23 08:45:05,918] INFO django.server basehttp: "GET /static/css/design-system.css?v=1790127905 HTTP/1.1" 200 7762
[2026-09-23 08:45:05,918] INFO django.server basehttp: "GET /static/css/app-shell.css?v=1790127905 HTTP/1.1" 200 39492
[2026-09-23 08:45:06,985] INFO django.server basehttp: "GET /utilities/pdf-edit/ HTTP/1.1" 200 20493
[2026-09-23 08:45:07,009] INFO django.server basehttp: "GET /static/css/design-system.css?v=1790127906 HTTP/1.1" 200 7762
[2026-09-23 08:45:07,010] INFO django.server basehttp: "GET /static/css/app-shell.css?v=1790127906 HTTP/1.1" 200 39492
[2026-09-23 08:45:07,011] INFO django.server basehttp: "GET /static/js/tools_pdf_edit.js?v=1790127906 HTTP/1.1" 200 26630
[2026-09-23 08:46:02,807] INFO django.server basehttp: "POST /utilities/pdf-edit/merge/ HTTP/1.1" 200 627523
[2026-09-23 08:46:27,043] INFO django.server basehttp: "POST /utilities/pdf-edit/page-count/ HTTP/1.1" 200 12
[2026-09-23 08:47:09,517] INFO django.server basehttp: "POST /utilities/pdf-edit/split/ HTTP/1.1" 200 598319
[2026-09-23 08:47:27,202] INFO django.server basehttp: "POST /utilities/pdf-edit/page-count/ HTTP/1.1" 200 12
[2026-09-23 08:47:32,896] INFO django.server basehttp: "POST /utilities/pdf-edit/delete-pages/ HTTP/1.1" 200 254855
[2026-09-23 08:55:31,941] INFO django.server basehttp: "HEAD / HTTP/1.1" 200 0
[2026-09-23 08:55:32,340] INFO django.server basehttp: "GET / HTTP/1.1" 200 18668
[2026-09-23 08:55:32,359] INFO django.server basehttp: "GET /static/css/design-system.css?v=1790128532 HTTP/1.1" 200 7762
[2026-09-23 08:55:32,362] INFO django.server basehttp: "GET /static/css/home.css?v=1790128532 HTTP/1.1" 200 12902
[2026-09-23 08:55:32,364] INFO django.server basehttp: "GET /static/img/standards/egat-no5.png HTTP/1.1" 304 0
[2026-09-23 08:55:32,365] INFO django.server basehttp: "GET /static/img/standards/tisi.png HTTP/1.1" 304 0
[2026-09-23 08:55:32,365] INFO django.server basehttp: "GET /static/img/standards/ahri.png HTTP/1.1" 304 0
[2026-09-23 08:55:32,366] INFO django.server basehttp: "GET /static/img/standards/ilac-nsc.png HTTP/1.1" 304 0
[2026-09-23 08:55:32,367] INFO django.server basehttp: "GET /media/hero/Gemini_Generated_Image.jpg HTTP/1.1" 304 0
[2026-09-23 08:55:32,368] INFO django.server basehttp: "GET /media/modules/Doc.gif HTTP/1.1" 304 0
[2026-09-23 08:55:32,369] INFO django.server basehttp: "GET /media/modules/Manpower.gif HTTP/1.1" 304 0
[2026-09-23 08:55:32,370] INFO django.server basehttp: "GET /media/modules/Cer.gif HTTP/1.1" 304 0
[2026-09-23 08:55:32,371] INFO django.server basehttp: "GET /media/modules/Analytics.gif HTTP/1.1" 304 0
[2026-09-23 08:55:32,372] INFO django.server basehttp: "GET /media/modules/Happy.gif HTTP/1.1" 304 0
[2026-09-23 08:55:32,374] INFO django.server basehttp: "GET /media/modules/Tool2.gif HTTP/1.1" 304 0
[2026-09-23 08:55:32,397] WARNING django.server basehttp: "GET /favicon.ico HTTP/1.1" 404 6188
[2026-09-23 08:55:32,925] INFO django.server basehttp: "GET /utilities/pdf-edit/?tab=split HTTP/1.1" 200 20998
[2026-09-23 08:55:32,947] INFO django.server basehttp: "GET /static/css/app-shell.css?v=1790128532 HTTP/1.1" 200 40556
[2026-09-23 08:55:32,948] INFO django.server basehttp: "GET /static/js/tools_pdf_edit.js?v=1790128532 HTTP/1.1" 200 30531
[2026-09-23 08:55:32,970] WARNING django.server basehttp: "GET /favicon.ico HTTP/1.1" 404 6188
[2026-09-23 08:56:03,980] INFO django.server basehttp: "POST /utilities/pdf-edit/page-count/ HTTP/1.1" 200 12
[2026-09-23 08:56:21,565] INFO django.server basehttp: "POST /utilities/pdf-edit/page-count/ HTTP/1.1" 200 12
[2026-09-23 08:56:22,004] INFO django.server basehttp: "POST /utilities/pdf-edit/split/ HTTP/1.1" 200 2074
[2026-09-23 08:57:07,627] INFO django.server basehttp: "HEAD / HTTP/1.1" 200 0
[2026-09-23 08:57:08,018] INFO django.server basehttp: "GET / HTTP/1.1" 200 18668
[2026-09-23 08:57:08,037] INFO django.server basehttp: "GET /static/css/design-system.css?v=1790128627 HTTP/1.1" 200 7762
[2026-09-23 08:57:08,041] INFO django.server basehttp: "GET /static/css/home.css?v=1790128627 HTTP/1.1" 200 12902
[2026-09-23 08:57:08,085] WARNING django.server basehttp: "GET /favicon.ico HTTP/1.1" 404 6188
[2026-09-23 08:57:09,446] INFO django.server basehttp: "GET /utilities/pdf-edit/?tab=delete HTTP/1.1" 200 20998
[2026-09-23 08:57:09,468] INFO django.server basehttp: "GET /static/css/design-system.css?v=1790128629 HTTP/1.1" 200 7762
[2026-09-23 08:57:09,469] INFO django.server basehttp: "GET /static/css/app-shell.css?v=1790128629 HTTP/1.1" 200 40556
[2026-09-23 08:57:09,469] INFO django.server basehttp: "GET /static/js/tools_pdf_edit.js?v=1790128629 HTTP/1.1" 200 30411
[2026-09-23 08:57:09,489] WARNING django.server basehttp: "GET /favicon.ico HTTP/1.1" 404 6188
[2026-09-23 08:57:24,945] INFO django.server basehttp: "POST /utilities/pdf-edit/page-count/ HTTP/1.1" 200 12
[2026-09-23 08:57:25,383] INFO django.server basehttp: "POST /utilities/pdf-edit/delete-pages/ HTTP/1.1" 200 911
[2026-09-23 08:57:42,764] INFO django.server basehttp: "GET /utilities/pdf-edit/?tab=delete HTTP/1.1" 200 20998
[2026-09-23 08:57:42,788] INFO django.server basehttp: "GET /static/css/design-system.css?v=1790128662 HTTP/1.1" 200 7762
[2026-09-23 08:57:42,789] INFO django.server basehttp: "GET /static/css/app-shell.css?v=1790128662 HTTP/1.1" 200 40556
[2026-09-23 08:57:42,789] INFO django.server basehttp: "GET /static/js/tools_pdf_edit.js?v=1790128662 HTTP/1.1" 200 30411
[2026-09-23 08:57:42,816] WARNING django.server basehttp: "GET /favicon.ico HTTP/1.1" 404 6188
[2026-09-23 08:58:50,781] INFO django.server basehttp: "GET /utilities/pdf-edit/?tab=split HTTP/1.1" 200 22266
[2026-09-23 08:58:50,807] INFO django.server basehttp: "GET /static/css/design-system.css?v=1790128730 HTTP/1.1" 200 7762
[2026-09-23 08:58:50,807] INFO django.server basehttp: "GET /static/css/app-shell.css?v=1790128730 HTTP/1.1" 200 40556
[2026-09-23 08:58:50,809] INFO django.server basehttp: "GET /static/js/tools_pdf_edit.js?v=1790128730 HTTP/1.1" 200 30411
[2026-09-23 08:59:05,668] INFO django.server basehttp: "POST /utilities/pdf-edit/page-count/ HTTP/1.1" 200 12
[2026-09-23 08:59:47,725] INFO django.server basehttp: "POST /utilities/pdf-edit/merge/ HTTP/1.1" 200 627523
[2026-09-23 09:00:27,434] INFO django.server basehttp: "POST /utilities/pdf-edit/merge/ HTTP/1.1" 200 627523
[2026-09-23 09:00:42,212] INFO django.server basehttp: "GET /utilities/ HTTP/1.1" 200 14148
[2026-09-23 09:00:42,236] INFO django.server basehttp: "GET /static/css/design-system.css?v=1790128842 HTTP/1.1" 200 7762
[2026-09-23 09:00:42,236] INFO django.server basehttp: "GET /static/css/app-shell.css?v=1790128842 HTTP/1.1" 200 40556
[2026-09-23 09:00:47,588] INFO django.server basehttp: "GET /dashboard/ HTTP/1.1" 200 9777
[2026-09-23 09:00:47,609] INFO django.server basehttp: "GET /static/css/design-system.css?v=1790128847 HTTP/1.1" 200 7762
[2026-09-23 09:00:47,610] INFO django.server basehttp: "GET /static/css/app-shell.css?v=1790128847 HTTP/1.1" 200 40556
[2026-09-23 09:00:48,748] INFO django.server basehttp: "GET /documents/ HTTP/1.1" 200 22517
[2026-09-23 09:00:48,775] INFO django.server basehttp: "GET /static/css/design-system.css?v=1790128848 HTTP/1.1" 200 7762
[2026-09-23 09:00:48,776] INFO django.server basehttp: "GET /static/css/app-shell.css?v=1790128848 HTTP/1.1" 200 40556
[2026-09-23 09:00:54,004] INFO django.server basehttp: "GET /documents/specs/ HTTP/1.1" 200 12238
[2026-09-23 09:00:54,027] INFO django.server basehttp: "GET /static/css/design-system.css?v=1790128853 HTTP/1.1" 200 7762
[2026-09-23 09:00:54,027] INFO django.server basehttp: "GET /static/css/app-shell.css?v=1790128853 HTTP/1.1" 200 40556
[2026-09-23 09:00:56,521] INFO django.server basehttp: "GET /documents/ HTTP/1.1" 200 22517
[2026-09-23 09:00:56,548] INFO django.server basehttp: "GET /static/css/design-system.css?v=1790128856 HTTP/1.1" 200 7762
[2026-09-23 09:00:56,548] INFO django.server basehttp: "GET /static/css/app-shell.css?v=1790128856 HTTP/1.1" 200 40556
[2026-09-23 09:00:57,753] INFO django.server basehttp: "GET /employees/ HTTP/1.1" 200 5190
[2026-09-23 09:00:57,775] INFO django.server basehttp: "GET /static/css/design-system.css?v=1790128857 HTTP/1.1" 200 7762
[2026-09-23 09:00:58,781] INFO django.server basehttp: "GET /static/css/app-shell.css?v=1790128857 HTTP/1.1" 200 40556
[2026-09-23 09:01:00,024] INFO django.server basehttp: "GET /certificates/ HTTP/1.1" 200 5108
[2026-09-23 09:01:00,052] INFO django.server basehttp: "GET /static/css/app-shell.css?v=1790128859 HTTP/1.1" 200 40556
[2026-09-23 09:01:01,060] INFO django.server basehttp: "GET /static/css/design-system.css?v=1790128859 HTTP/1.1" 200 7762
[2026-09-23 09:01:01,691] INFO django.server basehttp: "GET /monitoring/ HTTP/1.1" 200 5138
[2026-09-23 09:01:01,713] INFO django.server basehttp: "GET /static/css/design-system.css?v=1790128861 HTTP/1.1" 200 7762
[2026-09-23 09:01:01,714] INFO django.server basehttp: "GET /static/css/app-shell.css?v=1790128861 HTTP/1.1" 200 40556
[2026-09-23 09:01:02,863] INFO django.server basehttp: "GET /utilities/ HTTP/1.1" 200 14148
[2026-09-23 09:01:02,884] INFO django.server basehttp: "GET /static/css/design-system.css?v=1790128862 HTTP/1.1" 200 7762
[2026-09-23 09:01:02,887] INFO django.server basehttp: "GET /static/css/app-shell.css?v=1790128862 HTTP/1.1" 200 40556
[2026-09-23 09:01:04,759] INFO django.server basehttp: "GET / HTTP/1.1" 200 19007
[2026-09-23 09:01:04,793] INFO django.server basehttp: "GET /static/img/standards/egat-no5.png HTTP/1.1" 304 0
[2026-09-23 09:01:04,794] INFO django.server basehttp: "GET /static/css/design-system.css?v=1790128864 HTTP/1.1" 200 7762
[2026-09-23 09:01:04,797] INFO django.server basehttp: "GET /static/css/home.css?v=1790128864 HTTP/1.1" 200 12902
[2026-09-23 09:01:04,798] INFO django.server basehttp: "GET /static/img/standards/ilac-nsc.png HTTP/1.1" 304 0
[2026-09-23 09:01:04,798] INFO django.server basehttp: "GET /static/img/standards/ahri.png HTTP/1.1" 304 0
[2026-09-23 09:01:04,798] INFO django.server basehttp: "GET /static/img/standards/tisi.png HTTP/1.1" 304 0
[2026-09-23 09:01:04,802] INFO django.server basehttp: "GET /media/hero/Gemini_Generated_Image.jpg HTTP/1.1" 304 0
[2026-09-23 09:01:04,805] INFO django.server basehttp: "GET /media/modules/Manpower.gif HTTP/1.1" 304 0
[2026-09-23 09:01:04,805] INFO django.server basehttp: "GET /media/modules/Doc.gif HTTP/1.1" 304 0
[2026-09-23 09:01:04,806] INFO django.server basehttp: "GET /media/modules/Cer.gif HTTP/1.1" 304 0
[2026-09-23 09:01:04,809] INFO django.server basehttp: "GET /media/modules/Analytics.gif HTTP/1.1" 304 0
[2026-09-23 09:01:04,809] INFO django.server basehttp: "GET /media/modules/Happy.gif HTTP/1.1" 304 0
[2026-09-23 09:01:04,827] INFO django.server basehttp: "GET /media/modules/Tool2.gif HTTP/1.1" 304 0
[2026-09-23 09:01:05,409] INFO django.server basehttp: "GET /media/about/Policy.jpg HTTP/1.1" 304 0
[2026-09-23 09:02:26,100] INFO django.server basehttp: "GET /documents/ HTTP/1.1" 200 22517
[2026-09-23 09:02:26,156] INFO django.server basehttp: "GET /static/css/design-system.css?v=1790128946 HTTP/1.1" 200 7762
[2026-09-23 09:02:26,156] INFO django.server basehttp: "GET /static/css/app-shell.css?v=1790128946 HTTP/1.1" 200 40556
[2026-09-23 09:02:33,231] INFO django.server basehttp: "GET /settings/home-appearance/ HTTP/1.1" 200 15271
[2026-09-23 09:02:33,256] INFO django.server basehttp: "GET /static/css/design-system.css?v=1790128953 HTTP/1.1" 200 7762
[2026-09-23 09:02:33,257] INFO django.server basehttp: "GET /static/css/app-shell.css?v=1790128953 HTTP/1.1" 200 40556
[2026-09-23 09:03:46,266] INFO django.server basehttp: "GET / HTTP/1.1" 200 19007
[2026-09-23 09:03:46,301] INFO django.server basehttp: "GET /static/css/design-system.css?v=1790129026 HTTP/1.1" 200 7762
[2026-09-23 09:03:46,302] INFO django.server basehttp: "GET /static/css/home.css?v=1790129026 HTTP/1.1" 200 12902
[2026-09-23 09:08:16,630] INFO django.server basehttp: "HEAD / HTTP/1.1" 200 0
[2026-09-23 09:08:17,019] INFO django.server basehttp: "GET / HTTP/1.1" 200 18836
[2026-09-23 09:08:17,039] INFO django.server basehttp: "GET /static/css/design-system.css?v=1790129296 HTTP/1.1" 200 7762
[2026-09-23 09:08:17,043] INFO django.server basehttp: "GET /static/css/home.css?v=1790129296 HTTP/1.1" 200 12902
[2026-09-23 09:08:17,046] INFO django.server basehttp: "GET /static/img/standards/egat-no5.png HTTP/1.1" 304 0
[2026-09-23 09:08:17,050] INFO django.server basehttp: "GET /static/img/standards/tisi.png HTTP/1.1" 304 0
[2026-09-23 09:08:17,051] INFO django.server basehttp: "GET /static/img/standards/ahri.png HTTP/1.1" 304 0
[2026-09-23 09:08:17,070] INFO django.server basehttp: "GET /media/hero/Gemini_Generated_Image.jpg HTTP/1.1" 304 0
[2026-09-23 09:08:17,071] INFO django.server basehttp: "GET /static/img/standards/ilac-nsc.png HTTP/1.1" 304 0
[2026-09-23 09:08:17,073] INFO django.server basehttp: "GET /media/modules/Doc.gif HTTP/1.1" 304 0
[2026-09-23 09:08:17,076] INFO django.server basehttp: "GET /media/modules/Manpower.gif HTTP/1.1" 304 0
[2026-09-23 09:08:17,080] INFO django.server basehttp: "GET /media/modules/Cer.gif HTTP/1.1" 304 0
[2026-09-23 09:08:17,084] INFO django.server basehttp: "GET /media/modules/Analytics.gif HTTP/1.1" 304 0
[2026-09-23 09:08:17,088] INFO django.server basehttp: "GET /media/modules/Happy.gif HTTP/1.1" 304 0
[2026-09-23 09:08:17,090] INFO django.server basehttp: "GET /media/modules/Tool2.gif HTTP/1.1" 304 0
[2026-09-23 09:08:17,120] WARNING django.server basehttp: "GET /favicon.ico HTTP/1.1" 404 6188
[2026-09-23 09:08:35,656] INFO django.server basehttp: "GET / HTTP/1.1" 200 18846
[2026-09-23 09:08:35,671] INFO django.server basehttp: "GET /static/css/design-system.css?v=1790129315 HTTP/1.1" 200 7762
[2026-09-23 09:08:35,673] INFO django.server basehttp: "GET /static/css/home.css?v=1790129315 HTTP/1.1" 200 12902
[2026-09-23 09:08:35,705] INFO django.server basehttp: "GET /media/modules/processed/Doc.gif HTTP/1.1" 200 925983
[2026-09-23 09:08:35,719] WARNING django.server basehttp: "GET /favicon.ico HTTP/1.1" 404 6188
[2026-09-23 09:08:52,489] INFO django.server basehttp: "GET /login/ HTTP/1.1" 200 4891
[2026-09-23 09:08:52,507] INFO django.server basehttp: "GET /static/css/design-system.css?v=1790129332 HTTP/1.1" 200 7762
[2026-09-23 09:08:52,508] INFO django.server basehttp: "GET /static/css/home.css?v=1790129332 HTTP/1.1" 200 12902
[2026-09-23 09:08:52,527] WARNING django.server basehttp: "GET /favicon.ico HTTP/1.1" 404 6188
[2026-09-23 09:09:08,323] INFO django.server basehttp: "GET /utilities/ HTTP/1.1" 200 14148
[2026-09-23 09:09:08,367] INFO django.server basehttp: "GET /static/css/design-system.css?v=1790129348 HTTP/1.1" 200 7762
[2026-09-23 09:09:08,369] INFO django.server basehttp: "GET /static/css/app-shell.css?v=1790129348 HTTP/1.1" 200 40556
[2026-09-23 09:09:10,393] INFO django.server basehttp: "POST /login/ HTTP/1.1" 302 0
[2026-09-23 09:09:10,414] INFO django.server basehttp: "GET /dashboard/ HTTP/1.1" 200 9795
[2026-09-23 09:09:10,434] INFO django.server basehttp: "GET /static/css/design-system.css?v=1790129350 HTTP/1.1" 200 7762
[2026-09-23 09:09:10,434] INFO django.server basehttp: "GET /static/css/app-shell.css?v=1790129350 HTTP/1.1" 200 40556
[2026-09-23 09:09:10,472] WARNING django.server basehttp: "GET /favicon.ico HTTP/1.1" 404 6188
[2026-09-23 09:09:12,501] INFO django.server basehttp: "GET /settings/home-appearance/ HTTP/1.1" 200 20189
[2026-09-23 09:09:12,628] INFO django.server basehttp: "GET /media/modules/processed/Doc.gif HTTP/1.1" 304 0
[2026-09-23 09:09:12,629] INFO django.server basehttp: "GET /static/css/app-shell.css?v=1790129352 HTTP/1.1" 200 40556
[2026-09-23 09:09:13,644] INFO django.server basehttp: "GET /static/css/design-system.css?v=1790129352 HTTP/1.1" 200 7762
[2026-09-23 09:09:13,683] WARNING django.server basehttp: "GET /favicon.ico HTTP/1.1" 404 6188
[2026-09-23 09:09:27,075] INFO django.server basehttp: "GET / HTTP/1.1" 200 19185
[2026-09-23 09:09:27,106] INFO django.server basehttp: "GET /static/css/design-system.css?v=1790129367 HTTP/1.1" 200 7762
[2026-09-23 09:09:27,106] INFO django.server basehttp: "GET /static/css/home.css?v=1790129367 HTTP/1.1" 200 12902
[2026-09-23 09:09:27,110] INFO django.server basehttp: "GET /static/img/standards/egat-no5.png HTTP/1.1" 304 0
[2026-09-23 09:09:27,112] INFO django.server basehttp: "GET /static/img/standards/tisi.png HTTP/1.1" 304 0
[2026-09-23 09:09:27,114] INFO django.server basehttp: "GET /static/img/standards/ahri.png HTTP/1.1" 304 0
[2026-09-23 09:09:27,116] INFO django.server basehttp: "GET /media/hero/Gemini_Generated_Image.jpg HTTP/1.1" 304 0
[2026-09-23 09:09:27,117] INFO django.server basehttp: "GET /media/about/Policy.jpg HTTP/1.1" 304 0
[2026-09-23 09:09:27,117] INFO django.server basehttp: "GET /media/modules/Manpower.gif HTTP/1.1" 304 0
[2026-09-23 09:09:27,117] INFO django.server basehttp: "GET /media/modules/Cer.gif HTTP/1.1" 304 0
[2026-09-23 09:09:27,117] INFO django.server basehttp: "GET /static/img/standards/ilac-nsc.png HTTP/1.1" 304 0
[2026-09-23 09:09:27,122] INFO django.server basehttp: "GET /media/modules/Analytics.gif HTTP/1.1" 304 0
[2026-09-23 09:09:27,122] INFO django.server basehttp: "GET /media/modules/Happy.gif HTTP/1.1" 304 0
[2026-09-23 09:09:27,122] INFO django.server basehttp: "GET /media/modules/Tool2.gif HTTP/1.1" 304 0
[2026-09-23 09:09:27,129] INFO django.server basehttp: "GET /media/modules/processed/Doc.gif HTTP/1.1" 200 925983
[2026-09-23 09:09:37,970] INFO django.server basehttp: "GET /settings/home-appearance/ HTTP/1.1" 200 20189
[2026-09-23 09:09:40,149] INFO django.server basehttp: "GET /documents/ HTTP/1.1" 200 22517
[2026-09-23 09:09:40,191] INFO django.server basehttp: "GET /static/css/design-system.css?v=1790129380 HTTP/1.1" 200 7762
[2026-09-23 09:09:40,192] INFO django.server basehttp: "GET /static/css/app-shell.css?v=1790129380 HTTP/1.1" 200 40556
[2026-09-23 09:09:44,733] INFO django.server basehttp: "GET / HTTP/1.1" 200 19185
[2026-09-23 09:09:44,762] INFO django.server basehttp: "GET /media/modules/processed/Doc.gif HTTP/1.1" 304 0
[2026-09-23 09:09:44,763] INFO django.server basehttp: "GET /static/css/design-system.css?v=1790129384 HTTP/1.1" 200 7762
[2026-09-23 09:09:44,764] INFO django.server basehttp: "GET /static/css/home.css?v=1790129384 HTTP/1.1" 200 12902
[2026-09-23 09:09:47,036] INFO django.server basehttp: "GET /documents/ HTTP/1.1" 200 22517
[2026-09-23 09:09:47,082] INFO django.server basehttp: "GET /static/css/design-system.css?v=1790129386 HTTP/1.1" 200 7762
[2026-09-23 09:09:47,083] INFO django.server basehttp: "GET /static/css/app-shell.css?v=1790129386 HTTP/1.1" 200 40556
[2026-09-23 09:09:49,269] INFO django.server basehttp: "GET /dashboard/ HTTP/1.1" 200 9783
[2026-09-23 09:09:49,290] INFO django.server basehttp: "GET /static/css/design-system.css?v=1790129389 HTTP/1.1" 200 7762
[2026-09-23 09:09:50,306] INFO django.server basehttp: "GET /static/css/app-shell.css?v=1790129389 HTTP/1.1" 200 40556
[2026-09-23 09:09:51,789] INFO django.server basehttp: "GET / HTTP/1.1" 200 19185
[2026-09-23 09:09:51,821] INFO django.server basehttp: "GET /media/modules/processed/Doc.gif HTTP/1.1" 304 0
[2026-09-23 09:09:51,823] INFO django.server basehttp: "GET /static/css/design-system.css?v=1790129391 HTTP/1.1" 200 7762
[2026-09-23 09:09:51,823] INFO django.server basehttp: "GET /static/css/home.css?v=1790129391 HTTP/1.1" 200 12902
[2026-09-23 09:09:53,717] INFO django.server basehttp: "POST /logout/ HTTP/1.1" 302 0
[2026-09-23 09:09:53,778] INFO django.server basehttp: "GET / HTTP/1.1" 200 18846
[2026-09-23 09:09:53,812] INFO django.server basehttp: "GET /static/css/design-system.css?v=1790129393 HTTP/1.1" 200 7762
[2026-09-23 09:09:53,812] INFO django.server basehttp: "GET /static/css/home.css?v=1790129393 HTTP/1.1" 200 12902
[2026-09-23 09:09:55,566] INFO django.server basehttp: "GET /login/ HTTP/1.1" 200 5030
[2026-09-23 09:09:55,602] INFO django.server basehttp: "GET /static/css/design-system.css?v=1790129395 HTTP/1.1" 200 7762
[2026-09-23 09:09:55,603] INFO django.server basehttp: "GET /static/css/home.css?v=1790129395 HTTP/1.1" 200 12902
[2026-09-23 09:10:02,461] INFO django.server basehttp: "POST /settings/home-appearance/ HTTP/1.1" 302 0
[2026-09-23 09:10:02,480] INFO django.server basehttp: "GET /settings/home-appearance/ HTTP/1.1" 200 20349
[2026-09-23 09:10:02,501] INFO django.server basehttp: "GET /static/css/design-system.css?v=1790129402 HTTP/1.1" 200 7762
[2026-09-23 09:10:02,501] INFO django.server basehttp: "GET /static/css/app-shell.css?v=1790129402 HTTP/1.1" 200 40556
[2026-09-23 09:10:02,510] INFO django.server basehttp: "GET /media/modules/processed/Doc.gif HTTP/1.1" 200 925983
[2026-09-23 09:10:02,524] WARNING django.server basehttp: "GET /favicon.ico HTTP/1.1" 404 6188
[2026-09-23 09:10:09,367] INFO django.server basehttp: "POST /login/ HTTP/1.1" 302 0
[2026-09-23 09:10:09,386] INFO django.server basehttp: "GET /dashboard/ HTTP/1.1" 200 9780
[2026-09-23 09:10:09,414] INFO django.server basehttp: "GET /static/css/app-shell.css?v=1790129409 HTTP/1.1" 200 40556
[2026-09-23 09:10:10,415] INFO django.server basehttp: "GET /static/css/design-system.css?v=1790129409 HTTP/1.1" 200 7762
[2026-09-23 09:10:17,371] INFO django.server basehttp: "GET / HTTP/1.1" 200 19185
[2026-09-23 09:10:17,403] INFO django.server basehttp: "GET /static/css/home.css?v=1790129417 HTTP/1.1" 200 12902
[2026-09-23 09:10:17,404] INFO django.server basehttp: "GET /static/css/design-system.css?v=1790129417 HTTP/1.1" 200 7762
[2026-09-23 09:10:17,415] INFO django.server basehttp: "GET /media/modules/processed/Doc.gif HTTP/1.1" 200 925983
[2026-09-23 09:10:25,666] INFO django.server basehttp: "GET /documents/ HTTP/1.1" 200 22517
[2026-09-23 09:10:25,717] INFO django.server basehttp: "GET /static/css/design-system.css?v=1790129425 HTTP/1.1" 200 7762
[2026-09-23 09:10:25,717] INFO django.server basehttp: "GET /static/css/app-shell.css?v=1790129425 HTTP/1.1" 200 40556
[2026-09-23 09:10:38,624] INFO django.server basehttp: "GET / HTTP/1.1" 200 19185
[2026-09-23 09:10:38,655] INFO django.server basehttp: "GET /media/modules/processed/Doc.gif HTTP/1.1" 304 0
[2026-09-23 09:10:38,656] INFO django.server basehttp: "GET /static/css/design-system.css?v=1790129438 HTTP/1.1" 200 7762
[2026-09-23 09:10:38,657] INFO django.server basehttp: "GET /static/css/home.css?v=1790129438 HTTP/1.1" 200 12902
[2026-09-23 09:10:40,081] INFO django.server basehttp: "GET /documents/ HTTP/1.1" 200 22517
[2026-09-23 09:10:40,132] INFO django.server basehttp: "GET /static/css/design-system.css?v=1790129440 HTTP/1.1" 200 7762
[2026-09-23 09:10:40,133] INFO django.server basehttp: "GET /static/css/app-shell.css?v=1790129440 HTTP/1.1" 200 40556
[2026-09-23 09:10:42,588] INFO django.server basehttp: "GET / HTTP/1.1" 200 19175
[2026-09-23 09:10:42,618] INFO django.server basehttp: "GET /media/modules/Doc.gif HTTP/1.1" 304 0
[2026-09-23 09:10:42,620] INFO django.server basehttp: "GET /static/css/design-system.css?v=1790129442 HTTP/1.1" 200 7762
[2026-09-23 09:10:42,620] INFO django.server basehttp: "GET /static/css/home.css?v=1790129442 HTTP/1.1" 200 12902
[2026-09-23 09:10:46,189] INFO django.server basehttp: "POST /logout/ HTTP/1.1" 302 0
[2026-09-23 09:10:46,247] INFO django.server basehttp: "GET / HTTP/1.1" 200 18836
[2026-09-23 09:10:46,288] INFO django.server basehttp: "GET /static/css/design-system.css?v=1790129446 HTTP/1.1" 200 7762
[2026-09-23 09:10:46,290] INFO django.server basehttp: "GET /static/css/home.css?v=1790129446 HTTP/1.1" 200 12902
[2026-09-23 09:10:48,228] INFO django.server basehttp: "GET /login/ HTTP/1.1" 200 5030
[2026-09-23 09:10:48,265] INFO django.server basehttp: "GET /static/css/design-system.css?v=1790129448 HTTP/1.1" 200 7762
[2026-09-23 09:10:48,266] INFO django.server basehttp: "GET /static/css/home.css?v=1790129448 HTTP/1.1" 200 12902
[2026-09-23 09:11:01,919] INFO django.server basehttp: "POST /login/ HTTP/1.1" 200 5375
[2026-09-23 09:11:01,941] INFO django.server basehttp: "GET /static/css/home.css?v=1790129461 HTTP/1.1" 200 12902
[2026-09-23 09:11:02,948] INFO django.server basehttp: "GET /static/css/design-system.css?v=1790129461 HTTP/1.1" 200 7762
[2026-09-23 09:11:11,675] INFO django.server basehttp: "POST /login/ HTTP/1.1" 200 5375
[2026-09-23 09:11:11,699] INFO django.server basehttp: "GET /static/css/home.css?v=1790129471 HTTP/1.1" 200 12902
[2026-09-23 09:11:11,699] INFO django.server basehttp: "GET /static/css/design-system.css?v=1790129471 HTTP/1.1" 200 7762
[2026-09-23 09:11:18,011] INFO django.server basehttp: "POST /login/ HTTP/1.1" 200 5375
[2026-09-23 09:11:18,034] INFO django.server basehttp: "GET /static/css/design-system.css?v=1790129478 HTTP/1.1" 200 7762
[2026-09-23 09:11:18,035] INFO django.server basehttp: "GET /static/css/home.css?v=1790129478 HTTP/1.1" 200 12902
[2026-09-23 09:11:21,824] INFO django.server basehttp: "POST /login/ HTTP/1.1" 200 5375
[2026-09-23 09:11:21,847] INFO django.server basehttp: "GET /static/css/design-system.css?v=1790129481 HTTP/1.1" 200 7762
[2026-09-23 09:11:21,847] INFO django.server basehttp: "GET /static/css/home.css?v=1790129481 HTTP/1.1" 200 12902
[2026-09-23 09:11:35,152] INFO django.server basehttp: "POST /login/ HTTP/1.1" 302 0
[2026-09-23 09:11:35,171] INFO django.server basehttp: "GET /dashboard/ HTTP/1.1" 200 9795
[2026-09-23 09:11:35,192] INFO django.server basehttp: "GET /static/css/design-system.css?v=1790129495 HTTP/1.1" 200 7762
[2026-09-23 09:11:35,192] INFO django.server basehttp: "GET /static/css/app-shell.css?v=1790129495 HTTP/1.1" 200 40556
[2026-09-23 09:11:37,503] INFO django.server basehttp: "GET /accounts/users/ HTTP/1.1" 200 8541
[2026-09-23 09:11:37,531] INFO django.server basehttp: "GET /static/css/design-system.css?v=1790129497 HTTP/1.1" 200 7762
[2026-09-23 09:11:37,531] INFO django.server basehttp: "GET /static/css/app-shell.css?v=1790129497 HTTP/1.1" 200 40556
[2026-09-23 09:11:41,978] INFO django.server basehttp: "GET /accounts/users/33/edit/ HTTP/1.1" 200 17664
[2026-09-23 09:11:42,007] INFO django.server basehttp: "GET /static/css/design-system.css?v=1790129501 HTTP/1.1" 200 7762
[2026-09-23 09:11:42,007] INFO django.server basehttp: "GET /static/css/app-shell.css?v=1790129501 HTTP/1.1" 200 40556
[2026-09-23 09:11:51,449] INFO django.server basehttp: "POST /accounts/users/33/edit/ HTTP/1.1" 302 0
[2026-09-23 09:11:51,466] INFO django.server basehttp: "GET /accounts/users/ HTTP/1.1" 200 8707
[2026-09-23 09:11:51,497] INFO django.server basehttp: "GET /static/css/design-system.css?v=1790129511 HTTP/1.1" 200 7762
[2026-09-23 09:11:51,498] INFO django.server basehttp: "GET /static/css/app-shell.css?v=1790129511 HTTP/1.1" 200 40556
[2026-09-23 09:11:54,254] INFO django.server basehttp: "POST /logout/ HTTP/1.1" 302 0
[2026-09-23 09:11:54,298] INFO django.server basehttp: "GET / HTTP/1.1" 200 18836
[2026-09-23 09:11:54,328] INFO django.server basehttp: "GET /static/css/home.css?v=1790129514 HTTP/1.1" 200 12902
[2026-09-23 09:11:54,328] INFO django.server basehttp: "GET /static/css/design-system.css?v=1790129514 HTTP/1.1" 200 7762
[2026-09-23 09:11:55,588] INFO django.server basehttp: "GET /login/ HTTP/1.1" 200 5030
[2026-09-23 09:11:55,618] INFO django.server basehttp: "GET /static/css/design-system.css?v=1790129515 HTTP/1.1" 200 7762
[2026-09-23 09:11:55,618] INFO django.server basehttp: "GET /static/css/home.css?v=1790129515 HTTP/1.1" 200 12902
[2026-09-23 09:11:59,682] INFO django.server basehttp: "POST /login/ HTTP/1.1" 302 0
[2026-09-23 09:11:59,731] INFO django.server basehttp: "GET / HTTP/1.1" 200 19174
[2026-09-23 09:11:59,762] INFO django.server basehttp: "GET /static/css/design-system.css?v=1790129519 HTTP/1.1" 200 7762
[2026-09-23 09:11:59,764] INFO django.server basehttp: "GET /static/css/home.css?v=1790129519 HTTP/1.1" 200 12902
[2026-09-23 09:12:06,005] INFO django.server basehttp: "GET /documents/ HTTP/1.1" 200 20488
[2026-09-23 09:12:06,058] INFO django.server basehttp: "GET /static/css/design-system.css?v=1790129525 HTTP/1.1" 200 7762
[2026-09-23 09:12:06,058] INFO django.server basehttp: "GET /static/css/app-shell.css?v=1790129525 HTTP/1.1" 200 40556
[2026-09-23 09:12:10,968] INFO django.server basehttp: "GET /employees/ HTTP/1.1" 200 4412
[2026-09-23 09:12:10,991] INFO django.server basehttp: "GET /static/css/design-system.css?v=1790129530 HTTP/1.1" 200 7762
[2026-09-23 09:12:11,994] INFO django.server basehttp: "GET /static/css/app-shell.css?v=1790129530 HTTP/1.1" 200 40556
[2026-09-23 09:12:13,214] INFO django.server basehttp: "GET /certificates/ HTTP/1.1" 200 4330
[2026-09-23 09:12:13,239] INFO django.server basehttp: "GET /static/css/design-system.css?v=1790129533 HTTP/1.1" 200 7762
[2026-09-23 09:12:13,239] INFO django.server basehttp: "GET /static/css/app-shell.css?v=1790129533 HTTP/1.1" 200 40556
[2026-09-23 09:12:14,257] INFO django.server basehttp: "GET /documents/ HTTP/1.1" 200 20488
[2026-09-23 09:12:14,286] INFO django.server basehttp: "GET /static/css/design-system.css?v=1790129534 HTTP/1.1" 200 7762
[2026-09-23 09:12:14,286] INFO django.server basehttp: "GET /static/css/app-shell.css?v=1790129534 HTTP/1.1" 200 40556
[2026-09-23 09:12:14,708] INFO django.server basehttp: "GET / HTTP/1.1" 200 19174
[2026-09-23 09:12:14,736] INFO django.server basehttp: "GET /static/css/home.css?v=1790129534 HTTP/1.1" 200 12902
[2026-09-23 09:12:16,690] INFO django.server basehttp: "GET /documents/ HTTP/1.1" 200 20488
[2026-09-23 09:12:16,728] INFO django.server basehttp: "GET /static/css/design-system.css?v=1790129536 HTTP/1.1" 200 7762
[2026-09-23 09:12:16,728] INFO django.server basehttp: "GET /static/css/app-shell.css?v=1790129536 HTTP/1.1" 200 40556
[2026-09-23 09:12:17,833] INFO django.server basehttp: "GET / HTTP/1.1" 200 19174
[2026-09-23 09:12:17,864] INFO django.server basehttp: "GET /static/css/design-system.css?v=1790129537 HTTP/1.1" 200 7762
[2026-09-23 09:12:17,864] INFO django.server basehttp: "GET /static/css/home.css?v=1790129537 HTTP/1.1" 200 12902
[2026-09-23 09:13:20,025] INFO django.server basehttp: "POST /logout/ HTTP/1.1" 302 0
[2026-09-23 09:13:20,099] INFO django.server basehttp: "GET / HTTP/1.1" 200 18836
[2026-09-23 09:13:20,148] INFO django.server basehttp: "GET /static/css/design-system.css?v=1790129600 HTTP/1.1" 200 7762
[2026-09-23 09:13:20,149] INFO django.server basehttp: "GET /static/css/home.css?v=1790129600 HTTP/1.1" 200 12902
[2026-09-23 09:13:22,058] INFO django.server basehttp: "GET /login/ HTTP/1.1" 200 5030
[2026-09-23 09:13:22,089] INFO django.server basehttp: "GET /static/css/home.css?v=1790129602 HTTP/1.1" 200 12902
[2026-09-23 09:13:23,094] INFO django.server basehttp: "GET /static/css/design-system.css?v=1790129602 HTTP/1.1" 200 7762
[2026-09-23 09:13:30,066] INFO django.server basehttp: "POST /login/ HTTP/1.1" 302 0
[2026-09-23 09:13:30,082] INFO django.server basehttp: "GET /dashboard/ HTTP/1.1" 200 9772
[2026-09-23 09:13:30,107] INFO django.server basehttp: "GET /static/css/design-system.css?v=1790129610 HTTP/1.1" 200 7762
[2026-09-23 09:13:30,107] INFO django.server basehttp: "GET /static/css/app-shell.css?v=1790129610 HTTP/1.1" 200 40556
[2026-09-23 09:13:35,543] INFO django.server basehttp: "GET /settings/home-appearance/ HTTP/1.1" 200 20167
[2026-09-23 09:13:35,572] INFO django.server basehttp: "GET /static/css/app-shell.css?v=1790129615 HTTP/1.1" 200 40556
[2026-09-23 09:13:35,572] INFO django.server basehttp: "GET /static/css/design-system.css?v=1790129615 HTTP/1.1" 200 7762
[2026-09-23 09:13:59,650] INFO django.server basehttp: "POST /settings/home-appearance/ HTTP/1.1" 302 0
[2026-09-23 09:13:59,675] INFO django.server basehttp: "GET /settings/home-appearance/ HTTP/1.1" 200 20337
[2026-09-23 09:13:59,708] INFO django.server basehttp: "GET /static/css/design-system.css?v=1790129639 HTTP/1.1" 200 7762
[2026-09-23 09:13:59,710] INFO django.server basehttp: "GET /static/css/app-shell.css?v=1790129639 HTTP/1.1" 200 40556
[2026-09-23 09:13:59,721] INFO django.server basehttp: "GET /media/modules/processed/Doc.gif HTTP/1.1" 200 925983
[2026-09-23 09:14:26,450] INFO django.server basehttp: "POST /settings/home-appearance/ HTTP/1.1" 302 0
[2026-09-23 09:14:26,479] INFO django.server basehttp: "GET /settings/home-appearance/ HTTP/1.1" 200 20337
[2026-09-23 09:14:26,509] INFO django.server basehttp: "GET /static/css/design-system.css?v=1790129666 HTTP/1.1" 200 7762
[2026-09-23 09:14:26,510] INFO django.server basehttp: "GET /static/css/app-shell.css?v=1790129666 HTTP/1.1" 200 40556
[2026-09-23 09:14:26,520] INFO django.server basehttp: "GET /media/modules/processed/Doc.gif HTTP/1.1" 200 925983
[2026-09-23 09:14:50,579] INFO django.server basehttp: "GET /settings/home-appearance/ HTTP/1.1" 200 20177
[2026-09-23 09:14:50,617] INFO django.server basehttp: "GET /media/modules/processed/Doc.gif HTTP/1.1" 304 0
[2026-09-23 09:14:50,618] INFO django.server basehttp: "GET /static/css/design-system.css?v=1790129690 HTTP/1.1" 200 7762
[2026-09-23 09:14:50,619] INFO django.server basehttp: "GET /static/css/app-shell.css?v=1790129690 HTTP/1.1" 200 40556
[2026-09-23 09:14:53,923] INFO django.server basehttp: "GET / HTTP/1.1" 200 19185
[2026-09-23 09:14:53,951] INFO django.server basehttp: "GET /static/css/design-system.css?v=1790129693 HTTP/1.1" 200 7762
[2026-09-23 09:14:53,952] INFO django.server basehttp: "GET /static/css/home.css?v=1790129693 HTTP/1.1" 200 12902
[2026-09-23 09:14:53,954] INFO django.server basehttp: "GET /media/modules/processed/Doc.gif HTTP/1.1" 304 0
[2026-09-23 09:15:21,380] INFO django.server basehttp: "POST /settings/home-appearance/ HTTP/1.1" 302 0
[2026-09-23 09:15:21,405] INFO django.server basehttp: "GET /settings/home-appearance/ HTTP/1.1" 200 20357
[2026-09-23 09:15:21,452] INFO django.server basehttp: "GET /media/modules/processed/Doc.gif HTTP/1.1" 304 0
[2026-09-23 09:15:21,454] INFO django.server basehttp: "GET /static/css/design-system.css?v=1790129721 HTTP/1.1" 200 7762
[2026-09-23 09:15:21,458] INFO django.server basehttp: "GET /static/css/app-shell.css?v=1790129721 HTTP/1.1" 200 40556
[2026-09-23 09:15:21,469] INFO django.server basehttp: "GET /media/modules/processed/Tool2.gif HTTP/1.1" 200 1119879
[2026-09-23 09:15:21,486] INFO django.server basehttp: "GET /media/modules/processed/Happy.gif HTTP/1.1" 200 2320924
[2026-09-23 09:15:25,582] INFO django.server basehttp: "GET / HTTP/1.1" 200 19205
[2026-09-23 09:15:25,619] INFO django.server basehttp: "GET /static/css/design-system.css?v=1790129725 HTTP/1.1" 200 7762
[2026-09-23 09:15:25,619] INFO django.server basehttp: "GET /static/css/home.css?v=1790129725 HTTP/1.1" 200 12902
[2026-09-23 09:15:25,627] INFO django.server basehttp: "GET /media/modules/processed/Tool2.gif HTTP/1.1" 304 0
[2026-09-23 09:15:25,627] INFO django.server basehttp: "GET /media/modules/processed/Doc.gif HTTP/1.1" 304 0
[2026-09-23 09:15:25,627] INFO django.server basehttp: "GET /media/modules/processed/Happy.gif HTTP/1.1" 304 0
[2026-09-23 09:16:06,293] INFO django.server basehttp: "POST /settings/home-appearance/ HTTP/1.1" 302 0
[2026-09-23 09:16:06,317] INFO django.server basehttp: "GET /settings/home-appearance/ HTTP/1.1" 200 20387
[2026-09-23 09:16:06,355] INFO django.server basehttp: "GET /media/modules/processed/Doc.gif HTTP/1.1" 304 0
[2026-09-23 09:16:06,358] INFO django.server basehttp: "GET /media/modules/processed/Happy.gif HTTP/1.1" 304 0
[2026-09-23 09:16:06,358] INFO django.server basehttp: "GET /static/css/design-system.css?v=1790129766 HTTP/1.1" 200 7762
[2026-09-23 09:16:06,360] INFO django.server basehttp: "GET /static/css/app-shell.css?v=1790129766 HTTP/1.1" 200 40556
[2026-09-23 09:16:06,377] INFO django.server basehttp: "GET /media/modules/processed/Cer.gif HTTP/1.1" 200 1286837
[2026-09-23 09:16:06,380] INFO django.server basehttp: "GET /media/modules/processed/Analytics.gif HTTP/1.1" 200 1552807
[2026-09-23 09:16:06,381] INFO django.server basehttp: "GET /media/modules/processed/Manpower.gif HTTP/1.1" 200 1581887
[2026-09-23 09:16:06,388] INFO django.server basehttp: "GET /media/modules/processed/Tool2.gif HTTP/1.1" 200 1119879
[2026-09-23 09:16:08,654] INFO django.server basehttp: "GET / HTTP/1.1" 200 19235
[2026-09-23 09:16:08,694] INFO django.server basehttp: "GET /media/modules/processed/Manpower.gif HTTP/1.1" 304 0
[2026-09-23 09:16:08,694] INFO django.server basehttp: "GET /media/modules/processed/Doc.gif HTTP/1.1" 304 0
[2026-09-23 09:16:08,694] INFO django.server basehttp: "GET /media/modules/processed/Analytics.gif HTTP/1.1" 304 0
[2026-09-23 09:16:08,694] INFO django.server basehttp: "GET /media/modules/processed/Cer.gif HTTP/1.1" 304 0
[2026-09-23 09:16:08,696] INFO django.server basehttp: "GET /static/css/design-system.css?v=1790129768 HTTP/1.1" 200 7762
[2026-09-23 09:16:08,696] INFO django.server basehttp: "GET /static/css/home.css?v=1790129768 HTTP/1.1" 200 12902
[2026-09-23 09:16:08,703] INFO django.server basehttp: "GET /media/modules/processed/Happy.gif HTTP/1.1" 304 0
[2026-09-23 09:16:08,717] INFO django.server basehttp: "GET /media/modules/processed/Tool2.gif HTTP/1.1" 200 1119879
[2026-09-23 09:16:27,527] INFO django.server basehttp: "POST /settings/home-appearance/ HTTP/1.1" 302 0
[2026-09-23 09:16:27,550] INFO django.server basehttp: "GET /settings/home-appearance/ HTTP/1.1" 200 20387
[2026-09-23 09:16:27,593] INFO django.server basehttp: "GET /media/modules/processed/Cer.gif HTTP/1.1" 304 0
[2026-09-23 09:16:27,593] INFO django.server basehttp: "GET /media/modules/processed/Manpower.gif HTTP/1.1" 304 0
[2026-09-23 09:16:27,594] INFO django.server basehttp: "GET /media/hero/Gemini_Generated_Image.jpg HTTP/1.1" 304 0
[2026-09-23 09:16:27,598] INFO django.server basehttp: "GET /media/modules/processed/Tool2.gif HTTP/1.1" 304 0
[2026-09-23 09:16:27,598] INFO django.server basehttp: "GET /static/css/design-system.css?v=1790129787 HTTP/1.1" 200 7762
[2026-09-23 09:16:27,598] INFO django.server basehttp: "GET /media/modules/processed/Happy.gif HTTP/1.1" 304 0
[2026-09-23 09:16:27,599] INFO django.server basehttp: "GET /static/css/app-shell.css?v=1790129787 HTTP/1.1" 200 40556
[2026-09-23 09:16:27,599] INFO django.server basehttp: "GET /media/modules/processed/Analytics.gif HTTP/1.1" 304 0
[2026-09-23 09:16:27,613] INFO django.server basehttp: "GET /media/modules/processed/Doc.gif HTTP/1.1" 200 925983
[2026-09-23 09:16:30,797] INFO django.server basehttp: "GET / HTTP/1.1" 200 19235
[2026-09-23 09:16:30,823] INFO django.server basehttp: "GET /static/img/standards/egat-no5.png HTTP/1.1" 304 0
[2026-09-23 09:16:30,823] INFO django.server basehttp: "GET /static/img/standards/ilac-nsc.png HTTP/1.1" 304 0
[2026-09-23 09:16:30,823] INFO django.server basehttp: "GET /static/img/standards/ahri.png HTTP/1.1" 304 0
[2026-09-23 09:16:30,824] INFO django.server basehttp: "GET /static/img/standards/tisi.png HTTP/1.1" 304 0
[2026-09-23 09:16:30,824] INFO django.server basehttp: "GET /static/css/home.css?v=1790129790 HTTP/1.1" 200 12902
[2026-09-23 09:16:30,825] INFO django.server basehttp: "GET /static/css/design-system.css?v=1790129790 HTTP/1.1" 200 7762
[2026-09-23 09:16:30,826] INFO django.server basehttp: "GET /media/about/Policy.jpg HTTP/1.1" 304 0
[2026-09-23 09:16:30,834] INFO django.server basehttp: "GET /media/hero/Gemini_Generated_Image.jpg HTTP/1.1" 304 0
[2026-09-23 09:16:30,836] INFO django.server basehttp: "GET /media/modules/processed/Analytics.gif HTTP/1.1" 304 0
[2026-09-23 09:16:30,837] INFO django.server basehttp: "GET /media/modules/processed/Manpower.gif HTTP/1.1" 304 0
[2026-09-23 09:16:30,837] INFO django.server basehttp: "GET /media/modules/processed/Happy.gif HTTP/1.1" 304 0
[2026-09-23 09:16:30,837] INFO django.server basehttp: "GET /media/modules/processed/Cer.gif HTTP/1.1" 304 0
[2026-09-23 09:16:30,841] INFO django.server basehttp: "GET /media/modules/processed/Tool2.gif HTTP/1.1" 304 0
[2026-09-23 09:16:30,848] INFO django.server basehttp: "GET /media/modules/processed/Doc.gif HTTP/1.1" 200 925983
[2026-09-23 09:17:05,530] INFO django.server basehttp: "POST /settings/home-appearance/ HTTP/1.1" 302 0
[2026-09-23 09:17:05,559] INFO django.server basehttp: "GET /settings/home-appearance/ HTTP/1.1" 200 20387
[2026-09-23 09:17:05,596] INFO django.server basehttp: "GET /media/modules/processed/Manpower.gif HTTP/1.1" 304 0
[2026-09-23 09:17:05,596] INFO django.server basehttp: "GET /media/modules/processed/Cer.gif HTTP/1.1" 304 0
[2026-09-23 09:17:05,598] INFO django.server basehttp: "GET /media/modules/processed/Analytics.gif HTTP/1.1" 304 0
[2026-09-23 09:17:05,600] INFO django.server basehttp: "GET /media/modules/processed/Tool2.gif HTTP/1.1" 304 0
[2026-09-23 09:17:05,600] INFO django.server basehttp: "GET /static/css/design-system.css?v=1790129825 HTTP/1.1" 200 7762
[2026-09-23 09:17:05,601] INFO django.server basehttp: "GET /media/modules/processed/Happy.gif HTTP/1.1" 304 0
[2026-09-23 09:17:05,602] INFO django.server basehttp: "GET /static/css/app-shell.css?v=1790129825 HTTP/1.1" 200 40556
[2026-09-23 09:17:05,610] INFO django.server basehttp: "GET /media/modules/processed/Doc.gif HTTP/1.1" 200 925983
[2026-09-23 09:17:13,321] INFO django.server basehttp: "GET /documents/ HTTP/1.1" 200 22517
[2026-09-23 09:17:13,357] INFO django.server basehttp: "GET /static/css/design-system.css?v=1790129833 HTTP/1.1" 200 7762
[2026-09-23 09:17:13,357] INFO django.server basehttp: "GET /static/css/app-shell.css?v=1790129833 HTTP/1.1" 200 40556
[2026-09-23 09:17:16,955] INFO django.server basehttp: "GET / HTTP/1.1" 200 19235
[2026-09-23 09:17:16,984] INFO django.server basehttp: "GET /media/modules/processed/Analytics.gif HTTP/1.1" 304 0
[2026-09-23 09:17:16,984] INFO django.server basehttp: "GET /media/modules/processed/Manpower.gif HTTP/1.1" 304 0
[2026-09-23 09:17:16,987] INFO django.server basehttp: "GET /media/modules/processed/Cer.gif HTTP/1.1" 304 0
[2026-09-23 09:17:16,988] INFO django.server basehttp: "GET /media/modules/processed/Tool2.gif HTTP/1.1" 304 0
[2026-09-23 09:17:16,988] INFO django.server basehttp: "GET /media/modules/processed/Happy.gif HTTP/1.1" 304 0
[2026-09-23 09:17:16,989] INFO django.server basehttp: "GET /static/css/home.css?v=1790129836 HTTP/1.1" 200 12902
[2026-09-23 09:17:16,989] INFO django.server basehttp: "GET /static/css/design-system.css?v=1790129836 HTTP/1.1" 200 7762
[2026-09-23 09:17:16,993] INFO django.server basehttp: "GET /media/modules/processed/Doc.gif HTTP/1.1" 200 925983
[2026-09-23 09:17:50,208] INFO django.server basehttp: "GET /documents/ HTTP/1.1" 200 22517
[2026-09-23 09:17:50,241] INFO django.server basehttp: "GET /static/css/design-system.css?v=1790129870 HTTP/1.1" 200 7762
[2026-09-23 09:17:50,242] INFO django.server basehttp: "GET /static/css/app-shell.css?v=1790129870 HTTP/1.1" 200 40556
[2026-09-23 09:19:45,266] INFO django.server basehttp: "GET /datasources/connections/ HTTP/1.1" 200 5525
[2026-09-23 09:19:45,292] INFO django.server basehttp: "GET /static/css/design-system.css?v=1790129985 HTTP/1.1" 200 7762
[2026-09-23 09:19:45,293] INFO django.server basehttp: "GET /static/css/app-shell.css?v=1790129985 HTTP/1.1" 200 40556
[2026-09-23 09:19:51,543] INFO django.server basehttp: "HEAD / HTTP/1.1" 200 0
[2026-09-23 09:19:51,902] INFO django.server basehttp: "GET / HTTP/1.1" 200 18896
[2026-09-23 09:19:51,919] INFO django.server basehttp: "GET /static/css/design-system.css?v=1790129991 HTTP/1.1" 200 7762
[2026-09-23 09:19:51,922] INFO django.server basehttp: "GET /static/css/home.css?v=1790129991 HTTP/1.1" 200 12902
[2026-09-23 09:19:51,924] INFO django.server basehttp: "GET /static/img/standards/egat-no5.png HTTP/1.1" 304 0
[2026-09-23 09:19:51,926] INFO django.server basehttp: "GET /static/img/standards/tisi.png HTTP/1.1" 304 0
[2026-09-23 09:19:51,928] INFO django.server basehttp: "GET /static/img/standards/ahri.png HTTP/1.1" 304 0
[2026-09-23 09:19:51,942] INFO django.server basehttp: "GET /media/hero/Gemini_Generated_Image.jpg HTTP/1.1" 304 0
[2026-09-23 09:19:51,943] INFO django.server basehttp: "GET /static/img/standards/ilac-nsc.png HTTP/1.1" 304 0
[2026-09-23 09:19:51,957] INFO django.server basehttp: "GET /media/modules/processed/Doc.gif HTTP/1.1" 200 925983
[2026-09-23 09:19:51,969] INFO django.server basehttp: "GET /media/modules/processed/Manpower.gif HTTP/1.1" 200 1581887
[2026-09-23 09:19:51,986] INFO django.server basehttp: "GET /media/modules/processed/Cer.gif HTTP/1.1" 200 1286837
[2026-09-23 09:19:52,004] INFO django.server basehttp: "GET /media/modules/processed/Analytics.gif HTTP/1.1" 200 1552807
[2026-09-23 09:19:52,023] INFO django.server basehttp: "GET /media/modules/processed/Happy.gif HTTP/1.1" 200 2320924
[2026-09-23 09:19:52,038] INFO django.server basehttp: "GET /media/modules/processed/Tool2.gif HTTP/1.1" 200 1119879
[2026-09-23 09:19:52,052] WARNING django.server basehttp: "GET /favicon.ico HTTP/1.1" 404 6188
[2026-09-23 09:20:03,932] INFO django.server basehttp: "GET /accounts/users/ HTTP/1.1" 200 8541
[2026-09-23 09:20:03,954] INFO django.server basehttp: "GET /static/css/design-system.css?v=1790130003 HTTP/1.1" 200 7762
[2026-09-23 09:20:03,955] INFO django.server basehttp: "GET /static/css/app-shell.css?v=1790130003 HTTP/1.1" 200 40556
[2026-09-23 09:20:05,699] INFO django.server basehttp: "GET /audit/ HTTP/1.1" 200 9505
[2026-09-23 09:20:05,726] INFO django.server basehttp: "GET /static/css/design-system.css?v=1790130005 HTTP/1.1" 200 7762
[2026-09-23 09:20:06,741] INFO django.server basehttp: "GET /static/css/app-shell.css?v=1790130005 HTTP/1.1" 200 40556
[2026-09-23 09:20:08,507] INFO django.server basehttp: "GET /usage-stats/ HTTP/1.1" 200 7108
[2026-09-23 09:20:08,533] INFO django.server basehttp: "GET /static/css/design-system.css?v=1790130008 HTTP/1.1" 200 7762
[2026-09-23 09:20:08,536] INFO django.server basehttp: "GET /static/css/app-shell.css?v=1790130008 HTTP/1.1" 200 40556
[2026-09-23 09:20:17,747] INFO django.server basehttp: "GET /settings/home-appearance/ HTTP/1.1" 200 20227
[2026-09-23 09:20:17,783] INFO django.server basehttp: "GET /static/css/design-system.css?v=1790130017 HTTP/1.1" 200 7762
[2026-09-23 09:20:17,785] INFO django.server basehttp: "GET /static/css/app-shell.css?v=1790130017 HTTP/1.1" 200 40556
[2026-09-23 09:20:17,790] INFO django.server basehttp: "GET /media/modules/processed/Doc.gif HTTP/1.1" 304 0
[2026-09-23 09:20:17,790] INFO django.server basehttp: "GET /media/modules/processed/Manpower.gif HTTP/1.1" 304 0
[2026-09-23 09:20:17,790] INFO django.server basehttp: "GET /media/modules/processed/Analytics.gif HTTP/1.1" 304 0
[2026-09-23 09:20:17,790] INFO django.server basehttp: "GET /media/modules/processed/Cer.gif HTTP/1.1" 304 0
[2026-09-23 09:20:17,793] INFO django.server basehttp: "GET /media/modules/processed/Tool2.gif HTTP/1.1" 304 0
[2026-09-23 09:20:17,793] INFO django.server basehttp: "GET /media/modules/processed/Happy.gif HTTP/1.1" 304 0
[2026-09-23 09:20:18,549] INFO django.server basehttp: "GET /settings/about-topics/ HTTP/1.1" 200 15597
[2026-09-23 09:20:18,577] INFO django.server basehttp: "GET /static/css/app-shell.css?v=1790130018 HTTP/1.1" 200 40556
[2026-09-23 09:20:19,588] INFO django.server basehttp: "GET /static/css/design-system.css?v=1790130018 HTTP/1.1" 200 7762
[2026-09-23 09:20:20,636] INFO django.server basehttp: "GET /settings/org-groups/ HTTP/1.1" 200 14877
[2026-09-23 09:20:20,666] INFO django.server basehttp: "GET /static/css/design-system.css?v=1790130020 HTTP/1.1" 200 7762
[2026-09-23 09:20:20,666] INFO django.server basehttp: "GET /static/css/app-shell.css?v=1790130020 HTTP/1.1" 200 40556
[2026-09-23 09:20:22,189] INFO django.server basehttp: "GET /datasources/connections/ HTTP/1.1" 200 5525
[2026-09-23 09:20:22,215] INFO django.server basehttp: "GET /static/css/app-shell.css?v=1790130022 HTTP/1.1" 200 40556
[2026-09-23 09:20:23,216] INFO django.server basehttp: "GET /static/css/design-system.css?v=1790130022 HTTP/1.1" 200 7762
[2026-09-23 09:20:24,569] INFO django.server basehttp: "GET /datasources/connections/new/ HTTP/1.1" 200 7683
[2026-09-23 09:20:24,601] INFO django.server basehttp: "GET /static/css/design-system.css?v=1790130024 HTTP/1.1" 200 7762
[2026-09-23 09:20:24,601] INFO django.server basehttp: "GET /static/js/datasources_connection_form.js?v=1790130024 HTTP/1.1" 200 1892
[2026-09-23 09:20:24,602] INFO django.server basehttp: "GET /static/css/app-shell.css?v=1790130024 HTTP/1.1" 200 40556
[2026-09-23 09:21:10,877] INFO django.server basehttp: "GET / HTTP/1.1" 200 19235
[2026-09-23 09:21:10,913] INFO django.server basehttp: "GET /static/css/design-system.css?v=1790130070 HTTP/1.1" 200 7762
[2026-09-23 09:21:10,913] INFO django.server basehttp: "GET /static/css/home.css?v=1790130070 HTTP/1.1" 200 12902
[2026-09-23 09:21:10,918] INFO django.server basehttp: "GET /media/modules/processed/Doc.gif HTTP/1.1" 304 0
[2026-09-23 09:21:10,925] INFO django.server basehttp: "GET /media/modules/processed/Happy.gif HTTP/1.1" 304 0
[2026-09-23 09:21:10,925] INFO django.server basehttp: "GET /media/modules/processed/Analytics.gif HTTP/1.1" 304 0
[2026-09-23 09:21:10,925] INFO django.server basehttp: "GET /media/modules/processed/Manpower.gif HTTP/1.1" 304 0
[2026-09-23 09:21:10,925] INFO django.server basehttp: "GET /media/modules/processed/Tool2.gif HTTP/1.1" 304 0
[2026-09-23 09:21:10,926] INFO django.server basehttp: "GET /media/modules/processed/Cer.gif HTTP/1.1" 304 0
[2026-09-23 09:21:12,742] INFO django.server basehttp: "GET /dashboard/ HTTP/1.1" 200 9749
[2026-09-23 09:21:12,774] INFO django.server basehttp: "GET /static/css/design-system.css?v=1790130072 HTTP/1.1" 200 7762
[2026-09-23 09:21:12,774] INFO django.server basehttp: "GET /static/css/app-shell.css?v=1790130072 HTTP/1.1" 200 40556
[2026-09-23 09:21:16,337] INFO django.server basehttp: "GET /documents/ HTTP/1.1" 200 22517
[2026-09-23 09:21:16,366] INFO django.server basehttp: "GET /static/css/design-system.css?v=1790130076 HTTP/1.1" 200 7762
[2026-09-23 09:21:16,367] INFO django.server basehttp: "GET /static/css/app-shell.css?v=1790130076 HTTP/1.1" 200 40556
[2026-09-23 09:21:17,704] INFO django.server basehttp: "GET / HTTP/1.1" 200 19235
[2026-09-23 09:21:17,735] INFO django.server basehttp: "GET /static/css/design-system.css?v=1790130077 HTTP/1.1" 200 7762
[2026-09-23 09:21:17,736] INFO django.server basehttp: "GET /static/css/home.css?v=1790130077 HTTP/1.1" 200 12902
[2026-09-23 09:21:54,435] INFO django.server basehttp: "GET /happy-workplace/ HTTP/1.1" 200 17781
[2026-09-23 09:21:54,465] INFO django.server basehttp: "GET /static/css/design-system.css?v=1790130114 HTTP/1.1" 200 7762
[2026-09-23 09:21:54,470] INFO django.server basehttp: "GET /static/css/app-shell.css?v=1790130114 HTTP/1.1" 200 40556
[2026-09-23 09:21:54,470] INFO django.server basehttp: "GET /static/css/happy_workplace.css?v=1790130114 HTTP/1.1" 200 38401
[2026-09-23 09:21:54,494] INFO django.server basehttp: "GET /media/happy_workplace/posters/DT_Birthday_SSbYLAI.png HTTP/1.1" 200 1881326
[2026-09-23 09:21:54,516] INFO django.server basehttp: "GET /media/happy_workplace/posters/image_2.png HTTP/1.1" 200 2640225
[2026-09-23 09:21:54,517] INFO django.server basehttp: "GET /media/happy_workplace/posters/image_4.png HTTP/1.1" 200 3005207
[2026-09-23 09:21:58,173] INFO django.server basehttp: "GET /happy-workplace/manage/ HTTP/1.1" 200 25157
[2026-09-23 09:21:58,209] INFO django.server basehttp: "GET /static/css/design-system.css?v=1790130118 HTTP/1.1" 200 7762
[2026-09-23 09:21:58,218] INFO django.server basehttp: "GET /static/css/app-shell.css?v=1790130118 HTTP/1.1" 200 40556
[2026-09-23 09:21:58,218] INFO django.server basehttp: "GET /static/css/happy_workplace.css?v=1790130118 HTTP/1.1" 200 38401
[2026-09-23 09:21:58,221] INFO django.server basehttp: "GET /media/happy_workplace/fortunes/p-1.jpg HTTP/1.1" 200 156028
[2026-09-23 09:21:58,224] INFO django.server basehttp: "GET /media/happy_workplace/fortunes/p-2.jpg HTTP/1.1" 200 157930
[2026-09-23 09:21:58,225] INFO django.server basehttp: "GET /media/happy_workplace/fortunes/p-3.jpg HTTP/1.1" 200 157127
[2026-09-23 09:21:58,227] INFO django.server basehttp: "GET /media/happy_workplace/fortunes/p-4.jpg HTTP/1.1" 200 161419
[2026-09-23 09:21:58,231] INFO django.server basehttp: "GET /media/happy_workplace/fortunes/p-5.jpg HTTP/1.1" 200 156107
[2026-09-23 09:21:58,237] INFO django.server basehttp: "GET /media/happy_workplace/fortunes/p-6.jpg HTTP/1.1" 200 155260
[2026-09-23 09:21:58,242] INFO django.server basehttp: "GET /media/happy_workplace/fortunes/p-7.jpg HTTP/1.1" 200 156407
[2026-09-23 09:21:58,246] INFO django.server basehttp: "GET /media/happy_workplace/fortunes/p-8.jpg HTTP/1.1" 200 151466
[2026-09-23 09:21:58,251] INFO django.server basehttp: "GET /media/happy_workplace/fortunes/p-9.jpg HTTP/1.1" 200 172498
[2026-09-23 09:21:58,260] INFO django.server basehttp: "GET /media/happy_workplace/fortunes/p-10.jpg HTTP/1.1" 200 138889
[2026-09-23 09:21:58,266] INFO django.server basehttp: "GET /media/happy_workplace/fortunes/p-11.jpg HTTP/1.1" 200 155558
[2026-09-23 09:21:58,272] INFO django.server basehttp: "GET /media/happy_workplace/fortunes/p-12.jpg HTTP/1.1" 200 152040
[2026-09-23 09:21:58,279] INFO django.server basehttp: "GET /media/happy_workplace/fortunes/p-13.jpg HTTP/1.1" 200 152718
[2026-09-23 09:21:58,299] INFO django.server basehttp: "GET /media/happy_workplace/fortunes/p-14.jpg HTTP/1.1" 200 174853
[2026-09-23 09:21:58,300] INFO django.server basehttp: "GET /media/happy_workplace/fortunes/p-15.jpg HTTP/1.1" 200 148557
[2026-09-23 09:21:58,304] INFO django.server basehttp: "GET /media/happy_workplace/fortunes/p-16.jpg HTTP/1.1" 200 127111
[2026-09-23 09:21:58,312] INFO django.server basehttp: "GET /media/happy_workplace/fortunes/p-17.jpg HTTP/1.1" 200 156009
[2026-09-23 09:21:58,315] INFO django.server basehttp: "GET /media/happy_workplace/fortunes/p-18.jpg HTTP/1.1" 200 129251
[2026-09-23 09:21:58,327] INFO django.server basehttp: "GET /media/happy_workplace/fortunes/p-19.jpg HTTP/1.1" 200 156639
[2026-09-23 09:21:58,332] INFO django.server basehttp: "GET /media/happy_workplace/fortunes/p-20.jpg HTTP/1.1" 200 155003
[2026-09-23 09:21:58,333] INFO django.server basehttp: "GET /media/happy_workplace/fortunes/p-21.jpg HTTP/1.1" 200 148851
[2026-09-23 09:21:58,339] INFO django.server basehttp: "GET /media/happy_workplace/fortunes/p-22.jpg HTTP/1.1" 200 151413
[2026-09-23 09:21:58,343] INFO django.server basehttp: "GET /media/happy_workplace/fortunes/p-23.jpg HTTP/1.1" 200 155558
[2026-09-23 09:21:58,346] INFO django.server basehttp: "GET /media/happy_workplace/fortunes/p-24.jpg HTTP/1.1" 200 162730
[2026-09-23 09:21:58,352] INFO django.server basehttp: "GET /media/happy_workplace/fortunes/p-25.jpg HTTP/1.1" 200 159355
[2026-09-23 09:21:58,358] INFO django.server basehttp: "GET /media/happy_workplace/fortunes/p-26.jpg HTTP/1.1" 200 155634
[2026-09-23 09:21:58,358] INFO django.server basehttp: "GET /media/happy_workplace/fortunes/p-27.jpg HTTP/1.1" 200 160106
[2026-09-23 09:21:58,362] INFO django.server basehttp: "GET /media/happy_workplace/fortunes/p-28.jpg HTTP/1.1" 200 158678
[2026-09-23 09:22:24,007] INFO django.server basehttp: "GET /happy-workplace/ HTTP/1.1" 200 17781
[2026-09-23 09:22:24,044] INFO django.server basehttp: "GET /static/css/design-system.css?v=1790130143 HTTP/1.1" 200 7762
[2026-09-23 09:22:24,045] INFO django.server basehttp: "GET /static/css/app-shell.css?v=1790130143 HTTP/1.1" 200 40556
[2026-09-23 09:22:24,045] INFO django.server basehttp: "GET /static/css/happy_workplace.css?v=1790130143 HTTP/1.1" 200 38401
[2026-09-23 09:22:54,665] INFO django.server basehttp: "GET /happy-workplace/fortune-stick/ HTTP/1.1" 200 18872
[2026-09-23 09:22:54,699] INFO django.server basehttp: "GET /static/css/design-system.css?v=1790130174 HTTP/1.1" 200 7762
[2026-09-23 09:22:54,700] INFO django.server basehttp: "GET /static/css/app-shell.css?v=1790130174 HTTP/1.1" 200 40556
[2026-09-23 09:22:54,700] INFO django.server basehttp: "GET /static/css/happy_workplace.css?v=1790130174 HTTP/1.1" 200 38401
[2026-09-23 09:23:07,115] INFO django.server basehttp: "GET /happy-workplace/ HTTP/1.1" 200 17781
[2026-09-23 09:23:07,150] INFO django.server basehttp: "GET /static/css/design-system.css?v=1790130187 HTTP/1.1" 200 7762
[2026-09-23 09:23:07,150] INFO django.server basehttp: "GET /static/css/happy_workplace.css?v=1790130187 HTTP/1.1" 200 38401
[2026-09-23 09:23:07,151] INFO django.server basehttp: "GET /static/css/app-shell.css?v=1790130187 HTTP/1.1" 200 40556
[2026-09-23 09:23:08,531] INFO django.server basehttp: "GET /happy-workplace/phone-analysis/ HTTP/1.1" 200 68865
[2026-09-23 09:23:08,560] INFO django.server basehttp: "GET /static/css/design-system.css?v=1790130188 HTTP/1.1" 200 7762
[2026-09-23 09:23:08,562] INFO django.server basehttp: "GET /static/css/happy_workplace.css?v=1790130188 HTTP/1.1" 200 38401
[2026-09-23 09:23:08,562] INFO django.server basehttp: "GET /static/css/app-shell.css?v=1790130188 HTTP/1.1" 200 40556
[2026-09-23 09:23:16,485] INFO django.server basehttp: "GET /happy-workplace/ HTTP/1.1" 200 17781
[2026-09-23 09:23:16,518] INFO django.server basehttp: "GET /static/css/design-system.css?v=1790130196 HTTP/1.1" 200 7762
[2026-09-23 09:23:16,520] INFO django.server basehttp: "GET /static/css/app-shell.css?v=1790130196 HTTP/1.1" 200 40556
[2026-09-23 09:23:16,520] INFO django.server basehttp: "GET /static/css/happy_workplace.css?v=1790130196 HTTP/1.1" 200 38401
[2026-09-23 09:23:17,765] INFO django.server basehttp: "GET /happy-workplace/dream/ HTTP/1.1" 200 52014
[2026-09-23 09:23:17,795] INFO django.server basehttp: "GET /static/css/design-system.css?v=1790130197 HTTP/1.1" 200 7762
[2026-09-23 09:23:17,795] INFO django.server basehttp: "GET /static/css/app-shell.css?v=1790130197 HTTP/1.1" 200 40556
[2026-09-23 09:23:17,796] INFO django.server basehttp: "GET /static/css/happy_workplace.css?v=1790130197 HTTP/1.1" 200 38401
[2026-09-23 09:23:17,796] INFO django.server basehttp: "GET /static/js/hwp_dreams_extra.js?v=1790130197 HTTP/1.1" 200 96687
[2026-09-23 09:24:13,574] INFO django.server basehttp: "GET /happy-workplace/ HTTP/1.1" 200 17781
[2026-09-23 09:24:13,606] INFO django.server basehttp: "GET /static/css/design-system.css?v=1790130253 HTTP/1.1" 200 7762
[2026-09-23 09:24:13,611] INFO django.server basehttp: "GET /static/css/app-shell.css?v=1790130253 HTTP/1.1" 200 40556
[2026-09-23 09:24:13,611] INFO django.server basehttp: "GET /static/css/happy_workplace.css?v=1790130253 HTTP/1.1" 200 38401
[2026-09-23 09:24:15,671] INFO django.server basehttp: "GET / HTTP/1.1" 200 19235
[2026-09-23 09:24:15,703] INFO django.server basehttp: "GET /static/img/standards/egat-no5.png HTTP/1.1" 304 0
[2026-09-23 09:24:15,703] INFO django.server basehttp: "GET /static/img/standards/tisi.png HTTP/1.1" 304 0
[2026-09-23 09:24:15,704] INFO django.server basehttp: "GET /static/img/standards/ahri.png HTTP/1.1" 304 0
[2026-09-23 09:24:15,704] INFO django.server basehttp: "GET /static/img/standards/ilac-nsc.png HTTP/1.1" 304 0
[2026-09-23 09:24:15,705] INFO django.server basehttp: "GET /static/css/design-system.css?v=1790130255 HTTP/1.1" 200 7762
[2026-09-23 09:24:15,705] INFO django.server basehttp: "GET /static/css/home.css?v=1790130255 HTTP/1.1" 200 12902
[2026-09-23 09:24:15,710] INFO django.server basehttp: "GET /media/hero/Gemini_Generated_Image.jpg HTTP/1.1" 304 0
[2026-09-23 09:24:15,716] INFO django.server basehttp: "GET /media/modules/processed/Analytics.gif HTTP/1.1" 304 0
[2026-09-23 09:24:15,716] INFO django.server basehttp: "GET /media/modules/processed/Doc.gif HTTP/1.1" 304 0
[2026-09-23 09:24:15,716] INFO django.server basehttp: "GET /media/modules/processed/Cer.gif HTTP/1.1" 304 0
[2026-09-23 09:24:15,716] INFO django.server basehttp: "GET /media/modules/processed/Manpower.gif HTTP/1.1" 304 0
[2026-09-23 09:24:15,716] INFO django.server basehttp: "GET /media/modules/processed/Happy.gif HTTP/1.1" 304 0
[2026-09-23 09:24:15,718] INFO django.server basehttp: "GET /media/modules/processed/Tool2.gif HTTP/1.1" 304 0
[2026-09-23 09:24:16,505] INFO django.server basehttp: "GET /media/about/Policy.jpg HTTP/1.1" 304 0
[2026-09-23 09:25:10,118] INFO django.server basehttp: "GET /happy-workplace/ HTTP/1.1" 200 17781
[2026-09-23 09:25:10,173] INFO django.server basehttp: "GET /static/css/design-system.css?v=1790130310 HTTP/1.1" 200 7762
[2026-09-23 09:25:10,174] INFO django.server basehttp: "GET /static/css/happy_workplace.css?v=1790130310 HTTP/1.1" 200 38401
[2026-09-23 09:25:10,175] INFO django.server basehttp: "GET /static/css/app-shell.css?v=1790130310 HTTP/1.1" 200 40556
[2026-09-23 09:25:38,334] INFO django.server basehttp: "GET /dashboard/ HTTP/1.1" 200 9749
[2026-09-23 09:25:38,358] INFO django.server basehttp: "GET /static/css/design-system.css?v=1790130338 HTTP/1.1" 200 7762
[2026-09-23 09:25:38,359] INFO django.server basehttp: "GET /static/css/app-shell.css?v=1790130338 HTTP/1.1" 200 40556
[2026-09-23 09:25:45,076] INFO django.server basehttp: "GET / HTTP/1.1" 200 19235
[2026-09-23 09:25:45,105] INFO django.server basehttp: "GET /static/css/design-system.css?v=1790130345 HTTP/1.1" 200 7762
[2026-09-23 09:25:45,111] INFO django.server basehttp: "GET /media/modules/processed/Happy.gif HTTP/1.1" 304 0
[2026-09-23 09:25:45,111] INFO django.server basehttp: "GET /media/modules/processed/Doc.gif HTTP/1.1" 304 0
[2026-09-23 09:25:45,112] INFO django.server basehttp: "GET /media/modules/processed/Manpower.gif HTTP/1.1" 304 0
[2026-09-23 09:25:45,112] INFO django.server basehttp: "GET /media/modules/processed/Cer.gif HTTP/1.1" 304 0
[2026-09-23 09:25:45,112] INFO django.server basehttp: "GET /media/modules/processed/Analytics.gif HTTP/1.1" 304 0
[2026-09-23 09:25:45,114] INFO django.server basehttp: "GET /static/css/home.css?v=1790130345 HTTP/1.1" 200 12902
[2026-09-23 09:25:45,114] INFO django.server basehttp: "GET /media/modules/processed/Tool2.gif HTTP/1.1" 304 0
[2026-09-23 09:28:44,441] INFO django.server basehttp: "GET /dashboard/ HTTP/1.1" 200 9749
[2026-09-23 09:28:44,466] INFO django.server basehttp: "GET /static/css/design-system.css?v=1790130524 HTTP/1.1" 200 7762
[2026-09-23 09:28:44,473] INFO django.server basehttp: "GET /static/css/app-shell.css?v=1790130524 HTTP/1.1" 200 40556
[2026-09-23 09:28:46,492] INFO django.server basehttp: "GET /settings/home-appearance/ HTTP/1.1" 200 20227
[2026-09-23 09:28:46,534] INFO django.server basehttp: "GET /media/modules/processed/Analytics.gif HTTP/1.1" 304 0
[2026-09-23 09:28:46,536] INFO django.server basehttp: "GET /media/modules/processed/Manpower.gif HTTP/1.1" 304 0
[2026-09-23 09:28:46,537] INFO django.server basehttp: "GET /media/modules/processed/Cer.gif HTTP/1.1" 304 0
[2026-09-23 09:28:46,537] INFO django.server basehttp: "GET /media/modules/processed/Doc.gif HTTP/1.1" 304 0
[2026-09-23 09:28:46,537] INFO django.server basehttp: "GET /media/modules/processed/Happy.gif HTTP/1.1" 304 0
[2026-09-23 09:28:46,538] INFO django.server basehttp: "GET /static/css/design-system.css?v=1790130526 HTTP/1.1" 200 7762
[2026-09-23 09:28:46,539] INFO django.server basehttp: "GET /media/modules/processed/Tool2.gif HTTP/1.1" 304 0
[2026-09-23 09:28:46,539] INFO django.server basehttp: "GET /static/css/app-shell.css?v=1790130526 HTTP/1.1" 200 40556
[2026-09-23 09:28:51,103] INFO django.server basehttp: "POST /settings/home-appearance/ HTTP/1.1" 302 0
[2026-09-23 09:28:51,121] INFO django.server basehttp: "GET /settings/home-appearance/ HTTP/1.1" 200 20232
[2026-09-23 09:28:51,154] INFO django.server basehttp: "GET /static/css/design-system.css?v=1790130531 HTTP/1.1" 200 7762
[2026-09-23 09:28:51,155] INFO django.server basehttp: "GET /static/css/app-shell.css?v=1790130531 HTTP/1.1" 200 40556
[2026-09-23 09:29:00,883] INFO django.server basehttp: "POST /settings/home-appearance/ HTTP/1.1" 302 0
[2026-09-23 09:29:00,900] INFO django.server basehttp: "GET /settings/home-appearance/ HTTP/1.1" 200 20426
[2026-09-23 09:29:00,931] INFO django.server basehttp: "GET /static/css/design-system.css?v=1790130540 HTTP/1.1" 200 7762
[2026-09-23 09:29:00,932] INFO django.server basehttp: "GET /static/css/app-shell.css?v=1790130540 HTTP/1.1" 200 40556
[2026-09-23 09:29:00,939] INFO django.server basehttp: "GET /media/hero/Gemini_Generated_Image_gJaXgC6.jpg HTTP/1.1" 200 706885
[2026-09-23 09:29:12,120] INFO django.server basehttp: "HEAD / HTTP/1.1" 200 0
[2026-09-23 09:29:12,480] INFO django.server basehttp: "GET / HTTP/1.1" 200 18904
[2026-09-23 09:29:12,496] INFO django.server basehttp: "GET /static/css/design-system.css?v=1790130552 HTTP/1.1" 200 7762
[2026-09-23 09:29:12,499] INFO django.server basehttp: "GET /static/css/home.css?v=1790130552 HTTP/1.1" 200 12902
[2026-09-23 09:29:12,501] INFO django.server basehttp: "GET /static/img/standards/egat-no5.png HTTP/1.1" 304 0
[2026-09-23 09:29:12,501] INFO django.server basehttp: "GET /static/img/standards/tisi.png HTTP/1.1" 304 0
[2026-09-23 09:29:12,503] INFO django.server basehttp: "GET /static/img/standards/ahri.png HTTP/1.1" 304 0
[2026-09-23 09:29:12,523] INFO django.server basehttp: "GET /media/hero/Gemini_Generated_Image_gJaXgC6.jpg HTTP/1.1" 200 706885
[2026-09-23 09:29:12,524] INFO django.server basehttp: "GET /static/img/standards/ilac-nsc.png HTTP/1.1" 304 0
[2026-09-23 09:29:12,526] INFO django.server basehttp: "GET /media/modules/processed/Doc.gif HTTP/1.1" 304 0
[2026-09-23 09:29:12,527] INFO django.server basehttp: "GET /media/modules/processed/Manpower.gif HTTP/1.1" 304 0
[2026-09-23 09:29:12,529] INFO django.server basehttp: "GET /media/modules/processed/Cer.gif HTTP/1.1" 304 0
[2026-09-23 09:29:12,531] INFO django.server basehttp: "GET /media/modules/processed/Analytics.gif HTTP/1.1" 304 0
[2026-09-23 09:29:12,532] INFO django.server basehttp: "GET /media/modules/processed/Happy.gif HTTP/1.1" 304 0
[2026-09-23 09:29:12,533] INFO django.server basehttp: "GET /media/modules/processed/Tool2.gif HTTP/1.1" 304 0
[2026-09-23 09:29:12,543] WARNING django.server basehttp: "GET /favicon.ico HTTP/1.1" 404 6188
[2026-09-23 09:29:15,834] INFO django.server basehttp: "GET /happy-workplace/fortune-stick/ HTTP/1.1" 200 18507
[2026-09-23 09:29:15,847] INFO django.server basehttp: "GET /static/css/design-system.css?v=1790130555 HTTP/1.1" 200 7762
[2026-09-23 09:29:15,848] INFO django.server basehttp: "GET /static/css/app-shell.css?v=1790130555 HTTP/1.1" 200 40556
[2026-09-23 09:29:15,850] INFO django.server basehttp: "GET /static/css/happy_workplace.css?v=1790130555 HTTP/1.1" 200 38401
[2026-09-23 09:29:15,852] INFO django.server basehttp: "GET /static/js/hwp_play.js?v=1790130555 HTTP/1.1" 200 1103
[2026-09-23 09:29:16,340] WARNING django.server basehttp: "GET /favicon.ico HTTP/1.1" 404 6188
[2026-09-23 09:29:31,315] INFO django.server basehttp: "POST /happy-workplace/play/fortune/start/ HTTP/1.1" 200 40
[2026-09-23 09:29:33,143] INFO django.server basehttp: "GET /media/happy_workplace/fortunes/p-21.jpg HTTP/1.1" 200 148851
[2026-09-23 09:29:40,369] INFO django.server basehttp: "POST /happy-workplace/play/fortune/start/ HTTP/1.1" 200 40
[2026-09-23 09:29:42,194] INFO django.server basehttp: "GET /media/happy_workplace/fortunes/p-20.jpg HTTP/1.1" 200 155003
[2026-09-23 09:29:42,582] INFO django.server basehttp: "POST /happy-workplace/play/fortune/start/ HTTP/1.1" 200 40
[2026-09-23 09:29:44,407] INFO django.server basehttp: "GET /media/happy_workplace/fortunes/p-22.jpg HTTP/1.1" 200 151413
[2026-09-23 09:29:49,461] INFO django.server basehttp: "POST /settings/home-appearance/ HTTP/1.1" 302 0
[2026-09-23 09:29:49,506] INFO django.server basehttp: "GET /settings/home-appearance/ HTTP/1.1" 200 20232
[2026-09-23 09:29:49,537] INFO django.server basehttp: "GET /static/css/design-system.css?v=1790130589 HTTP/1.1" 200 7762
[2026-09-23 09:29:49,538] INFO django.server basehttp: "GET /static/css/app-shell.css?v=1790130589 HTTP/1.1" 200 40556
[2026-09-23 09:29:50,883] WARNING django.server basehttp: "POST /happy-workplace/play/fortune/start/ HTTP/1.1" 403 41
[2026-09-23 09:29:53,948] INFO django.server basehttp: "GET /happy-workplace/phone-analysis/ HTTP/1.1" 200 68891
[2026-09-23 09:29:53,966] INFO django.server basehttp: "GET /static/css/happy_workplace.css?v=1790130593 HTTP/1.1" 200 38401
[2026-09-23 09:29:53,966] INFO django.server basehttp: "GET /static/css/app-shell.css?v=1790130593 HTTP/1.1" 200 40556
[2026-09-23 09:29:53,967] INFO django.server basehttp: "GET /static/css/design-system.css?v=1790130593 HTTP/1.1" 200 7762
[2026-09-23 09:29:53,968] INFO django.server basehttp: "GET /static/js/hwp_play.js?v=1790130593 HTTP/1.1" 200 1103
[2026-09-23 09:29:53,997] WARNING django.server basehttp: "GET /favicon.ico HTTP/1.1" 404 6188
[2026-09-23 09:29:57,392] INFO django.server basehttp: "POST /happy-workplace/play/phone_analysis/start/ HTTP/1.1" 200 40
[2026-09-23 09:29:57,405] WARNING django.server basehttp: "GET /favicon.ico HTTP/1.1" 404 6188
[2026-09-23 09:29:58,506] INFO django.server basehttp: "POST /settings/home-appearance/ HTTP/1.1" 302 0
[2026-09-23 09:29:58,526] INFO django.server basehttp: "GET /settings/home-appearance/ HTTP/1.1" 200 20453
[2026-09-23 09:29:58,557] INFO django.server basehttp: "GET /static/css/design-system.css?v=1790130598 HTTP/1.1" 200 7762
[2026-09-23 09:29:58,560] INFO django.server basehttp: "GET /static/css/app-shell.css?v=1790130598 HTTP/1.1" 200 40556
[2026-09-23 09:29:58,561] INFO django.server basehttp: "GET /media/modules/processed/Doc.gif HTTP/1.1" 304 0
[2026-09-23 09:29:58,593] INFO django.server basehttp: "GET /media/hero/Gemini_Generated_Image_9b4jie9b4jie9b4j.jpg HTTP/1.1" 200 2363825
[2026-09-23 09:30:01,741] INFO django.server basehttp: "GET / HTTP/1.1" 200 19252
[2026-09-23 09:30:01,772] INFO django.server basehttp: "GET /media/hero/Gemini_Generated_Image_9b4jie9b4jie9b4j.jpg HTTP/1.1" 304 0
[2026-09-23 09:30:01,774] INFO django.server basehttp: "GET /static/css/design-system.css?v=1790130601 HTTP/1.1" 200 7762
[2026-09-23 09:30:01,775] INFO django.server basehttp: "GET /static/css/home.css?v=1790130601 HTTP/1.1" 200 12902
[2026-09-23 09:30:03,769] WARNING django.server basehttp: "GET /favicon.ico HTTP/1.1" 404 6188
[2026-09-23 09:30:03,789] INFO django.server basehttp: "POST /happy-workplace/play/phone_analysis/start/ HTTP/1.1" 200 40
[2026-09-23 09:30:03,800] WARNING django.server basehttp: "GET /favicon.ico HTTP/1.1" 404 6188
[2026-09-23 09:30:04,282] WARNING django.server basehttp: "GET /favicon.ico HTTP/1.1" 404 6188
[2026-09-23 09:30:04,305] INFO django.server basehttp: "POST /happy-workplace/play/phone_analysis/start/ HTTP/1.1" 200 40
[2026-09-23 09:30:04,315] WARNING django.server basehttp: "GET /favicon.ico HTTP/1.1" 404 6188
[2026-09-23 09:30:08,133] INFO django.server basehttp: "GET /happy-workplace/dream/ HTTP/1.1" 200 51838
[2026-09-23 09:30:08,149] INFO django.server basehttp: "GET /static/css/design-system.css?v=1790130608 HTTP/1.1" 200 7762
[2026-09-23 09:30:08,149] INFO django.server basehttp: "GET /static/css/app-shell.css?v=1790130608 HTTP/1.1" 200 40556
[2026-09-23 09:30:08,150] INFO django.server basehttp: "GET /static/js/hwp_play.js?v=1790130608 HTTP/1.1" 200 1103
[2026-09-23 09:30:08,150] INFO django.server basehttp: "GET /static/css/happy_workplace.css?v=1790130608 HTTP/1.1" 200 38401
[2026-09-23 09:30:08,159] INFO django.server basehttp: "GET /static/js/hwp_dreams_extra.js?v=1790130608 HTTP/1.1" 200 96687
[2026-09-23 09:30:08,192] WARNING django.server basehttp: "GET /favicon.ico HTTP/1.1" 404 6188
[2026-09-23 09:30:11,939] INFO django.server basehttp: "POST /happy-workplace/play/dream/start/ HTTP/1.1" 200 40
[2026-09-23 09:30:16,256] INFO django.server basehttp: "POST /happy-workplace/play/dream/start/ HTTP/1.1" 200 40
[2026-09-23 09:30:16,665] INFO django.server basehttp: "POST /happy-workplace/play/dream/start/ HTTP/1.1" 200 40
[2026-09-23 09:30:31,010] INFO django.server basehttp: "GET /login/ HTTP/1.1" 200 4891
[2026-09-23 09:30:31,024] INFO django.server basehttp: "GET /static/css/design-system.css?v=1790130631 HTTP/1.1" 200 7762
[2026-09-23 09:30:31,024] INFO django.server basehttp: "GET /static/css/home.css?v=1790130631 HTTP/1.1" 200 12902
[2026-09-23 09:30:31,041] WARNING django.server basehttp: "GET /favicon.ico HTTP/1.1" 404 6188
[2026-09-23 09:30:35,212] INFO django.server basehttp: "POST /login/ HTTP/1.1" 302 0
[2026-09-23 09:30:35,233] INFO django.server basehttp: "GET /dashboard/ HTTP/1.1" 200 9773
[2026-09-23 09:30:38,394] INFO django.server basehttp: "GET /happy-workplace/manage/ HTTP/1.1" 200 26372
[2026-09-23 09:30:38,416] INFO django.server basehttp: "GET /static/css/design-system.css?v=1790130638 HTTP/1.1" 200 7762
[2026-09-23 09:30:38,418] INFO django.server basehttp: "GET /static/css/app-shell.css?v=1790130638 HTTP/1.1" 200 40556
[2026-09-23 09:30:38,426] INFO django.server basehttp: "GET /static/css/happy_workplace.css?v=1790130638 HTTP/1.1" 200 38401
[2026-09-23 09:30:38,446] INFO django.server basehttp: "GET /media/happy_workplace/fortunes/p-1.jpg HTTP/1.1" 200 156028
[2026-09-23 09:30:38,448] INFO django.server basehttp: "GET /media/happy_workplace/fortunes/p-2.jpg HTTP/1.1" 200 157930
[2026-09-23 09:30:38,464] INFO django.server basehttp: "GET /media/happy_workplace/fortunes/p-3.jpg HTTP/1.1" 200 157127
[2026-09-23 09:30:38,469] INFO django.server basehttp: "GET /media/happy_workplace/posters/DT_Birthday_SSbYLAI.png HTTP/1.1" 200 1881326
[2026-09-23 09:30:38,476] INFO django.server basehttp: "GET /media/happy_workplace/posters/image_2.png HTTP/1.1" 200 2640225
[2026-09-23 09:30:38,479] INFO django.server basehttp: "GET /media/happy_workplace/posters/image_4.png HTTP/1.1" 200 3005207
[2026-09-23 09:30:38,480] INFO django.server basehttp: "GET /media/happy_workplace/fortunes/p-4.jpg HTTP/1.1" 200 161419
[2026-09-23 09:30:38,501] INFO django.server basehttp: "GET /media/happy_workplace/fortunes/p-5.jpg HTTP/1.1" 200 156107
[2026-09-23 09:30:38,502] INFO django.server basehttp: "GET /media/happy_workplace/fortunes/p-7.jpg HTTP/1.1" 200 156407
[2026-09-23 09:30:38,504] INFO django.server basehttp: "GET /media/happy_workplace/fortunes/p-6.jpg HTTP/1.1" 200 155260
[2026-09-23 09:30:38,505] INFO django.server basehttp: "GET /media/happy_workplace/fortunes/p-8.jpg HTTP/1.1" 200 151466
[2026-09-23 09:30:38,506] INFO django.server basehttp: "GET /media/happy_workplace/fortunes/p-9.jpg HTTP/1.1" 200 172498
[2026-09-23 09:30:38,519] INFO django.server basehttp: "GET /media/happy_workplace/fortunes/p-10.jpg HTTP/1.1" 200 138889
[2026-09-23 09:30:38,521] INFO django.server basehttp: "GET /media/happy_workplace/fortunes/p-11.jpg HTTP/1.1" 200 155558
[2026-09-23 09:30:38,522] INFO django.server basehttp: "GET /media/happy_workplace/fortunes/p-12.jpg HTTP/1.1" 200 152040
[2026-09-23 09:30:38,526] INFO django.server basehttp: "GET /media/happy_workplace/fortunes/p-14.jpg HTTP/1.1" 200 174853
[2026-09-23 09:30:38,535] INFO django.server basehttp: "GET /media/happy_workplace/fortunes/p-16.jpg HTTP/1.1" 200 127111
[2026-09-23 09:30:38,536] INFO django.server basehttp: "GET /media/happy_workplace/fortunes/p-13.jpg HTTP/1.1" 200 152718
[2026-09-23 09:30:38,538] INFO django.server basehttp: "GET /media/happy_workplace/fortunes/p-17.jpg HTTP/1.1" 200 156009
[2026-09-23 09:30:38,540] INFO django.server basehttp: "GET /media/happy_workplace/fortunes/p-18.jpg HTTP/1.1" 200 129251
[2026-09-23 09:30:38,553] INFO django.server basehttp: "GET /media/happy_workplace/fortunes/p-19.jpg HTTP/1.1" 200 156639
[2026-09-23 09:30:38,555] INFO django.server basehttp: "GET /media/happy_workplace/fortunes/p-23.jpg HTTP/1.1" 200 155558
[2026-09-23 09:30:38,559] INFO django.server basehttp: "GET /media/happy_workplace/fortunes/p-24.jpg HTTP/1.1" 200 162730
[2026-09-23 09:30:38,560] INFO django.server basehttp: "GET /media/happy_workplace/fortunes/p-25.jpg HTTP/1.1" 200 159355
[2026-09-23 09:30:38,565] INFO django.server basehttp: "GET /media/happy_workplace/fortunes/p-26.jpg HTTP/1.1" 200 155634
[2026-09-23 09:30:38,567] INFO django.server basehttp: "GET /media/happy_workplace/fortunes/p-27.jpg HTTP/1.1" 200 160106
[2026-09-23 09:30:38,573] INFO django.server basehttp: "GET /media/happy_workplace/fortunes/p-28.jpg HTTP/1.1" 200 158678
[2026-09-23 09:30:39,542] INFO django.server basehttp: "GET /media/happy_workplace/fortunes/p-15.jpg HTTP/1.1" 200 148557
[2026-09-23 09:30:39,551] WARNING django.server basehttp: "GET /favicon.ico HTTP/1.1" 404 6188
[2026-09-23 09:30:46,605] INFO django.server basehttp: "POST /happy-workplace/manage/play-limit/ HTTP/1.1" 302 0
[2026-09-23 09:30:46,628] INFO django.server basehttp: "GET /happy-workplace/manage/ HTTP/1.1" 200 26595
[2026-09-23 09:30:46,643] INFO django.server basehttp: "GET /static/css/design-system.css?v=1790130646 HTTP/1.1" 200 7762
[2026-09-23 09:30:46,643] INFO django.server basehttp: "GET /static/css/app-shell.css?v=1790130646 HTTP/1.1" 200 40556
[2026-09-23 09:30:46,644] INFO django.server basehttp: "GET /static/css/happy_workplace.css?v=1790130646 HTTP/1.1" 200 38401
[2026-09-23 09:30:46,689] WARNING django.server basehttp: "GET /favicon.ico HTTP/1.1" 404 6188
[2026-09-23 09:30:58,578] INFO django.server basehttp: "GET / HTTP/1.1" 200 19252
[2026-09-23 09:30:58,605] INFO django.server basehttp: "GET /static/css/design-system.css?v=1790130658 HTTP/1.1" 200 7762
[2026-09-23 09:30:58,606] INFO django.server basehttp: "GET /static/css/home.css?v=1790130658 HTTP/1.1" 200 12902
[2026-09-23 09:30:58,615] INFO django.server basehttp: "GET /media/modules/processed/Analytics.gif HTTP/1.1" 304 0
[2026-09-23 09:30:58,617] INFO django.server basehttp: "GET /media/modules/processed/Manpower.gif HTTP/1.1" 304 0
[2026-09-23 09:30:58,617] INFO django.server basehttp: "GET /media/modules/processed/Cer.gif HTTP/1.1" 304 0
[2026-09-23 09:30:58,622] INFO django.server basehttp: "GET /media/modules/processed/Happy.gif HTTP/1.1" 304 0
[2026-09-23 09:30:58,623] WARNING django.server basehttp: "GET /media/hero/Gemini_Generated_Image_9b4jie9b4jie9b4j.jpg HTTP/1.1" 404 6576
[2026-09-23 09:30:58,623] INFO django.server basehttp: "GET /media/modules/processed/Tool2.gif HTTP/1.1" 304 0
[2026-09-23 09:30:59,541] INFO django.server basehttp: "GET /happy-workplace/fortune-stick/ HTTP/1.1" 200 19925
[2026-09-23 09:30:59,559] INFO django.server basehttp: "GET /static/js/hwp_play.js?v=1790130659 HTTP/1.1" 200 1103
[2026-09-23 09:30:59,560] INFO django.server basehttp: "GET /static/css/design-system.css?v=1790130659 HTTP/1.1" 200 7762
[2026-09-23 09:30:59,560] INFO django.server basehttp: "GET /static/css/happy_workplace.css?v=1790130659 HTTP/1.1" 200 38401
[2026-09-23 09:30:59,560] INFO django.server basehttp: "GET /static/css/app-shell.css?v=1790130659 HTTP/1.1" 200 40556
[2026-09-23 09:30:59,581] WARNING django.server basehttp: "GET /favicon.ico HTTP/1.1" 404 6188
[2026-09-23 09:31:01,234] INFO django.server basehttp: "GET /dashboard/ HTTP/1.1" 200 9761
[2026-09-23 09:31:01,265] INFO django.server basehttp: "GET /static/css/design-system.css?v=1790130661 HTTP/1.1" 200 7762
[2026-09-23 09:31:01,265] INFO django.server basehttp: "GET /static/css/app-shell.css?v=1790130661 HTTP/1.1" 200 40556
[2026-09-23 09:31:03,422] INFO django.server basehttp: "GET /settings/home-appearance/ HTTP/1.1" 200 20278
[2026-09-23 09:31:03,460] WARNING django.server basehttp: "GET /media/hero/Gemini_Generated_Image_9b4jie9b4jie9b4j.jpg HTTP/1.1" 404 6576
[2026-09-23 09:31:03,460] INFO django.server basehttp: "GET /static/css/design-system.css?v=1790130663 HTTP/1.1" 200 7762
[2026-09-23 09:31:03,461] INFO django.server basehttp: "GET /static/css/app-shell.css?v=1790130663 HTTP/1.1" 200 40556
[2026-09-23 09:31:05,491] INFO django.server basehttp: "GET /happy-workplace/manage/ HTTP/1.1" 200 26372
[2026-09-23 09:31:05,520] INFO django.server basehttp: "GET /static/css/design-system.css?v=1790130665 HTTP/1.1" 200 7762
[2026-09-23 09:31:05,520] INFO django.server basehttp: "GET /static/css/happy_workplace.css?v=1790130665 HTTP/1.1" 200 38401
[2026-09-23 09:31:05,521] INFO django.server basehttp: "GET /static/css/app-shell.css?v=1790130665 HTTP/1.1" 200 40556
[2026-09-23 09:31:05,550] WARNING django.server basehttp: "GET /favicon.ico HTTP/1.1" 404 6188
[2026-09-23 09:31:09,448] INFO django.server basehttp: "POST /happy-workplace/manage/play-limit/ HTTP/1.1" 302 0
[2026-09-23 09:31:09,473] INFO django.server basehttp: "GET /happy-workplace/manage/ HTTP/1.1" 200 26595
[2026-09-23 09:31:09,488] INFO django.server basehttp: "GET /static/css/design-system.css?v=1790130669 HTTP/1.1" 200 7762
[2026-09-23 09:31:09,493] INFO django.server basehttp: "GET /static/css/app-shell.css?v=1790130669 HTTP/1.1" 200 40556
[2026-09-23 09:31:09,495] INFO django.server basehttp: "GET /static/css/happy_workplace.css?v=1790130669 HTTP/1.1" 200 38401
[2026-09-23 09:31:09,517] WARNING django.server basehttp: "GET /favicon.ico HTTP/1.1" 404 6188
[2026-09-23 09:31:10,403] INFO django.server basehttp: "POST /settings/home-appearance/ HTTP/1.1" 302 0
[2026-09-23 09:31:10,420] INFO django.server basehttp: "GET /settings/home-appearance/ HTTP/1.1" 200 20402
[2026-09-23 09:31:10,451] INFO django.server basehttp: "GET /static/css/design-system.css?v=1790130670 HTTP/1.1" 200 7762
[2026-09-23 09:31:10,455] INFO django.server basehttp: "GET /static/css/app-shell.css?v=1790130670 HTTP/1.1" 200 40556
[2026-09-23 09:31:12,446] INFO django.server basehttp: "GET / HTTP/1.1" 200 19235
[2026-09-23 09:31:12,477] INFO django.server basehttp: "GET /static/css/design-system.css?v=1790130672 HTTP/1.1" 200 7762
[2026-09-23 09:31:12,477] INFO django.server basehttp: "GET /static/css/home.css?v=1790130672 HTTP/1.1" 200 12902
[2026-09-23 09:31:12,809] INFO django.server basehttp: "GET /happy-workplace/manage/ HTTP/1.1" 200 26372
[2026-09-23 09:31:12,829] INFO django.server basehttp: "GET /static/css/design-system.css?v=1790130672 HTTP/1.1" 200 7762
[2026-09-23 09:31:12,829] INFO django.server basehttp: "GET /static/css/app-shell.css?v=1790130672 HTTP/1.1" 200 40556
[2026-09-23 09:31:12,830] INFO django.server basehttp: "GET /static/css/happy_workplace.css?v=1790130672 HTTP/1.1" 200 38401
[2026-09-23 09:31:12,849] WARNING django.server basehttp: "GET /favicon.ico HTTP/1.1" 404 6188
[2026-09-23 09:31:16,696] INFO django.server basehttp: "POST /happy-workplace/manage/play-limit/reset/ HTTP/1.1" 302 0
[2026-09-23 09:31:16,718] INFO django.server basehttp: "GET /happy-workplace/manage/ HTTP/1.1" 200 26598
[2026-09-23 09:31:16,732] INFO django.server basehttp: "GET /static/css/design-system.css?v=1790130676 HTTP/1.1" 200 7762
[2026-09-23 09:31:16,738] INFO django.server basehttp: "GET /static/css/app-shell.css?v=1790130676 HTTP/1.1" 200 40556
[2026-09-23 09:31:16,742] INFO django.server basehttp: "GET /static/css/happy_workplace.css?v=1790130676 HTTP/1.1" 200 38401
[2026-09-23 09:31:16,779] WARNING django.server basehttp: "GET /favicon.ico HTTP/1.1" 404 6188
[2026-09-23 09:32:25,159] INFO django.server basehttp: "GET / HTTP/1.1" 200 19235
[2026-09-23 09:32:25,195] INFO django.server basehttp: "GET /static/css/home.css?v=1790130745 HTTP/1.1" 200 12902
[2026-09-23 09:32:25,195] INFO django.server basehttp: "GET /static/css/design-system.css?v=1790130745 HTTP/1.1" 200 7762
[2026-09-23 09:32:25,205] INFO django.server basehttp: "GET /media/modules/processed/Doc.gif HTTP/1.1" 304 0
[2026-09-23 09:32:25,206] INFO django.server basehttp: "GET /media/modules/processed/Manpower.gif HTTP/1.1" 304 0
[2026-09-23 09:32:25,206] INFO django.server basehttp: "GET /media/modules/processed/Analytics.gif HTTP/1.1" 304 0
[2026-09-23 09:32:25,206] INFO django.server basehttp: "GET /media/modules/processed/Happy.gif HTTP/1.1" 304 0
[2026-09-23 09:32:25,207] INFO django.server basehttp: "GET /media/modules/processed/Cer.gif HTTP/1.1" 304 0
[2026-09-23 09:32:25,209] INFO django.server basehttp: "GET /media/modules/processed/Tool2.gif HTTP/1.1" 304 0
[2026-09-23 09:32:25,218] INFO django.server basehttp: "GET /media/hero/Gemini_Generated_Image.jpg HTTP/1.1" 200 706885
[2026-09-23 09:32:28,840] INFO django.server basehttp: "GET /happy-workplace/ HTTP/1.1" 200 17781
[2026-09-23 09:32:28,880] INFO django.server basehttp: "GET /media/happy_workplace/posters/image_4.png HTTP/1.1" 304 0
[2026-09-23 09:32:28,880] INFO django.server basehttp: "GET /media/happy_workplace/posters/DT_Birthday_SSbYLAI.png HTTP/1.1" 304 0
[2026-09-23 09:32:28,880] INFO django.server basehttp: "GET /media/happy_workplace/posters/image_2.png HTTP/1.1" 304 0
[2026-09-23 09:32:28,882] INFO django.server basehttp: "GET /static/css/design-system.css?v=1790130748 HTTP/1.1" 200 7762
[2026-09-23 09:32:28,883] INFO django.server basehttp: "GET /static/css/app-shell.css?v=1790130748 HTTP/1.1" 200 40556
[2026-09-23 09:32:28,883] INFO django.server basehttp: "GET /static/css/happy_workplace.css?v=1790130748 HTTP/1.1" 200 38401
[2026-09-23 09:32:30,264] INFO django.server basehttp: "GET /happy-workplace/phone-analysis/ HTTP/1.1" 200 70159
[2026-09-23 09:32:30,293] INFO django.server basehttp: "GET /static/js/hwp_play.js?v=1790130750 HTTP/1.1" 200 1103
[2026-09-23 09:32:30,293] INFO django.server basehttp: "GET /static/css/design-system.css?v=1790130750 HTTP/1.1" 200 7762
[2026-09-23 09:32:30,294] INFO django.server basehttp: "GET /static/css/app-shell.css?v=1790130750 HTTP/1.1" 200 40556
[2026-09-23 09:32:30,295] INFO django.server basehttp: "GET /static/css/happy_workplace.css?v=1790130750 HTTP/1.1" 200 38401
[2026-09-23 09:32:33,210] INFO django.server basehttp: "GET /happy-workplace/ HTTP/1.1" 200 17781
[2026-09-23 09:32:33,239] INFO django.server basehttp: "GET /static/css/design-system.css?v=1790130753 HTTP/1.1" 200 7762
[2026-09-23 09:32:33,239] INFO django.server basehttp: "GET /static/css/happy_workplace.css?v=1790130753 HTTP/1.1" 200 38401
[2026-09-23 09:32:33,240] INFO django.server basehttp: "GET /static/css/app-shell.css?v=1790130753 HTTP/1.1" 200 40556
[2026-09-23 09:32:38,330] INFO django.server basehttp: "GET / HTTP/1.1" 200 19235
[2026-09-23 09:32:38,361] INFO django.server basehttp: "GET /static/img/standards/ilac-nsc.png HTTP/1.1" 304 0
[2026-09-23 09:32:38,362] INFO django.server basehttp: "GET /static/img/standards/tisi.png HTTP/1.1" 304 0
[2026-09-23 09:32:38,362] INFO django.server basehttp: "GET /static/css/design-system.css?v=1790130758 HTTP/1.1" 200 7762
[2026-09-23 09:32:38,362] INFO django.server basehttp: "GET /static/img/standards/egat-no5.png HTTP/1.1" 304 0
[2026-09-23 09:32:38,364] INFO django.server basehttp: "GET /static/img/standards/ahri.png HTTP/1.1" 304 0
[2026-09-23 09:32:38,365] INFO django.server basehttp: "GET /media/hero/Gemini_Generated_Image.jpg HTTP/1.1" 304 0
[2026-09-23 09:32:38,365] INFO django.server basehttp: "GET /static/css/home.css?v=1790130758 HTTP/1.1" 200 12902
[2026-09-23 09:33:34,151] INFO django.server basehttp: "GET /dashboard/ HTTP/1.1" 200 9761
[2026-09-23 09:33:34,185] INFO django.server basehttp: "GET /static/css/design-system.css?v=1790130814 HTTP/1.1" 200 7762
[2026-09-23 09:33:34,186] INFO django.server basehttp: "GET /static/css/app-shell.css?v=1790130814 HTTP/1.1" 200 40556
[2026-09-23 09:33:35,810] INFO django.server basehttp: "GET /settings/home-appearance/ HTTP/1.1" 200 20227
[2026-09-23 09:33:35,844] INFO django.server basehttp: "GET /media/hero/Gemini_Generated_Image.jpg HTTP/1.1" 304 0
[2026-09-23 09:33:35,844] INFO django.server basehttp: "GET /static/css/design-system.css?v=1790130815 HTTP/1.1" 200 7762
[2026-09-23 09:33:35,845] INFO django.server basehttp: "GET /static/css/app-shell.css?v=1790130815 HTTP/1.1" 200 40556
[2026-09-23 09:35:59,780] INFO django.server basehttp: "GET / HTTP/1.1" 200 19235
[2026-09-23 09:35:59,818] INFO django.server basehttp: "GET /media/modules/processed/Manpower.gif HTTP/1.1" 304 0
[2026-09-23 09:35:59,819] INFO django.server basehttp: "GET /media/modules/processed/Doc.gif HTTP/1.1" 304 0
[2026-09-23 09:35:59,819] INFO django.server basehttp: "GET /media/about/Policy.jpg HTTP/1.1" 304 0
[2026-09-23 09:35:59,819] INFO django.server basehttp: "GET /static/css/design-system.css?v=1790130959 HTTP/1.1" 200 7762
[2026-09-23 09:35:59,819] INFO django.server basehttp: "GET /media/hero/Gemini_Generated_Image.jpg HTTP/1.1" 304 0
[2026-09-23 09:35:59,823] INFO django.server basehttp: "GET /media/modules/processed/Happy.gif HTTP/1.1" 304 0
[2026-09-23 09:35:59,824] INFO django.server basehttp: "GET /media/modules/processed/Tool2.gif HTTP/1.1" 304 0
[2026-09-23 09:35:59,825] INFO django.server basehttp: "GET /media/modules/processed/Cer.gif HTTP/1.1" 304 0
[2026-09-23 09:35:59,825] INFO django.server basehttp: "GET /static/css/home.css?v=1790130959 HTTP/1.1" 200 12902
[2026-09-23 09:35:59,825] INFO django.server basehttp: "GET /media/modules/processed/Analytics.gif HTTP/1.1" 304 0
[2026-09-23 09:36:46,527] INFO django.server basehttp: "GET / HTTP/1.1" 200 18896
[2026-09-23 09:36:46,543] INFO django.server basehttp: "GET /static/css/design-system.css?v=1790131006 HTTP/1.1" 200 7762
[2026-09-23 09:36:46,547] INFO django.server basehttp: "GET /static/css/home.css?v=1790131006 HTTP/1.1" 200 12902
[2026-09-23 09:36:46,565] INFO django.server basehttp: "GET /media/hero/Gemini_Generated_Image.jpg HTTP/1.1" 200 706885
[2026-09-23 09:36:46,567] INFO django.server basehttp: "GET /media/modules/processed/Doc.gif HTTP/1.1" 304 0
[2026-09-23 09:36:46,568] INFO django.server basehttp: "GET /media/modules/processed/Manpower.gif HTTP/1.1" 304 0
[2026-09-23 09:36:46,570] INFO django.server basehttp: "GET /media/modules/processed/Cer.gif HTTP/1.1" 304 0
[2026-09-23 09:36:46,577] INFO django.server basehttp: "GET /media/modules/processed/Analytics.gif HTTP/1.1" 304 0
[2026-09-23 09:36:46,581] INFO django.server basehttp: "GET /media/modules/processed/Happy.gif HTTP/1.1" 304 0
[2026-09-23 09:36:46,583] INFO django.server basehttp: "GET /media/modules/processed/Tool2.gif HTTP/1.1" 304 0
[2026-09-23 09:36:46,612] WARNING django.server basehttp: "GET /favicon.ico HTTP/1.1" 404 6188
[2026-09-23 09:36:58,161] INFO django.server basehttp: "GET / HTTP/1.1" 200 18896
[2026-09-23 09:36:58,177] INFO django.server basehttp: "GET /static/css/design-system.css?v=1790131018 HTTP/1.1" 200 7762
[2026-09-23 09:36:58,177] INFO django.server basehttp: "GET /static/css/home.css?v=1790131018 HTTP/1.1" 200 12902
[2026-09-23 09:36:58,197] WARNING django.server basehttp: "GET /favicon.ico HTTP/1.1" 404 6188
[2026-09-23 09:39:26,296] INFO django.server basehttp: "GET / HTTP/1.1" 200 19235
[2026-09-23 09:39:26,320] INFO django.server basehttp: "GET /static/css/design-system.css?v=1790131166 HTTP/1.1" 200 7762
[2026-09-23 09:39:26,320] INFO django.server basehttp: "GET /static/css/home.css?v=1790131166 HTTP/1.1" 200 12902
[2026-09-23 09:39:26,336] INFO django.server basehttp: "GET /media/modules/processed/Manpower.gif HTTP/1.1" 304 0
[2026-09-23 09:39:26,337] INFO django.server basehttp: "GET /media/hero/Gemini_Generated_Image.jpg HTTP/1.1" 304 0
[2026-09-23 09:39:26,337] INFO django.server basehttp: "GET /media/modules/processed/Happy.gif HTTP/1.1" 304 0
[2026-09-23 09:39:26,337] INFO django.server basehttp: "GET /media/modules/processed/Doc.gif HTTP/1.1" 304 0
[2026-09-23 09:39:26,337] INFO django.server basehttp: "GET /media/modules/processed/Analytics.gif HTTP/1.1" 304 0
[2026-09-23 09:39:26,339] INFO django.server basehttp: "GET /media/modules/processed/Cer.gif HTTP/1.1" 304 0
[2026-09-23 09:39:26,343] INFO django.server basehttp: "GET /media/modules/processed/Tool2.gif HTTP/1.1" 304 0
[2026-09-23 09:40:10,320] INFO django.server basehttp: "GET / HTTP/1.1" 200 19235
[2026-09-23 09:40:10,357] INFO django.server basehttp: "GET /static/css/design-system.css?v=1790131210 HTTP/1.1" 200 7762
[2026-09-23 09:40:10,360] INFO django.server basehttp: "GET /static/css/home.css?v=1790131210 HTTP/1.1" 200 12902
[2026-09-23 09:41:26,956] INFO django.server basehttp: "GET / HTTP/1.1" 200 18895
[2026-09-23 09:41:26,970] INFO django.server basehttp: "GET /static/css/design-system.css?v=1790131286 HTTP/1.1" 200 7762
[2026-09-23 09:41:26,970] INFO django.server basehttp: "GET /static/css/home.css?v=1790131286 HTTP/1.1" 200 12902
[2026-09-23 09:41:26,972] INFO django.server basehttp: "GET /static/img/standards/egat-no5.png HTTP/1.1" 304 0
[2026-09-23 09:41:26,972] INFO django.server basehttp: "GET /static/img/standards/tisi.png HTTP/1.1" 304 0
[2026-09-23 09:41:26,974] INFO django.server basehttp: "GET /static/img/standards/ahri.png HTTP/1.1" 304 0
[2026-09-23 09:41:27,003] INFO django.server basehttp: "GET /static/img/standards/ilac-nsc.png HTTP/1.1" 304 0
[2026-09-23 09:41:27,007] INFO django.server basehttp: "GET /media/modules/processed/Doc.gif HTTP/1.1" 304 0
[2026-09-23 09:41:27,010] INFO django.server basehttp: "GET /media/hero/dtest-nexus-hero-16x9.jpg HTTP/1.1" 200 432382
[2026-09-23 09:41:27,038] INFO django.server basehttp: "GET /media/modules/processed/Manpower.gif HTTP/1.1" 304 0
[2026-09-23 09:41:27,039] INFO django.server basehttp: "GET /media/modules/processed/Cer.gif HTTP/1.1" 304 0
[2026-09-23 09:41:27,041] INFO django.server basehttp: "GET /media/modules/processed/Analytics.gif HTTP/1.1" 304 0
[2026-09-23 09:41:27,047] INFO django.server basehttp: "GET /media/modules/processed/Happy.gif HTTP/1.1" 304 0
[2026-09-23 09:41:27,050] INFO django.server basehttp: "GET /media/modules/processed/Tool2.gif HTTP/1.1" 304 0
[2026-09-23 09:41:27,064] WARNING django.server basehttp: "GET /favicon.ico HTTP/1.1" 404 6188
[2026-09-23 09:42:45,536] INFO django.server basehttp: "GET / HTTP/1.1" 200 19234
[2026-09-23 09:42:45,569] INFO django.server basehttp: "GET /static/img/standards/egat-no5.png HTTP/1.1" 304 0
[2026-09-23 09:42:45,570] INFO django.server basehttp: "GET /static/img/standards/ilac-nsc.png HTTP/1.1" 304 0
[2026-09-23 09:42:45,570] INFO django.server basehttp: "GET /static/img/standards/tisi.png HTTP/1.1" 304 0
[2026-09-23 09:42:45,569] INFO django.server basehttp: "GET /static/img/standards/ahri.png HTTP/1.1" 304 0
[2026-09-23 09:42:45,571] INFO django.server basehttp: "GET /static/css/design-system.css?v=1790131365 HTTP/1.1" 200 7762
[2026-09-23 09:42:45,571] INFO django.server basehttp: "GET /static/css/home.css?v=1790131365 HTTP/1.1" 200 12902
[2026-09-23 09:42:45,582] INFO django.server basehttp: "GET /media/modules/processed/Doc.gif HTTP/1.1" 304 0
[2026-09-23 09:42:45,583] INFO django.server basehttp: "GET /media/modules/processed/Analytics.gif HTTP/1.1" 304 0
[2026-09-23 09:42:45,583] INFO django.server basehttp: "GET /media/modules/processed/Manpower.gif HTTP/1.1" 304 0
[2026-09-23 09:42:45,583] INFO django.server basehttp: "GET /media/modules/processed/Cer.gif HTTP/1.1" 304 0
[2026-09-23 09:42:45,585] INFO django.server basehttp: "GET /media/modules/processed/Happy.gif HTTP/1.1" 304 0
[2026-09-23 09:42:45,586] INFO django.server basehttp: "GET /media/modules/processed/Tool2.gif HTTP/1.1" 304 0
[2026-09-23 09:42:45,590] INFO django.server basehttp: "GET /media/hero/dtest-nexus-hero-16x9.jpg HTTP/1.1" 200 432382
[2026-09-23 09:42:51,982] INFO django.server basehttp: "GET /dashboard/ HTTP/1.1" 200 9761
[2026-09-23 09:42:52,016] INFO django.server basehttp: "GET /static/css/design-system.css?v=1790131371 HTTP/1.1" 200 7762
[2026-09-23 09:42:52,016] INFO django.server basehttp: "GET /static/css/app-shell.css?v=1790131371 HTTP/1.1" 200 40556
[2026-09-23 09:42:53,456] INFO django.server basehttp: "GET /settings/home-appearance/ HTTP/1.1" 200 20224
[2026-09-23 09:42:53,489] INFO django.server basehttp: "GET /static/css/design-system.css?v=1790131373 HTTP/1.1" 200 7762
[2026-09-23 09:42:53,490] INFO django.server basehttp: "GET /static/css/app-shell.css?v=1790131373 HTTP/1.1" 200 40556
[2026-09-23 09:43:02,221] INFO django.server basehttp: "POST /settings/home-appearance/ HTTP/1.1" 302 0
[2026-09-23 09:43:02,235] INFO django.server basehttp: "GET /settings/home-appearance/ HTTP/1.1" 200 20232
[2026-09-23 09:43:02,266] INFO django.server basehttp: "GET /static/css/design-system.css?v=1790131382 HTTP/1.1" 200 7762
[2026-09-23 09:43:02,268] INFO django.server basehttp: "GET /static/css/app-shell.css?v=1790131382 HTTP/1.1" 200 40556
[2026-09-23 09:43:13,833] INFO django.server basehttp: "POST /settings/home-appearance/ HTTP/1.1" 302 0
[2026-09-23 09:43:13,852] INFO django.server basehttp: "GET /settings/home-appearance/ HTTP/1.1" 200 20426
[2026-09-23 09:43:13,881] INFO django.server basehttp: "GET /static/css/design-system.css?v=1790131393 HTTP/1.1" 200 7762
[2026-09-23 09:43:13,881] INFO django.server basehttp: "GET /static/css/app-shell.css?v=1790131393 HTTP/1.1" 200 40556
[2026-09-23 09:43:13,891] INFO django.server basehttp: "GET /media/hero/Gemini_Generated_Image_dIal98J.jpg HTTP/1.1" 200 706885
[2026-09-23 09:43:18,424] INFO django.server basehttp: "GET / HTTP/1.1" 200 19243
[2026-09-23 09:43:18,451] INFO django.server basehttp: "GET /media/hero/Gemini_Generated_Image_dIal98J.jpg HTTP/1.1" 304 0
[2026-09-23 09:43:18,451] INFO django.server basehttp: "GET /static/css/design-system.css?v=1790131398 HTTP/1.1" 200 7762
[2026-09-23 09:43:18,452] INFO django.server basehttp: "GET /static/css/home.css?v=1790131398 HTTP/1.1" 200 12902
[2026-09-23 09:45:46,643] INFO django.server basehttp: "GET /dashboard/ HTTP/1.1" 200 9761
[2026-09-23 09:45:46,666] INFO django.server basehttp: "GET /static/css/design-system.css?v=1790131546 HTTP/1.1" 200 7762
[2026-09-23 09:45:46,666] INFO django.server basehttp: "GET /static/css/app-shell.css?v=1790131546 HTTP/1.1" 200 40556
[2026-09-23 09:45:48,156] INFO django.server basehttp: "GET /settings/home-appearance/ HTTP/1.1" 200 20251
[2026-09-23 09:45:48,189] INFO django.server basehttp: "GET /media/modules/processed/Cer.gif HTTP/1.1" 304 0
[2026-09-23 09:45:48,189] INFO django.server basehttp: "GET /media/modules/processed/Manpower.gif HTTP/1.1" 304 0
[2026-09-23 09:45:48,190] INFO django.server basehttp: "GET /media/hero/Gemini_Generated_Image_dIal98J.jpg HTTP/1.1" 304 0
[2026-09-23 09:45:48,190] INFO django.server basehttp: "GET /media/modules/processed/Doc.gif HTTP/1.1" 304 0
[2026-09-23 09:45:48,191] INFO django.server basehttp: "GET /static/css/design-system.css?v=1790131548 HTTP/1.1" 200 7762
[2026-09-23 09:45:48,191] INFO django.server basehttp: "GET /static/css/app-shell.css?v=1790131548 HTTP/1.1" 200 40556
[2026-09-23 09:45:48,194] INFO django.server basehttp: "GET /media/modules/processed/Happy.gif HTTP/1.1" 304 0
[2026-09-23 09:45:48,194] INFO django.server basehttp: "GET /media/modules/processed/Analytics.gif HTTP/1.1" 304 0
[2026-09-23 09:45:48,194] INFO django.server basehttp: "GET /media/modules/processed/Tool2.gif HTTP/1.1" 304 0
[2026-09-23 09:46:06,569] INFO django.server basehttp: "POST /settings/home-appearance/ HTTP/1.1" 302 0
[2026-09-23 09:46:06,591] INFO django.server basehttp: "GET /settings/home-appearance/ HTTP/1.1" 200 20232
[2026-09-23 09:46:06,620] INFO django.server basehttp: "GET /static/css/design-system.css?v=1790131566 HTTP/1.1" 200 7762
[2026-09-23 09:46:06,620] INFO django.server basehttp: "GET /static/css/app-shell.css?v=1790131566 HTTP/1.1" 200 40556
[2026-09-23 09:46:11,376] INFO django.server basehttp: "POST /settings/home-appearance/ HTTP/1.1" 302 0
[2026-09-23 09:46:11,397] INFO django.server basehttp: "GET /settings/home-appearance/ HTTP/1.1" 200 20372
[2026-09-23 09:46:11,425] INFO django.server basehttp: "GET /static/css/design-system.css?v=1790131571 HTTP/1.1" 200 7762
[2026-09-23 09:46:11,427] INFO django.server basehttp: "GET /static/css/app-shell.css?v=1790131571 HTTP/1.1" 200 40556
[2026-09-23 09:46:11,444] INFO django.server basehttp: "GET /media/hero/Gemini_Image.jpg HTTP/1.1" 200 2414595
[2026-09-23 09:46:14,057] INFO django.server basehttp: "GET / HTTP/1.1" 200 19225
[2026-09-23 09:46:14,084] INFO django.server basehttp: "GET /media/about/Policy.jpg HTTP/1.1" 304 0
[2026-09-23 09:46:14,084] INFO django.server basehttp: "GET /media/hero/Gemini_Image.jpg HTTP/1.1" 304 0
[2026-09-23 09:46:14,085] INFO django.server basehttp: "GET /static/css/design-system.css?v=1790131574 HTTP/1.1" 200 7762
[2026-09-23 09:46:14,086] INFO django.server basehttp: "GET /static/css/home.css?v=1790131574 HTTP/1.1" 200 12902
[2026-09-23 09:48:29,046] INFO django.server basehttp: "GET /dashboard/ HTTP/1.1" 200 9761
[2026-09-23 09:48:29,077] INFO django.server basehttp: "GET /static/css/design-system.css?v=1790131709 HTTP/1.1" 200 7762
[2026-09-23 09:48:29,077] INFO django.server basehttp: "GET /static/css/app-shell.css?v=1790131709 HTTP/1.1" 200 40556
[2026-09-23 09:48:31,532] INFO django.server basehttp: "GET /settings/home-appearance/ HTTP/1.1" 200 20197
[2026-09-23 09:48:31,565] INFO django.server basehttp: "GET /static/css/design-system.css?v=1790131711 HTTP/1.1" 200 7762
[2026-09-23 09:48:31,569] WARNING django.server basehttp: "GET /media/hero/Gemini_Image.jpg HTTP/1.1" 404 6468
[2026-09-23 09:48:31,570] INFO django.server basehttp: "GET /static/css/app-shell.css?v=1790131711 HTTP/1.1" 200 40556
[2026-09-23 09:48:36,282] INFO django.server basehttp: "POST /settings/home-appearance/ HTTP/1.1" 302 0
[2026-09-23 09:48:36,301] INFO django.server basehttp: "GET /settings/home-appearance/ HTTP/1.1" 200 20372
[2026-09-23 09:48:36,332] INFO django.server basehttp: "GET /static/css/design-system.css?v=1790131716 HTTP/1.1" 200 7762
[2026-09-23 09:48:36,333] INFO django.server basehttp: "GET /static/css/app-shell.css?v=1790131716 HTTP/1.1" 200 40556
[2026-09-23 09:48:36,342] INFO django.server basehttp: "GET /media/hero/Gemini_Image.jpg HTTP/1.1" 200 747319
[2026-09-23 09:48:37,208] INFO django.server basehttp: "GET / HTTP/1.1" 200 19225
[2026-09-23 09:48:37,236] INFO django.server basehttp: "GET /static/css/design-system.css?v=1790131717 HTTP/1.1" 200 7762
[2026-09-23 09:48:37,237] INFO django.server basehttp: "GET /media/hero/Gemini_Image.jpg HTTP/1.1" 304 0
[2026-09-23 09:48:37,238] INFO django.server basehttp: "GET /static/css/home.css?v=1790131717 HTTP/1.1" 200 12902
[2026-09-23 09:59:18,234] INFO django.server basehttp: "HEAD / HTTP/1.1" 200 0
[2026-09-23 09:59:18,595] INFO django.server basehttp: "GET / HTTP/1.1" 200 17451
[2026-09-23 09:59:18,613] INFO django.server basehttp: "GET /static/css/design-system.css?v=1790132358 HTTP/1.1" 200 7762
[2026-09-23 09:59:18,619] INFO django.server basehttp: "GET /static/css/home.css?v=1790132358 HTTP/1.1" 200 12902
[2026-09-23 09:59:18,621] INFO django.server basehttp: "GET /static/img/standards/egat-no5.png HTTP/1.1" 304 0
[2026-09-23 09:59:18,622] INFO django.server basehttp: "GET /static/img/standards/tisi.png HTTP/1.1" 304 0
[2026-09-23 09:59:18,624] INFO django.server basehttp: "GET /static/img/standards/ahri.png HTTP/1.1" 304 0
[2026-09-23 09:59:18,625] INFO django.server basehttp: "GET /static/img/standards/ilac-nsc.png HTTP/1.1" 304 0
[2026-09-23 09:59:18,642] INFO django.server basehttp: "GET /media/hero/Gemini_Image.jpg HTTP/1.1" 200 747319
[2026-09-23 09:59:18,644] INFO django.server basehttp: "GET /media/modules/processed/Doc.gif HTTP/1.1" 304 0
[2026-09-23 09:59:18,646] INFO django.server basehttp: "GET /media/modules/processed/Manpower.gif HTTP/1.1" 304 0
[2026-09-23 09:59:18,649] INFO django.server basehttp: "GET /media/modules/processed/Cer.gif HTTP/1.1" 304 0
[2026-09-23 09:59:18,650] INFO django.server basehttp: "GET /media/modules/processed/Analytics.gif HTTP/1.1" 304 0
[2026-09-23 09:59:18,652] INFO django.server basehttp: "GET /media/modules/processed/Happy.gif HTTP/1.1" 304 0
[2026-09-23 09:59:18,654] INFO django.server basehttp: "GET /media/modules/processed/Tool2.gif HTTP/1.1" 304 0
[2026-09-23 09:59:18,746] WARNING django.server basehttp: "GET /favicon.ico HTTP/1.1" 404 6188
[2026-09-23 09:59:19,332] INFO django.server basehttp: "GET / HTTP/1.1" 200 17451
[2026-09-23 09:59:19,350] INFO django.server basehttp: "GET /static/css/design-system.css?v=1790132359 HTTP/1.1" 200 7762
[2026-09-23 09:59:20,357] INFO django.server basehttp: "GET /static/css/home.css?v=1790132359 HTTP/1.1" 200 12902
[2026-09-23 09:59:20,376] WARNING django.server basehttp: "GET /favicon.ico HTTP/1.1" 404 6188
[2026-09-23 10:15:25,542] INFO django.server basehttp: "GET / HTTP/1.1" 200 16942
[2026-09-23 10:15:25,607] INFO django.server basehttp: "HEAD / HTTP/1.1" 200 0
[2026-09-23 10:15:25,778] INFO django.server basehttp: "GET /static/css/design-system.css?v=1790133325 HTTP/1.1" 200 7762
[2026-09-23 10:15:25,779] INFO django.server basehttp: "GET /static/css/home.css?v=1790133325 HTTP/1.1" 200 12902
[2026-09-23 10:15:25,783] INFO django.server basehttp: "GET /static/img/standards/tisi.png HTTP/1.1" 200 3253
[2026-09-23 10:15:25,784] INFO django.server basehttp: "GET /static/img/standards/egat-no5.png HTTP/1.1" 200 209103
[2026-09-23 10:15:25,832] INFO django.server basehttp: "GET /static/img/standards/ahri.png HTTP/1.1" 200 6411
[2026-09-23 10:15:25,833] INFO django.server basehttp: "GET /static/img/standards/ilac-nsc.png HTTP/1.1" 200 102245
[2026-09-23 10:15:25,852] INFO django.server basehttp: "GET /media/modules/processed/Doc.gif HTTP/1.1" 200 925983
[2026-09-23 10:15:25,852] INFO django.server basehttp: "GET /media/hero/Gemini_Image.jpg HTTP/1.1" 200 747319
[2026-09-23 10:15:25,873] INFO django.server basehttp: "GET /media/modules/processed/Cer.gif HTTP/1.1" 200 1286837
[2026-09-23 10:15:25,876] INFO django.server basehttp: "GET /media/modules/processed/Manpower.gif HTTP/1.1" 200 1581887
[2026-09-23 10:15:25,902] INFO django.server basehttp: "GET /media/modules/processed/Analytics.gif HTTP/1.1" 200 1552807
[2026-09-23 10:15:25,907] INFO django.server basehttp: "GET /media/modules/processed/Happy.gif HTTP/1.1" 200 2320924
[2026-09-23 10:15:25,925] INFO django.server basehttp: "GET /media/modules/processed/Tool2.gif HTTP/1.1" 200 1119879
[2026-09-23 10:15:26,462] WARNING django.server basehttp: "GET /favicon.ico HTTP/1.1" 404 5907
[2026-09-23 10:15:26,609] INFO django.server basehttp: "GET / HTTP/1.1" 200 16942
[2026-09-23 10:15:26,645] INFO django.server basehttp: "GET /static/css/design-system.css?v=1790133326 HTTP/1.1" 200 7762
[2026-09-23 10:15:26,650] INFO django.server basehttp: "GET /static/css/home.css?v=1790133326 HTTP/1.1" 200 12902
[2026-09-23 10:15:26,711] WARNING django.server basehttp: "GET /favicon.ico HTTP/1.1" 404 5907
[2026-09-23 10:15:32,635] WARNING django.server basehttp: "GET /settings/org-groups/ HTTP/1.1" 404 5934
[2026-09-23 10:15:41,757] INFO django.server basehttp: "GET / HTTP/1.1" 200 17281
[2026-09-23 10:15:41,798] INFO django.server basehttp: "GET /static/css/design-system.css?v=1790133341 HTTP/1.1" 200 7762
[2026-09-23 10:15:41,799] INFO django.server basehttp: "GET /static/css/home.css?v=1790133341 HTTP/1.1" 200 12902
[2026-09-23 10:15:41,804] INFO django.server basehttp: "GET /static/img/standards/tisi.png HTTP/1.1" 304 0
[2026-09-23 10:15:41,805] INFO django.server basehttp: "GET /static/img/standards/egat-no5.png HTTP/1.1" 304 0
[2026-09-23 10:15:41,806] INFO django.server basehttp: "GET /media/about/Policy.jpg HTTP/1.1" 304 0
[2026-09-23 10:15:41,806] INFO django.server basehttp: "GET /static/img/standards/ilac-nsc.png HTTP/1.1" 304 0
[2026-09-23 10:15:41,805] INFO django.server basehttp: "GET /static/img/standards/ahri.png HTTP/1.1" 304 0
[2026-09-23 10:15:41,805] INFO django.server basehttp: "GET /media/hero/Gemini_Image.jpg HTTP/1.1" 304 0
[2026-09-23 10:15:41,812] INFO django.server basehttp: "GET /media/modules/processed/Cer.gif HTTP/1.1" 304 0
[2026-09-23 10:15:41,812] INFO django.server basehttp: "GET /media/modules/processed/Analytics.gif HTTP/1.1" 304 0
[2026-09-23 10:15:41,813] INFO django.server basehttp: "GET /media/modules/processed/Happy.gif HTTP/1.1" 304 0
[2026-09-23 10:15:41,812] INFO django.server basehttp: "GET /media/modules/processed/Manpower.gif HTTP/1.1" 304 0
[2026-09-23 10:15:41,812] INFO django.server basehttp: "GET /media/modules/processed/Doc.gif HTTP/1.1" 304 0
[2026-09-23 10:15:41,812] INFO django.server basehttp: "GET /media/modules/processed/Tool2.gif HTTP/1.1" 304 0
[2026-09-23 10:18:54,545] WARNING django.server basehttp: "GET /favicon.ico HTTP/1.1" 404 5907
[2026-09-23 10:18:54,825] INFO django.server basehttp: "GET /media/about/Policy.jpg HTTP/1.1" 200 160627
[2026-09-23 10:19:41,223] INFO django.server basehttp: "GET / HTTP/1.1" 200 16942
[2026-09-23 10:19:41,329] INFO django.server basehttp: - Broken pipe from ('127.0.0.1', 55508)
[2026-09-23 10:21:02,762] INFO django.server basehttp: "HEAD / HTTP/1.1" 200 0
[2026-09-23 10:21:03,119] INFO django.server basehttp: "GET / HTTP/1.1" 200 16968
[2026-09-23 10:21:03,136] INFO django.server basehttp: "GET /static/css/design-system.css?v=1790133663 HTTP/1.1" 200 7762
[2026-09-23 10:21:03,140] INFO django.server basehttp: "GET /static/css/home.css?v=1790133663 HTTP/1.1" 200 12902
[2026-09-23 10:21:03,145] INFO django.server basehttp: "GET /media/hero/Gemini_Image.jpg HTTP/1.1" 304 0
[2026-09-23 10:21:03,195] WARNING django.server basehttp: "GET /favicon.ico HTTP/1.1" 404 5907
[2026-09-23 10:21:05,952] INFO django.server basehttp: "GET / HTTP/1.1" 200 17307
[2026-09-23 10:21:05,985] INFO django.server basehttp: "GET /static/css/design-system.css?v=1790133665 HTTP/1.1" 200 7762
[2026-09-23 10:21:05,985] INFO django.server basehttp: "GET /static/css/home.css?v=1790133665 HTTP/1.1" 200 12902
[2026-09-23 10:21:05,992] INFO django.server basehttp: "GET /media/hero/Gemini_Image.jpg HTTP/1.1" 304 0
[2026-09-23 10:21:07,813] INFO django.server basehttp: "GET / HTTP/1.1" 200 16968
[2026-09-23 10:21:07,954] INFO django.server basehttp: - Broken pipe from ('127.0.0.1', 53588)
[2026-09-23 10:21:12,405] INFO django.server basehttp: "GET / HTTP/1.1" 200 16968
[2026-09-23 10:21:12,419] INFO django.server basehttp: "GET /static/css/design-system.css?v=1790133672 HTTP/1.1" 200 7762
[2026-09-23 10:21:12,419] INFO django.server basehttp: "GET /static/css/home.css?v=1790133672 HTTP/1.1" 200 12902
[2026-09-23 10:21:12,442] WARNING django.server basehttp: "GET /favicon.ico HTTP/1.1" 404 5907
[2026-09-23 10:21:38,672] INFO django.server basehttp: "GET /documents/ HTTP/1.1" 200 22418
[2026-09-23 10:21:38,709] INFO django.server basehttp: "GET /static/css/design-system.css?v=1790133698 HTTP/1.1" 200 7762
[2026-09-23 10:21:38,711] INFO django.server basehttp: "GET /static/css/app-shell.css?v=1790133698 HTTP/1.1" 200 40556
[2026-09-23 10:22:04,838] INFO django.server basehttp: "GET / HTTP/1.1" 200 17307
[2026-09-23 10:22:04,871] INFO django.server basehttp: "GET /static/css/design-system.css?v=1790133724 HTTP/1.1" 200 7762
[2026-09-23 10:22:04,872] INFO django.server basehttp: "GET /static/css/home.css?v=1790133724 HTTP/1.1" 200 12902
[2026-09-23 10:22:04,877] INFO django.server basehttp: "GET /media/modules/processed/Doc.gif HTTP/1.1" 304 0
[2026-09-23 10:22:04,878] INFO django.server basehttp: "GET /media/modules/processed/Cer.gif HTTP/1.1" 304 0
[2026-09-23 10:22:04,878] INFO django.server basehttp: "GET /media/modules/processed/Manpower.gif HTTP/1.1" 304 0
[2026-09-23 10:22:04,878] INFO django.server basehttp: "GET /media/modules/processed/Analytics.gif HTTP/1.1" 304 0
[2026-09-23 10:22:04,883] INFO django.server basehttp: "GET /media/modules/processed/Tool2.gif HTTP/1.1" 304 0
[2026-09-23 10:22:04,883] INFO django.server basehttp: "GET /media/modules/processed/Happy.gif HTTP/1.1" 304 0
[2026-09-23 10:22:11,436] INFO django.server basehttp: "GET /dashboard/ HTTP/1.1" 200 9662
[2026-09-23 10:22:11,461] INFO django.server basehttp: "GET /static/css/app-shell.css?v=1790133731 HTTP/1.1" 200 40556
[2026-09-23 10:22:12,466] INFO django.server basehttp: "GET /static/css/design-system.css?v=1790133731 HTTP/1.1" 200 7762
[2026-09-23 10:22:13,746] INFO django.server basehttp: "GET /settings/about-topics/ HTTP/1.1" 200 15498
[2026-09-23 10:22:13,770] INFO django.server basehttp: "GET /static/css/design-system.css?v=1790133733 HTTP/1.1" 200 7762
[2026-09-23 10:22:13,774] INFO django.server basehttp: "GET /static/css/app-shell.css?v=1790133733 HTTP/1.1" 200 40556
[2026-09-23 10:23:43,750] INFO django.server basehttp: "POST /settings/about-topics/ HTTP/1.1" 302 0
[2026-09-23 10:23:43,773] INFO django.server basehttp: "GET /settings/about-topics/ HTTP/1.1" 200 16056
[2026-09-23 10:23:43,820] INFO django.server basehttp: "GET /static/css/design-system.css?v=1790133823 HTTP/1.1" 200 7762
[2026-09-23 10:23:43,823] INFO django.server basehttp: "GET /static/css/app-shell.css?v=1790133823 HTTP/1.1" 200 40556
[2026-09-23 10:23:43,849] INFO django.server basehttp: "GET /media/about/ChatGPT_Image_Sep_23_2026_10_22_00_AM.png HTTP/1.1" 200 1777207
[2026-09-23 10:23:45,118] INFO django.server basehttp: "GET / HTTP/1.1" 200 17392
[2026-09-23 10:23:45,148] INFO django.server basehttp: "GET /media/about/ChatGPT_Image_Sep_23_2026_10_22_00_AM.png HTTP/1.1" 304 0
[2026-09-23 10:23:45,149] INFO django.server basehttp: "GET /static/css/home.css?v=1790133825 HTTP/1.1" 200 12902
[2026-09-23 10:23:45,150] INFO django.server basehttp: "GET /static/css/design-system.css?v=1790133825 HTTP/1.1" 200 7762
[2026-09-23 10:26:30,801] INFO django.server basehttp: "GET /utilities/ HTTP/1.1" 200 14049
[2026-09-23 10:26:30,833] INFO django.server basehttp: "GET /static/css/design-system.css?v=1790133990 HTTP/1.1" 200 7762
[2026-09-23 10:26:31,849] INFO django.server basehttp: "GET /static/css/app-shell.css?v=1790133990 HTTP/1.1" 200 40556
[2026-09-23 10:26:40,814] INFO django.server basehttp: "GET /dashboard/ HTTP/1.1" 200 9662
[2026-09-23 10:26:40,842] INFO django.server basehttp: "GET /static/css/design-system.css?v=1790134000 HTTP/1.1" 200 7762
[2026-09-23 10:26:40,844] INFO django.server basehttp: "GET /static/css/app-shell.css?v=1790134000 HTTP/1.1" 200 40556
[2026-09-23 10:26:43,167] INFO django.server basehttp: "GET / HTTP/1.1" 200 17392
[2026-09-23 10:26:43,200] INFO django.server basehttp: "GET /media/about/ChatGPT_Image_Sep_23_2026_10_22_00_AM.png HTTP/1.1" 304 0
[2026-09-23 10:26:43,201] INFO django.server basehttp: "GET /media/hero/Gemini_Image.jpg HTTP/1.1" 304 0
[2026-09-23 10:26:43,201] INFO django.server basehttp: "GET /static/css/design-system.css?v=1790134003 HTTP/1.1" 200 7762
[2026-09-23 10:26:43,202] INFO django.server basehttp: "GET /static/css/home.css?v=1790134003 HTTP/1.1" 200 12902
[2026-09-23 10:26:45,395] INFO django.server basehttp: "GET /happy-workplace/ HTTP/1.1" 200 17682
[2026-09-23 10:26:45,441] INFO django.server basehttp: "GET /media/happy_workplace/posters/DT_Birthday_SSbYLAI.png HTTP/1.1" 304 0
[2026-09-23 10:26:45,442] INFO django.server basehttp: "GET /static/css/design-system.css?v=1790134005 HTTP/1.1" 200 7762
[2026-09-23 10:26:45,444] INFO django.server basehttp: "GET /media/happy_workplace/posters/image_4.png HTTP/1.1" 304 0
[2026-09-23 10:26:45,446] INFO django.server basehttp: "GET /static/css/app-shell.css?v=1790134005 HTTP/1.1" 200 40556
[2026-09-23 10:26:45,446] INFO django.server basehttp: "GET /media/happy_workplace/posters/image_2.png HTTP/1.1" 304 0
[2026-09-23 10:26:45,446] INFO django.server basehttp: "GET /static/css/happy_workplace.css?v=1790134005 HTTP/1.1" 200 38401
[2026-09-23 10:26:49,251] INFO django.server basehttp: "GET / HTTP/1.1" 200 17392
[2026-09-23 10:26:49,281] INFO django.server basehttp: "GET /static/css/design-system.css?v=1790134009 HTTP/1.1" 200 7762
[2026-09-23 10:26:49,282] INFO django.server basehttp: "GET /static/css/home.css?v=1790134009 HTTP/1.1" 200 12902
[2026-09-23 10:26:51,775] INFO django.server basehttp: "GET /utilities/ HTTP/1.1" 200 14049
[2026-09-23 10:26:51,817] INFO django.server basehttp: "GET /static/css/design-system.css?v=1790134011 HTTP/1.1" 200 7762
[2026-09-23 10:26:51,817] INFO django.server basehttp: "GET /static/css/app-shell.css?v=1790134011 HTTP/1.1" 200 40556
[2026-09-23 10:27:00,690] INFO django.server basehttp: "GET /usage-stats/ HTTP/1.1" 200 7009
[2026-09-23 10:27:00,714] INFO django.server basehttp: "GET /static/css/design-system.css?v=1790134020 HTTP/1.1" 200 7762
[2026-09-23 10:27:00,716] INFO django.server basehttp: "GET /static/css/app-shell.css?v=1790134020 HTTP/1.1" 200 40556
[2026-09-23 10:27:01,472] INFO django.server basehttp: "GET /audit/ HTTP/1.1" 200 9278
[2026-09-23 10:27:01,499] INFO django.server basehttp: "GET /static/css/design-system.css?v=1790134021 HTTP/1.1" 200 7762
[2026-09-23 10:27:01,500] INFO django.server basehttp: "GET /static/css/app-shell.css?v=1790134021 HTTP/1.1" 200 40556
[2026-09-23 10:27:02,301] INFO django.server basehttp: "GET /usage-stats/ HTTP/1.1" 200 7009
[2026-09-23 10:27:02,323] INFO django.server basehttp: "GET /static/css/design-system.css?v=1790134022 HTTP/1.1" 200 7762
[2026-09-23 10:27:02,323] INFO django.server basehttp: "GET /static/css/app-shell.css?v=1790134022 HTTP/1.1" 200 40556
[2026-09-23 10:27:04,985] INFO django.server basehttp: "GET /audit/ HTTP/1.1" 200 9278
[2026-09-23 10:27:05,015] INFO django.server basehttp: "GET /static/css/design-system.css?v=1790134024 HTTP/1.1" 200 7762
[2026-09-23 10:27:05,015] INFO django.server basehttp: "GET /static/css/app-shell.css?v=1790134024 HTTP/1.1" 200 40556
[2026-09-23 10:27:10,376] INFO django.server basehttp: "GET /settings/about-topics/ HTTP/1.1" 200 15868
[2026-09-23 10:27:10,405] INFO django.server basehttp: "GET /static/css/design-system.css?v=1790134030 HTTP/1.1" 200 7762
[2026-09-23 10:27:10,405] INFO django.server basehttp: "GET /media/about/ChatGPT_Image_Sep_23_2026_10_22_00_AM.png HTTP/1.1" 304 0
[2026-09-23 10:27:10,406] INFO django.server basehttp: "GET /static/css/app-shell.css?v=1790134030 HTTP/1.1" 200 40556
[2026-09-23 10:27:12,215] INFO django.server basehttp: "GET /settings/home-appearance/ HTTP/1.1" 200 20098
[2026-09-23 10:27:12,247] INFO django.server basehttp: "GET /static/css/design-system.css?v=1790134032 HTTP/1.1" 200 7762
[2026-09-23 10:27:12,251] INFO django.server basehttp: "GET /static/css/app-shell.css?v=1790134032 HTTP/1.1" 200 40556
[2026-09-23 10:27:13,615] INFO django.server basehttp: "GET /settings/about-topics/ HTTP/1.1" 200 15868
[2026-09-23 10:27:13,643] INFO django.server basehttp: "GET /static/css/design-system.css?v=1790134033 HTTP/1.1" 200 7762
[2026-09-23 10:27:13,644] INFO django.server basehttp: "GET /static/css/app-shell.css?v=1790134033 HTTP/1.1" 200 40556
[2026-09-23 10:27:18,942] INFO django.server basehttp: "GET /settings/home-appearance/ HTTP/1.1" 200 20098
[2026-09-23 10:27:18,975] INFO django.server basehttp: "GET /static/css/design-system.css?v=1790134038 HTTP/1.1" 200 7762
[2026-09-23 10:27:18,976] INFO django.server basehttp: "GET /static/css/app-shell.css?v=1790134038 HTTP/1.1" 200 40556
[2026-09-23 10:27:21,145] INFO django.server basehttp: "GET /usage-stats/ HTTP/1.1" 200 7009
[2026-09-23 10:27:21,173] INFO django.server basehttp: "GET /static/css/design-system.css?v=1790134041 HTTP/1.1" 200 7762
[2026-09-23 10:27:21,173] INFO django.server basehttp: "GET /static/css/app-shell.css?v=1790134041 HTTP/1.1" 200 40556
[2026-09-23 10:27:22,465] INFO django.server basehttp: "GET /audit/ HTTP/1.1" 200 9278
[2026-09-23 10:27:22,494] INFO django.server basehttp: "GET /static/css/design-system.css?v=1790134042 HTTP/1.1" 200 7762
[2026-09-23 10:27:22,495] INFO django.server basehttp: "GET /static/css/app-shell.css?v=1790134042 HTTP/1.1" 200 40556
[2026-09-23 10:27:23,653] INFO django.server basehttp: "GET /datasources/browse/ HTTP/1.1" 200 5561
[2026-09-23 10:27:23,682] INFO django.server basehttp: "GET /static/css/design-system.css?v=1790134043 HTTP/1.1" 200 7762
[2026-09-23 10:27:23,684] INFO django.server basehttp: "GET /static/js/datasources_browse.js?v=1790134043 HTTP/1.1" 200 4406
[2026-09-23 10:27:23,684] INFO django.server basehttp: "GET /static/css/app-shell.css?v=1790134043 HTTP/1.1" 200 40556
[2026-09-23 10:27:23,700] INFO django.server basehttp: "GET /datasources/browse/tables/?source=sqlite HTTP/1.1" 200 951
[2026-09-23 10:27:35,109] INFO django.server basehttp: "GET /datasources/connections/ HTTP/1.1" 200 5426
[2026-09-23 10:27:35,136] INFO django.server basehttp: "GET /static/css/design-system.css?v=1790134055 HTTP/1.1" 200 7762
[2026-09-23 10:27:35,137] INFO django.server basehttp: "GET /static/css/app-shell.css?v=1790134055 HTTP/1.1" 200 40556
[2026-09-23 10:27:39,953] INFO django.server basehttp: "GET /datasources/browse/ HTTP/1.1" 200 5561
[2026-09-23 10:27:39,982] INFO django.server basehttp: "GET /static/css/design-system.css?v=1790134059 HTTP/1.1" 200 7762
[2026-09-23 10:27:39,984] INFO django.server basehttp: "GET /static/js/datasources_browse.js?v=1790134059 HTTP/1.1" 200 4406
[2026-09-23 10:27:39,984] INFO django.server basehttp: "GET /static/css/app-shell.css?v=1790134059 HTTP/1.1" 200 40556
[2026-09-23 10:27:40,012] INFO django.server basehttp: "GET /datasources/browse/tables/?source=sqlite HTTP/1.1" 200 951
[2026-09-23 10:27:53,711] INFO django.server basehttp: "HEAD / HTTP/1.1" 200 0
[2026-09-23 10:27:54,071] INFO django.server basehttp: "GET / HTTP/1.1" 200 21682
[2026-09-23 10:27:54,085] INFO django.server basehttp: "GET /static/css/design-system.css?v=1790134074 HTTP/1.1" 200 7762
[2026-09-23 10:27:54,088] INFO django.server basehttp: "GET /static/css/home.css?v=1790134074 HTTP/1.1" 200 13869
[2026-09-23 10:27:54,093] INFO django.server basehttp: "GET /media/hero/Gemini_Image.jpg HTTP/1.1" 304 0
[2026-09-23 10:27:54,094] INFO django.server basehttp: "GET /media/modules/processed/Doc.gif HTTP/1.1" 304 0
[2026-09-23 10:27:54,096] INFO django.server basehttp: "GET /media/modules/processed/Manpower.gif HTTP/1.1" 304 0
[2026-09-23 10:27:54,109] INFO django.server basehttp: "GET /media/modules/processed/Cer.gif HTTP/1.1" 304 0
[2026-09-23 10:27:54,110] INFO django.server basehttp: "GET /media/modules/processed/Analytics.gif HTTP/1.1" 304 0
[2026-09-23 10:27:54,112] INFO django.server basehttp: "GET /media/modules/processed/Happy.gif HTTP/1.1" 304 0
[2026-09-23 10:27:54,113] INFO django.server basehttp: "GET /media/modules/processed/Tool2.gif HTTP/1.1" 304 0
[2026-09-23 10:27:54,127] WARNING django.server basehttp: "GET /favicon.ico HTTP/1.1" 404 5907
[2026-09-23 10:27:54,890] WARNING django.server basehttp: "GET /favicon.ico HTTP/1.1" 404 5907
[2026-09-23 10:28:01,436] INFO django.server basehttp: "GET /utilities/ HTTP/1.1" 200 14049
[2026-09-23 10:28:01,468] INFO django.server basehttp: "GET /static/css/design-system.css?v=1790134081 HTTP/1.1" 200 7762
[2026-09-23 10:28:01,469] INFO django.server basehttp: "GET /static/css/app-shell.css?v=1790134081 HTTP/1.1" 200 40556
[2026-09-23 10:28:03,076] INFO django.server basehttp: "GET /monitoring/ HTTP/1.1" 200 5039
[2026-09-23 10:28:03,102] INFO django.server basehttp: "GET /static/css/design-system.css?v=1790134083 HTTP/1.1" 200 7762
[2026-09-23 10:28:03,102] INFO django.server basehttp: "GET /static/css/app-shell.css?v=1790134083 HTTP/1.1" 200 40556
[2026-09-23 10:28:03,688] INFO django.server basehttp: "GET /certificates/ HTTP/1.1" 200 5009
[2026-09-23 10:28:04,033] INFO django.server basehttp: "GET /media/about/ChatGPT_Image_Sep_23_2026_10_22_00_AM.png HTTP/1.1" 200 1777207
[2026-09-23 10:28:05,216] INFO django.server basehttp: "GET /datasources/browse/ HTTP/1.1" 200 5561
[2026-09-23 10:28:05,246] INFO django.server basehttp: "GET /static/css/design-system.css?v=1790134085 HTTP/1.1" 200 7762
[2026-09-23 10:28:05,246] INFO django.server basehttp: "GET /static/css/app-shell.css?v=1790134085 HTTP/1.1" 200 40556
[2026-09-23 10:28:05,248] INFO django.server basehttp: "GET /static/js/datasources_browse.js?v=1790134085 HTTP/1.1" 200 4406
[2026-09-23 10:28:05,265] INFO django.server basehttp: "GET /datasources/browse/tables/?source=sqlite HTTP/1.1" 200 951
[2026-09-23 10:28:05,916] INFO django.server basehttp: "GET /accounts/users/ HTTP/1.1" 200 8442
[2026-09-23 10:28:07,040] INFO django.server basehttp: "GET /audit/ HTTP/1.1" 200 9278
[2026-09-23 10:28:07,069] INFO django.server basehttp: "GET /static/css/design-system.css?v=1790134087 HTTP/1.1" 200 7762
[2026-09-23 10:28:07,070] INFO django.server basehttp: "GET /static/css/app-shell.css?v=1790134087 HTTP/1.1" 200 40556
[2026-09-23 10:28:08,051] INFO django.server basehttp: "GET /usage-stats/ HTTP/1.1" 200 7009
[2026-09-23 10:28:08,075] INFO django.server basehttp: "GET /static/css/design-system.css?v=1790134088 HTTP/1.1" 200 7762
[2026-09-23 10:28:08,079] INFO django.server basehttp: "GET /static/css/app-shell.css?v=1790134088 HTTP/1.1" 200 40556
[2026-09-23 10:28:10,382] INFO django.server basehttp: "GET /audit/ HTTP/1.1" 200 9278
[2026-09-23 10:28:10,411] INFO django.server basehttp: "GET /static/css/design-system.css?v=1790134090 HTTP/1.1" 200 7762
[2026-09-23 10:28:10,412] INFO django.server basehttp: "GET /static/css/app-shell.css?v=1790134090 HTTP/1.1" 200 40556
[2026-09-23 10:28:13,435] INFO django.server basehttp: "GET /usage-stats/ HTTP/1.1" 200 7009
[2026-09-23 10:28:13,461] INFO django.server basehttp: "GET /static/css/design-system.css?v=1790134093 HTTP/1.1" 200 7762
[2026-09-23 10:28:13,461] INFO django.server basehttp: "GET /static/css/app-shell.css?v=1790134093 HTTP/1.1" 200 40556
[2026-09-23 10:28:14,273] INFO django.server basehttp: "GET /audit/ HTTP/1.1" 200 9278
[2026-09-23 10:28:14,299] INFO django.server basehttp: "GET /static/css/design-system.css?v=1790134094 HTTP/1.1" 200 7762
[2026-09-23 10:28:14,300] INFO django.server basehttp: "GET /static/css/app-shell.css?v=1790134094 HTTP/1.1" 200 40556
[2026-09-23 10:28:28,465] INFO django.server basehttp: "GET / HTTP/1.1" 200 22021
[2026-09-23 10:28:28,500] INFO django.server basehttp: "GET /static/css/home.css?v=1790134108 HTTP/1.1" 200 13914
[2026-09-23 10:28:28,501] INFO django.server basehttp: "GET /static/css/design-system.css?v=1790134108 HTTP/1.1" 200 7762
[2026-09-23 10:28:28,978] WARNING django.server basehttp: "GET /favicon.ico HTTP/1.1" 404 5907
[2026-09-23 10:28:29,077] INFO django.server basehttp: "GET /media/about/ChatGPT_Image_Sep_23_2026_10_22_00_AM.png HTTP/1.1" 304 0
[2026-09-23 10:28:42,740] INFO django.server basehttp: "GET /dashboard/ HTTP/1.1" 200 9662
[2026-09-23 10:28:42,771] INFO django.server basehttp: "GET /static/css/design-system.css?v=1790134122 HTTP/1.1" 200 7762
[2026-09-23 10:28:42,771] INFO django.server basehttp: "GET /static/css/app-shell.css?v=1790134122 HTTP/1.1" 200 40556
[2026-09-23 10:28:45,626] INFO django.server basehttp: "GET /static/css/home.css HTTP/1.1" 200 13914
[2026-09-23 10:28:45,733] INFO django.server basehttp: - Broken pipe from ('127.0.0.1', 53478)
[2026-09-23 10:28:55,601] INFO django.server basehttp: "GET / HTTP/1.1" 200 21682
[2026-09-23 10:28:55,617] INFO django.server basehttp: "GET /static/css/design-system.css?v=1790134135 HTTP/1.1" 200 7762
[2026-09-23 10:28:55,620] INFO django.server basehttp: "GET /static/css/home.css?v=1790134135 HTTP/1.1" 200 13914
[2026-09-23 10:28:55,622] INFO django.server basehttp: "GET /static/img/standards/egat-no5.png HTTP/1.1" 304 0
[2026-09-23 10:28:55,623] INFO django.server basehttp: "GET /static/img/standards/tisi.png HTTP/1.1" 304 0
[2026-09-23 10:28:55,624] INFO django.server basehttp: "GET /static/img/standards/ahri.png HTTP/1.1" 304 0
[2026-09-23 10:28:55,625] INFO django.server basehttp: "GET /static/img/standards/ilac-nsc.png HTTP/1.1" 304 0
[2026-09-23 10:28:55,626] INFO django.server basehttp: "GET /media/about/ChatGPT_Image_Sep_23_2026_10_22_00_AM.png HTTP/1.1" 304 0
[2026-09-23 10:28:55,637] WARNING django.server basehttp: "GET /favicon.ico HTTP/1.1" 404 5907
[2026-09-23 10:29:43,830] WARNING django.server basehttp: "GET /favicon.ico HTTP/1.1" 404 5907
[2026-09-23 10:31:40,961] INFO django.server basehttp: "GET / HTTP/1.1" 200 22021
[2026-09-23 10:31:40,994] INFO django.server basehttp: "GET /static/img/standards/egat-no5.png HTTP/1.1" 304 0
[2026-09-23 10:31:40,996] INFO django.server basehttp: "GET /static/css/design-system.css?v=1790134300 HTTP/1.1" 200 7762
[2026-09-23 10:31:40,996] INFO django.server basehttp: "GET /static/css/home.css?v=1790134300 HTTP/1.1" 200 13914
[2026-09-23 10:31:41,000] INFO django.server basehttp: "GET /static/img/standards/ahri.png HTTP/1.1" 304 0
[2026-09-23 10:31:41,001] INFO django.server basehttp: "GET /static/img/standards/tisi.png HTTP/1.1" 304 0
[2026-09-23 10:31:41,002] INFO django.server basehttp: "GET /static/img/standards/ilac-nsc.png HTTP/1.1" 304 0
[2026-09-23 10:31:41,004] INFO django.server basehttp: "GET /media/hero/Gemini_Image.jpg HTTP/1.1" 304 0
[2026-09-23 10:31:41,004] INFO django.server basehttp: "GET /media/about/ChatGPT_Image_Sep_23_2026_10_22_00_AM.png HTTP/1.1" 304 0
[2026-09-23 10:31:41,002] INFO django.server basehttp: "GET /media/about/Policy.jpg HTTP/1.1" 304 0
[2026-09-23 10:31:41,009] INFO django.server basehttp: "GET /media/modules/processed/Happy.gif HTTP/1.1" 304 0
[2026-09-23 10:31:41,009] INFO django.server basehttp: "GET /media/modules/processed/Doc.gif HTTP/1.1" 304 0
[2026-09-23 10:31:41,010] INFO django.server basehttp: "GET /media/modules/processed/Tool2.gif HTTP/1.1" 304 0
[2026-09-23 10:31:41,009] INFO django.server basehttp: "GET /media/modules/processed/Cer.gif HTTP/1.1" 304 0
[2026-09-23 10:31:41,010] INFO django.server basehttp: "GET /media/modules/processed/Manpower.gif HTTP/1.1" 304 0
[2026-09-23 10:31:41,010] INFO django.server basehttp: "GET /media/modules/processed/Analytics.gif HTTP/1.1" 304 0
[2026-09-23 10:32:11,977] INFO django.server basehttp: "GET /dashboard/ HTTP/1.1" 200 9662
[2026-09-23 10:32:12,010] INFO django.server basehttp: "GET /static/css/design-system.css?v=1790134331 HTTP/1.1" 200 7762
[2026-09-23 10:32:12,011] INFO django.server basehttp: "GET /static/css/app-shell.css?v=1790134331 HTTP/1.1" 200 40556
[2026-09-23 10:33:31,971] INFO django.server basehttp: "GET /dashboard/ HTTP/1.1" 200 9662
[2026-09-23 10:33:31,994] INFO django.server basehttp: "GET /static/css/design-system.css?v=1790134411 HTTP/1.1" 200 7762
[2026-09-23 10:33:31,994] INFO django.server basehttp: "GET /static/css/app-shell.css?v=1790134411 HTTP/1.1" 200 40556
[2026-09-23 10:35:28,164] INFO django.server basehttp: "GET /dashboard/ HTTP/1.1" 200 9662
[2026-09-23 10:35:28,190] INFO django.server basehttp: "GET /static/css/design-system.css?v=1790134528 HTTP/1.1" 200 7762
[2026-09-23 10:35:28,190] INFO django.server basehttp: "GET /static/css/app-shell.css?v=1790134528 HTTP/1.1" 200 40556
[2026-09-23 10:35:29,416] INFO django.server basehttp: "GET /dashboard/ HTTP/1.1" 200 9662
[2026-09-23 10:35:29,439] INFO django.server basehttp: "GET /static/css/app-shell.css?v=1790134529 HTTP/1.1" 200 40556
[2026-09-23 10:35:29,440] INFO django.server basehttp: "GET /static/css/design-system.css?v=1790134529 HTTP/1.1" 200 7762
[2026-09-23 10:36:49,478] INFO django.server basehttp: "GET /dashboard/ HTTP/1.1" 200 9662
[2026-09-23 10:36:49,500] INFO django.server basehttp: "GET /static/css/design-system.css?v=1790134609 HTTP/1.1" 200 7762
[2026-09-23 10:36:49,501] INFO django.server basehttp: "GET /static/css/app-shell.css?v=1790134609 HTTP/1.1" 200 40556
[2026-09-23 10:37:25,625] INFO django.server basehttp: "GET /documents/ HTTP/1.1" 200 22418
[2026-09-23 10:37:25,660] INFO django.server basehttp: "GET /static/css/design-system.css?v=1790134645 HTTP/1.1" 200 7762
[2026-09-23 10:37:25,661] INFO django.server basehttp: "GET /static/css/app-shell.css?v=1790134645 HTTP/1.1" 200 40556
[2026-09-23 10:37:27,063] INFO django.server basehttp: "GET /dashboard/ HTTP/1.1" 200 9662
[2026-09-23 10:37:27,090] INFO django.server basehttp: "GET /static/css/design-system.css?v=1790134647 HTTP/1.1" 200 7762
[2026-09-23 10:37:27,090] INFO django.server basehttp: "GET /static/css/app-shell.css?v=1790134647 HTTP/1.1" 200 40556
[2026-09-23 10:37:57,496] INFO django.server basehttp: "GET /dashboard/ HTTP/1.1" 200 9662
[2026-09-23 10:37:57,524] INFO django.server basehttp: "GET /static/css/design-system.css?v=1790134677 HTTP/1.1" 200 7762
[2026-09-23 10:37:57,524] INFO django.server basehttp: "GET /static/css/app-shell.css?v=1790134677 HTTP/1.1" 200 40556
[2026-09-23 10:38:00,659] INFO django.server basehttp: "GET /datasources/browse/ HTTP/1.1" 200 5561
[2026-09-23 10:38:00,690] INFO django.server basehttp: "GET /static/css/design-system.css?v=1790134680 HTTP/1.1" 200 7762
[2026-09-23 10:38:00,692] INFO django.server basehttp: "GET /static/css/app-shell.css?v=1790134680 HTTP/1.1" 200 40556
[2026-09-23 10:38:00,693] INFO django.server basehttp: "GET /static/js/datasources_browse.js?v=1790134680 HTTP/1.1" 200 4406
[2026-09-23 10:38:00,709] INFO django.server basehttp: "GET /datasources/browse/tables/?source=sqlite HTTP/1.1" 200 951
[2026-09-23 10:38:02,402] ERROR django.server basehttp: "GET /datasources/connections/ HTTP/1.1" 500 99053
[2026-09-23 10:38:10,773] INFO django.server basehttp: "HEAD / HTTP/1.1" 200 0
[2026-09-23 10:38:11,136] INFO django.server basehttp: "GET / HTTP/1.1" 200 21682
[2026-09-23 10:38:11,153] INFO django.server basehttp: "GET /static/css/design-system.css?v=1790134691 HTTP/1.1" 200 7762
[2026-09-23 10:38:11,157] INFO django.server basehttp: "GET /static/css/home.css?v=1790134691 HTTP/1.1" 200 13914
[2026-09-23 10:38:11,162] INFO django.server basehttp: "GET /media/hero/Gemini_Image.jpg HTTP/1.1" 304 0
[2026-09-23 10:38:11,163] INFO django.server basehttp: "GET /media/modules/processed/Doc.gif HTTP/1.1" 304 0
[2026-09-23 10:38:11,165] INFO django.server basehttp: "GET /media/modules/processed/Manpower.gif HTTP/1.1" 304 0
[2026-09-23 10:38:11,166] INFO django.server basehttp: "GET /media/modules/processed/Cer.gif HTTP/1.1" 304 0
[2026-09-23 10:38:11,169] INFO django.server basehttp: "GET /media/modules/processed/Analytics.gif HTTP/1.1" 304 0
[2026-09-23 10:38:11,172] INFO django.server basehttp: "GET /media/modules/processed/Happy.gif HTTP/1.1" 304 0
[2026-09-23 10:38:11,180] INFO django.server basehttp: "GET /media/modules/processed/Tool2.gif HTTP/1.1" 304 0
[2026-09-23 10:38:11,286] WARNING django.server basehttp: "GET /favicon.ico HTTP/1.1" 404 5907
[2026-09-23 10:39:10,282] INFO django.server basehttp: "GET /login/ HTTP/1.1" 200 4891
[2026-09-23 10:39:10,298] INFO django.server basehttp: "GET /static/css/design-system.css?v=1790134750 HTTP/1.1" 200 7762
[2026-09-23 10:39:10,298] INFO django.server basehttp: "GET /static/css/home.css?v=1790134750 HTTP/1.1" 200 13914
[2026-09-23 10:39:10,319] WARNING django.server basehttp: "GET /favicon.ico HTTP/1.1" 404 5907
[2026-09-23 10:39:15,049] INFO django.server basehttp: "POST /login/ HTTP/1.1" 302 0
[2026-09-23 10:39:15,077] INFO django.server basehttp: "GET /dashboard/ HTTP/1.1" 200 9535
[2026-09-23 10:39:17,656] INFO django.server basehttp: "GET /dashboard/ HTTP/1.1" 200 9535
[2026-09-23 10:39:17,676] INFO django.server basehttp: "GET /static/css/design-system.css?v=1790134757 HTTP/1.1" 200 7762
[2026-09-23 10:39:17,678] INFO django.server basehttp: "GET /static/css/app-shell.css?v=1790134757 HTTP/1.1" 200 40556
[2026-09-23 10:39:17,923] WARNING django.server basehttp: "GET /favicon.ico HTTP/1.1" 404 5907
[2026-09-23 10:39:24,505] INFO django.server basehttp: "GET /dashboard/ HTTP/1.1" 200 9535
[2026-09-23 10:39:24,522] INFO django.server basehttp: "GET /static/css/design-system.css?v=1790134764 HTTP/1.1" 200 7762
[2026-09-23 10:39:24,523] INFO django.server basehttp: "GET /static/css/app-shell.css?v=1790134764 HTTP/1.1" 200 40556
[2026-09-23 10:39:24,542] WARNING django.server basehttp: "GET /favicon.ico HTTP/1.1" 404 5907
[2026-09-23 10:39:40,619] INFO django.server basehttp: "GET /datasources/browse/ HTTP/1.1" 200 8317
[2026-09-23 10:39:40,633] INFO django.server basehttp: "GET /static/css/design-system.css?v=1790134780 HTTP/1.1" 200 7762
[2026-09-23 10:39:40,634] INFO django.server basehttp: "GET /static/css/app-shell.css?v=1790134780 HTTP/1.1" 200 40556
[2026-09-23 10:39:40,638] INFO django.server basehttp: "GET /static/js/datasources_browse.js?v=1790134780 HTTP/1.1" 200 4406
[2026-09-23 10:39:40,649] INFO django.server basehttp: "GET /datasources/browse/tables/?source=sqlite HTTP/1.1" 200 951
[2026-09-23 10:39:40,663] WARNING django.server basehttp: "GET /favicon.ico HTTP/1.1" 404 5907
[2026-09-23 10:39:48,419] INFO django.server basehttp: "GET /dashboard/ HTTP/1.1" 200 9523
[2026-09-23 10:39:48,444] INFO django.server basehttp: "GET /static/css/design-system.css?v=1790134788 HTTP/1.1" 200 7762
[2026-09-23 10:39:48,444] INFO django.server basehttp: "GET /static/css/app-shell.css?v=1790134788 HTTP/1.1" 200 40556
[2026-09-23 10:39:48,849] WARNING django.server basehttp: "GET /favicon.ico HTTP/1.1" 404 5907
[2026-09-23 10:39:51,443] INFO django.server basehttp: "GET /datasources/browse/ HTTP/1.1" 200 8305
[2026-09-23 10:39:51,470] INFO django.server basehttp: "GET /static/css/design-system.css?v=1790134791 HTTP/1.1" 200 7762
[2026-09-23 10:39:51,471] INFO django.server basehttp: "GET /static/css/app-shell.css?v=1790134791 HTTP/1.1" 200 40556
[2026-09-23 10:39:51,473] INFO django.server basehttp: "GET /static/js/datasources_browse.js?v=1790134791 HTTP/1.1" 200 4406
[2026-09-23 10:39:51,486] INFO django.server basehttp: "GET /datasources/browse/tables/?source=sqlite HTTP/1.1" 200 951
[2026-09-23 10:39:52,439] INFO django.server basehttp: "GET /audit/ HTTP/1.1" 200 14173
[2026-09-23 10:39:52,453] INFO django.server basehttp: "GET /static/css/design-system.css?v=1790134792 HTTP/1.1" 200 7762
[2026-09-23 10:39:52,454] INFO django.server basehttp: "GET /static/css/app-shell.css?v=1790134792 HTTP/1.1" 200 40556
[2026-09-23 10:39:52,603] WARNING django.server basehttp: "GET /favicon.ico HTTP/1.1" 404 5907
[2026-09-23 10:39:56,732] WARNING django.server basehttp: "GET /favicon.ico HTTP/1.1" 404 5907
[2026-09-23 10:39:56,749] INFO django.server basehttp: "GET / HTTP/1.1" 200 22021
[2026-09-23 10:39:56,784] INFO django.server basehttp: "GET /static/css/design-system.css?v=1790134796 HTTP/1.1" 200 7762
[2026-09-23 10:39:56,785] INFO django.server basehttp: "GET /static/css/home.css?v=1790134796 HTTP/1.1" 200 13914
[2026-09-23 10:39:56,785] INFO django.server basehttp: "GET /media/about/ChatGPT_Image_Sep_23_2026_10_22_00_AM.png HTTP/1.1" 304 0
[2026-09-23 10:39:56,789] INFO django.server basehttp: "GET /media/hero/Gemini_Image.jpg HTTP/1.1" 304 0
[2026-09-23 10:39:56,792] INFO django.server basehttp: "GET /media/modules/processed/Happy.gif HTTP/1.1" 304 0
[2026-09-23 10:39:56,792] INFO django.server basehttp: "GET /media/modules/processed/Cer.gif HTTP/1.1" 304 0
[2026-09-23 10:39:56,793] INFO django.server basehttp: "GET /media/modules/processed/Tool2.gif HTTP/1.1" 304 0
[2026-09-23 10:39:56,793] INFO django.server basehttp: "GET /media/modules/processed/Doc.gif HTTP/1.1" 304 0
[2026-09-23 10:39:56,792] INFO django.server basehttp: "GET /media/modules/processed/Analytics.gif HTTP/1.1" 304 0
[2026-09-23 10:39:56,793] INFO django.server basehttp: "GET /media/modules/processed/Manpower.gif HTTP/1.1" 304 0
[2026-09-23 10:39:59,556] INFO django.server basehttp: "GET /dashboard/ HTTP/1.1" 200 9523
[2026-09-23 10:39:59,590] INFO django.server basehttp: "GET /static/css/design-system.css?v=1790134799 HTTP/1.1" 200 7762
[2026-09-23 10:39:59,590] INFO django.server basehttp: "GET /static/css/app-shell.css?v=1790134799 HTTP/1.1" 200 40556
[2026-09-23 10:40:39,374] INFO django.server basehttp: "GET /dashboard/ HTTP/1.1" 200 9523
[2026-09-23 10:40:39,400] INFO django.server basehttp: "GET /static/css/design-system.css?v=1790134839 HTTP/1.1" 200 7762
[2026-09-23 10:40:39,401] INFO django.server basehttp: "GET /static/css/app-shell.css?v=1790134839 HTTP/1.1" 200 40556
[2026-09-23 10:40:40,171] INFO django.server basehttp: "GET /dashboard/ HTTP/1.1" 200 9523
[2026-09-23 10:40:40,194] INFO django.server basehttp: "GET /static/css/design-system.css?v=1790134840 HTTP/1.1" 200 7762
[2026-09-23 10:40:40,194] INFO django.server basehttp: "GET /static/css/app-shell.css?v=1790134840 HTTP/1.1" 200 40556
[2026-09-23 10:40:41,885] INFO django.server basehttp: "GET /datasources/browse/ HTTP/1.1" 200 8305
[2026-09-23 10:40:41,909] INFO django.server basehttp: "GET /static/css/design-system.css?v=1790134841 HTTP/1.1" 200 7762
[2026-09-23 10:40:41,910] INFO django.server basehttp: "GET /static/css/app-shell.css?v=1790134841 HTTP/1.1" 200 40556
[2026-09-23 10:40:41,910] INFO django.server basehttp: "GET /static/js/datasources_browse.js?v=1790134841 HTTP/1.1" 200 4406
[2026-09-23 10:40:41,933] INFO django.server basehttp: "GET /datasources/browse/tables/?source=sqlite HTTP/1.1" 200 951
[2026-09-23 10:40:47,701] INFO django.server basehttp: "GET /accounts/users/ HTTP/1.1" 200 8270
[2026-09-23 10:40:47,734] INFO django.server basehttp: "GET /static/css/design-system.css?v=1790134847 HTTP/1.1" 200 7762
[2026-09-23 10:40:47,734] INFO django.server basehttp: "GET /static/css/app-shell.css?v=1790134847 HTTP/1.1" 200 40556
[2026-09-23 10:40:49,938] INFO django.server basehttp: "GET /audit/ HTTP/1.1" 200 14161
[2026-09-23 10:40:49,964] INFO django.server basehttp: "GET /static/css/design-system.css?v=1790134849 HTTP/1.1" 200 7762
[2026-09-23 10:40:49,964] INFO django.server basehttp: "GET /static/css/app-shell.css?v=1790134849 HTTP/1.1" 200 40556
[2026-09-23 10:41:01,124] INFO django.server basehttp: "GET /datasources/browse/ HTTP/1.1" 200 8305
[2026-09-23 10:41:01,151] INFO django.server basehttp: "GET /static/js/datasources_browse.js?v=1790134861 HTTP/1.1" 200 4406
[2026-09-23 10:41:01,151] INFO django.server basehttp: "GET /static/css/design-system.css?v=1790134861 HTTP/1.1" 200 7762
[2026-09-23 10:41:02,156] INFO django.server basehttp: "GET /static/css/app-shell.css?v=1790134861 HTTP/1.1" 200 40556
[2026-09-23 10:41:02,176] INFO django.server basehttp: "GET /datasources/browse/tables/?source=sqlite HTTP/1.1" 200 951
[2026-09-23 10:42:35,517] INFO django.server basehttp: "GET /audit/ HTTP/1.1" 200 14161
[2026-09-23 10:42:35,547] INFO django.server basehttp: "GET /static/css/design-system.css?v=1790134955 HTTP/1.1" 200 7762
[2026-09-23 10:42:35,548] INFO django.server basehttp: "GET /static/css/app-shell.css?v=1790134955 HTTP/1.1" 200 40556
[2026-09-23 10:44:05,243] INFO django.server basehttp: "GET /accounts/users/ HTTP/1.1" 200 8270
[2026-09-23 10:44:05,273] INFO django.server basehttp: "GET /static/css/design-system.css?v=1790135045 HTTP/1.1" 200 7762
[2026-09-23 10:44:05,273] INFO django.server basehttp: "GET /static/css/app-shell.css?v=1790135045 HTTP/1.1" 200 40556
[2026-09-23 10:44:07,054] INFO django.server basehttp: "GET /settings/home-appearance/ HTTP/1.1" 200 19926
[2026-09-23 10:44:07,092] INFO django.server basehttp: "GET /static/css/design-system.css?v=1790135047 HTTP/1.1" 200 7762
[2026-09-23 10:44:07,094] INFO django.server basehttp: "GET /static/css/app-shell.css?v=1790135047 HTTP/1.1" 200 40556
[2026-09-23 10:44:08,060] INFO django.server basehttp: "GET /settings/about-topics/ HTTP/1.1" 200 15696
[2026-09-23 10:44:08,097] INFO django.server basehttp: "GET /media/about/ChatGPT_Image_Sep_23_2026_10_22_00_AM.png HTTP/1.1" 304 0
[2026-09-23 10:44:08,099] INFO django.server basehttp: "GET /static/css/design-system.css?v=1790135048 HTTP/1.1" 200 7762
[2026-09-23 10:44:08,099] INFO django.server basehttp: "GET /static/css/app-shell.css?v=1790135048 HTTP/1.1" 200 40556
[2026-09-23 10:44:09,137] INFO django.server basehttp: "GET /settings/home-appearance/ HTTP/1.1" 200 19926
[2026-09-23 10:44:09,168] INFO django.server basehttp: "GET /static/css/design-system.css?v=1790135049 HTTP/1.1" 200 7762
[2026-09-23 10:44:09,172] INFO django.server basehttp: "GET /static/css/app-shell.css?v=1790135049 HTTP/1.1" 200 40556
[2026-09-23 10:44:55,516] INFO django.server basehttp: "HEAD / HTTP/1.1" 200 0
[2026-09-23 10:44:55,888] INFO django.server basehttp: "GET / HTTP/1.1" 200 21682
[2026-09-23 10:44:55,913] INFO django.server basehttp: "GET /static/css/design-system.css?v=1790135095 HTTP/1.1" 200 7762
[2026-09-23 10:44:55,918] INFO django.server basehttp: "GET /static/css/home.css?v=1790135095 HTTP/1.1" 200 13914
[2026-09-23 10:44:55,920] INFO django.server basehttp: "GET /static/img/standards/egat-no5.png HTTP/1.1" 304 0
[2026-09-23 10:44:55,921] INFO django.server basehttp: "GET /static/img/standards/tisi.png HTTP/1.1" 304 0
[2026-09-23 10:44:55,922] INFO django.server basehttp: "GET /static/img/standards/ahri.png HTTP/1.1" 304 0
[2026-09-23 10:44:55,923] INFO django.server basehttp: "GET /static/img/standards/ilac-nsc.png HTTP/1.1" 304 0
[2026-09-23 10:44:55,927] INFO django.server basehttp: "GET /media/hero/Gemini_Image.jpg HTTP/1.1" 304 0
[2026-09-23 10:44:55,964] WARNING django.server basehttp: "GET /favicon.ico HTTP/1.1" 404 5907
[2026-09-23 10:44:56,667] INFO django.server basehttp: "GET /login/ HTTP/1.1" 200 4891
[2026-09-23 10:44:56,683] INFO django.server basehttp: "GET /static/css/home.css?v=1790135096 HTTP/1.1" 200 13914
[2026-09-23 10:44:56,683] INFO django.server basehttp: "GET /static/css/design-system.css?v=1790135096 HTTP/1.1" 200 7762
[2026-09-23 10:44:56,702] WARNING django.server basehttp: "GET /favicon.ico HTTP/1.1" 404 5907
[2026-09-23 10:45:01,292] INFO django.server basehttp: "POST /login/ HTTP/1.1" 302 0
[2026-09-23 10:45:01,319] INFO django.server basehttp: "GET /dashboard/ HTTP/1.1" 200 9544
[2026-09-23 10:45:03,990] INFO django.server basehttp: "GET /dashboard/ HTTP/1.1" 200 9544
[2026-09-23 10:45:04,011] INFO django.server basehttp: "GET /static/css/design-system.css?v=1790135103 HTTP/1.1" 200 7762
[2026-09-23 10:45:04,012] INFO django.server basehttp: "GET /static/css/app-shell.css?v=1790135103 HTTP/1.1" 200 40556
[2026-09-23 10:45:04,026] WARNING django.server basehttp: "GET /favicon.ico HTTP/1.1" 404 5907
[2026-09-23 10:45:12,186] INFO django.server basehttp: "GET /datasources/browse/ HTTP/1.1" 200 8302
[2026-09-23 10:45:12,212] INFO django.server basehttp: "GET /audit/ HTTP/1.1" 200 14190
[2026-09-23 10:45:13,185] INFO django.server basehttp: "GET / HTTP/1.1" 200 22021
[2026-09-23 10:45:13,217] INFO django.server basehttp: "GET /static/css/design-system.css?v=1790135113 HTTP/1.1" 200 7762
[2026-09-23 10:45:13,217] INFO django.server basehttp: "GET /static/css/home.css?v=1790135113 HTTP/1.1" 200 13914
[2026-09-23 10:45:13,223] INFO django.server basehttp: "GET /media/hero/Gemini_Image.jpg HTTP/1.1" 304 0
[2026-09-23 10:45:30,408] INFO django.server basehttp: "GET /dashboard/ HTTP/1.1" 200 9530
[2026-09-23 10:45:30,439] INFO django.server basehttp: "GET /static/css/design-system.css?v=1790135130 HTTP/1.1" 200 7762
[2026-09-23 10:45:30,440] INFO django.server basehttp: "GET /static/css/app-shell.css?v=1790135130 HTTP/1.1" 200 40556
[2026-09-23 10:45:33,089] INFO django.server basehttp: "GET /datasources/browse/ HTTP/1.1" 200 8288
[2026-09-23 10:45:33,120] INFO django.server basehttp: "GET /static/css/design-system.css?v=1790135133 HTTP/1.1" 200 7762
[2026-09-23 10:45:33,120] INFO django.server basehttp: "GET /static/css/app-shell.css?v=1790135133 HTTP/1.1" 200 40556
[2026-09-23 10:45:33,122] INFO django.server basehttp: "GET /static/js/datasources_browse.js?v=1790135133 HTTP/1.1" 200 4406
[2026-09-23 10:45:33,144] INFO django.server basehttp: "GET /datasources/browse/tables/?source=sqlite HTTP/1.1" 200 951
[2026-09-23 10:45:35,397] INFO django.server basehttp: "GET /audit/ HTTP/1.1" 200 14176
[2026-09-23 10:45:35,424] INFO django.server basehttp: "GET /static/css/design-system.css?v=1790135135 HTTP/1.1" 200 7762
[2026-09-23 10:45:35,424] INFO django.server basehttp: "GET /static/css/app-shell.css?v=1790135135 HTTP/1.1" 200 40556
[2026-09-23 10:45:39,503] INFO django.server basehttp: "GET /settings/home-appearance/ HTTP/1.1" 200 19919
[2026-09-23 10:45:39,539] INFO django.server basehttp: "GET /static/css/design-system.css?v=1790135139 HTTP/1.1" 200 7762
[2026-09-23 10:45:39,540] INFO django.server basehttp: "GET /static/css/app-shell.css?v=1790135139 HTTP/1.1" 200 40556
[2026-09-23 10:45:39,998] INFO django.server basehttp: "GET /settings/about-topics/ HTTP/1.1" 200 15689
[2026-09-23 10:45:44,172] INFO django.server basehttp: "GET /dashboard/ HTTP/1.1" 200 9530
[2026-09-23 10:45:44,201] INFO django.server basehttp: "GET /static/css/design-system.css?v=1790135144 HTTP/1.1" 200 7762
[2026-09-23 10:45:44,201] INFO django.server basehttp: "GET /static/css/app-shell.css?v=1790135144 HTTP/1.1" 200 40556
[2026-09-23 10:46:42,904] INFO django.server basehttp: "GET / HTTP/1.1" 200 22021
[2026-09-23 10:46:42,938] INFO django.server basehttp: "GET /media/about/ChatGPT_Image_Sep_23_2026_10_22_00_AM.png HTTP/1.1" 304 0
[2026-09-23 10:46:42,940] INFO django.server basehttp: "GET /static/css/home.css?v=1790135202 HTTP/1.1" 200 13914
[2026-09-23 10:46:42,940] INFO django.server basehttp: "GET /static/css/design-system.css?v=1790135202 HTTP/1.1" 200 7762
[2026-09-23 10:47:29,009] INFO django.server basehttp: "GET /login/ HTTP/1.1" 200 4891
[2026-09-23 10:47:29,035] INFO django.server basehttp: "GET /dashboard/ HTTP/1.1" 302 0
[2026-09-23 10:47:29,043] INFO django.server basehttp: "GET /login/?next=/dashboard/ HTTP/1.1" 200 4902
[2026-09-23 10:47:29,129] INFO django.server basehttp: - Broken pipe from ('127.0.0.1', 62538)
[2026-09-23 10:47:43,955] INFO django.server basehttp: "GET /login/ HTTP/1.1" 200 4891
[2026-09-23 10:47:43,971] INFO django.server basehttp: "GET /static/css/design-system.css?v=1790135263 HTTP/1.1" 200 7762
[2026-09-23 10:47:43,971] INFO django.server basehttp: "GET /static/css/home.css?v=1790135263 HTTP/1.1" 200 13914
[2026-09-23 10:47:43,992] WARNING django.server basehttp: "GET /favicon.ico HTTP/1.1" 404 5907
[2026-09-23 10:47:57,623] INFO django.server basehttp: "POST /login/ HTTP/1.1" 302 0
[2026-09-23 10:47:57,639] INFO django.server basehttp: "GET /dashboard/ HTTP/1.1" 200 9556
[2026-09-23 10:48:00,627] INFO django.server basehttp: "GET /dashboard/ HTTP/1.1" 200 9556
[2026-09-23 10:48:00,660] INFO django.server basehttp: "GET /static/css/design-system.css?v=1790135280 HTTP/1.1" 200 7762
[2026-09-23 10:48:01,673] INFO django.server basehttp: "GET /static/css/app-shell.css?v=1790135280 HTTP/1.1" 200 40556
[2026-09-23 10:48:01,695] WARNING django.server basehttp: "GET /favicon.ico HTTP/1.1" 404 5907
[2026-09-23 10:48:30,866] INFO django.server basehttp: "HEAD / HTTP/1.1" 200 0
[2026-09-23 10:48:30,934] INFO django.server basehttp: "GET / HTTP/1.1" 200 22034
[2026-09-23 10:48:30,960] INFO django.server basehttp: "GET /static/css/design-system.css?v=1790135310 HTTP/1.1" 200 7762
[2026-09-23 10:48:30,967] INFO django.server basehttp: "GET /static/css/home.css?v=1790135310 HTTP/1.1" 200 13914
[2026-09-23 10:48:30,976] INFO django.server basehttp: "GET /media/modules/processed/Doc.gif HTTP/1.1" 304 0
[2026-09-23 10:48:30,981] INFO django.server basehttp: "GET /media/modules/processed/Manpower.gif HTTP/1.1" 304 0
[2026-09-23 10:48:30,984] INFO django.server basehttp: "GET /media/modules/processed/Cer.gif HTTP/1.1" 304 0
[2026-09-23 10:48:30,986] INFO django.server basehttp: "GET /media/modules/processed/Analytics.gif HTTP/1.1" 304 0
[2026-09-23 10:48:30,989] INFO django.server basehttp: "GET /media/modules/processed/Happy.gif HTTP/1.1" 304 0
[2026-09-23 10:48:30,992] INFO django.server basehttp: "GET /media/modules/processed/Tool2.gif HTTP/1.1" 304 0
[2026-09-23 10:48:31,033] WARNING django.server basehttp: "GET /favicon.ico HTTP/1.1" 404 5907
[2026-09-23 10:48:35,998] INFO django.server basehttp: "GET /dashboard/ HTTP/1.1" 200 8915
[2026-09-23 10:48:36,023] INFO django.server basehttp: "GET /static/css/design-system.css?v=1790135315 HTTP/1.1" 200 7762
[2026-09-23 10:48:36,023] INFO django.server basehttp: "GET /static/css/app-shell.css?v=1790135315 HTTP/1.1" 200 40556
[2026-09-23 10:48:36,046] WARNING django.server basehttp: "GET /favicon.ico HTTP/1.1" 404 5907
[2026-09-23 10:49:48,498] INFO django.server basehttp: "GET /dashboard/ HTTP/1.1" 200 8902
[2026-09-23 10:49:48,526] INFO django.server basehttp: "GET /static/css/design-system.css?v=1790135388 HTTP/1.1" 200 7762
[2026-09-23 10:49:48,526] INFO django.server basehttp: "GET /static/css/app-shell.css?v=1790135388 HTTP/1.1" 200 40556
[2026-09-23 10:49:50,634] INFO django.server basehttp: "GET / HTTP/1.1" 200 22021
[2026-09-23 10:49:50,670] INFO django.server basehttp: "GET /static/css/design-system.css?v=1790135390 HTTP/1.1" 200 7762
[2026-09-23 10:49:50,671] INFO django.server basehttp: "GET /static/css/home.css?v=1790135390 HTTP/1.1" 200 13914
[2026-09-23 10:49:50,679] INFO django.server basehttp: "GET /static/img/standards/egat-no5.png HTTP/1.1" 304 0
[2026-09-23 10:49:50,680] INFO django.server basehttp: "GET /media/about/Policy.jpg HTTP/1.1" 304 0
[2026-09-23 10:49:50,681] INFO django.server basehttp: "GET /static/img/standards/tisi.png HTTP/1.1" 304 0
[2026-09-23 10:49:50,681] INFO django.server basehttp: "GET /media/about/ChatGPT_Image_Sep_23_2026_10_22_00_AM.png HTTP/1.1" 304 0
[2026-09-23 10:49:50,682] INFO django.server basehttp: "GET /static/img/standards/ahri.png HTTP/1.1" 304 0
[2026-09-23 10:49:50,681] INFO django.server basehttp: "GET /static/img/standards/ilac-nsc.png HTTP/1.1" 304 0
[2026-09-23 10:49:50,684] INFO django.server basehttp: "GET /media/modules/processed/Doc.gif HTTP/1.1" 304 0
[2026-09-23 10:49:50,688] INFO django.server basehttp: "GET /media/modules/processed/Manpower.gif HTTP/1.1" 304 0
[2026-09-23 10:49:50,688] INFO django.server basehttp: "GET /media/modules/processed/Cer.gif HTTP/1.1" 304 0
[2026-09-23 10:49:50,688] INFO django.server basehttp: "GET /media/modules/processed/Tool2.gif HTTP/1.1" 304 0
[2026-09-23 10:49:50,688] INFO django.server basehttp: "GET /media/modules/processed/Happy.gif HTTP/1.1" 304 0
[2026-09-23 10:49:50,688] INFO django.server basehttp: "GET /media/modules/processed/Analytics.gif HTTP/1.1" 304 0
[2026-09-23 10:58:16,284] INFO django.server basehttp: "GET /utilities/ HTTP/1.1" 200 13870
[2026-09-23 10:58:16,315] INFO django.server basehttp: "GET /static/css/design-system.css?v=1790135896 HTTP/1.1" 200 7762
[2026-09-23 10:58:16,316] INFO django.server basehttp: "GET /static/css/app-shell.css?v=1790135896 HTTP/1.1" 200 40556
[2026-09-23 10:58:19,212] INFO django.server basehttp: "GET /dashboard/ HTTP/1.1" 200 8902
[2026-09-23 10:58:19,233] INFO django.server basehttp: "GET /static/css/design-system.css?v=1790135899 HTTP/1.1" 200 7762
[2026-09-23 10:58:19,234] INFO django.server basehttp: "GET /static/css/app-shell.css?v=1790135899 HTTP/1.1" 200 40556
[2026-09-23 10:58:21,247] INFO django.server basehttp: "GET / HTTP/1.1" 200 22021
[2026-09-23 10:58:21,276] INFO django.server basehttp: "GET /static/css/home.css?v=1790135901 HTTP/1.1" 200 13914
[2026-09-23 10:58:21,276] INFO django.server basehttp: "GET /static/css/design-system.css?v=1790135901 HTTP/1.1" 200 7762
[2026-09-23 10:58:21,279] INFO django.server basehttp: "GET /media/about/ChatGPT_Image_Sep_23_2026_10_22_00_AM.png HTTP/1.1" 304 0
[2026-09-23 10:58:21,279] INFO django.server basehttp: "GET /media/hero/Gemini_Image.jpg HTTP/1.1" 304 0
[2026-09-23 10:59:44,969] INFO django.server basehttp: "HEAD / HTTP/1.1" 200 0
[2026-09-23 10:59:45,350] INFO django.server basehttp: "GET / HTTP/1.1" 200 30373
[2026-09-23 10:59:45,369] INFO django.server basehttp: "GET /static/css/design-system.css?v=1790135985 HTTP/1.1" 200 7762
[2026-09-23 10:59:45,371] INFO django.server basehttp: "GET /static/css/home.css?v=1790135985 HTTP/1.1" 200 16205
[2026-09-23 10:59:45,377] INFO django.server basehttp: "GET /media/hero/Gemini_Image.jpg HTTP/1.1" 304 0
[2026-09-23 10:59:45,378] INFO django.server basehttp: "GET /media/modules/processed/Doc.gif HTTP/1.1" 304 0
[2026-09-23 10:59:45,379] INFO django.server basehttp: "GET /media/modules/processed/Manpower.gif HTTP/1.1" 304 0
[2026-09-23 10:59:45,381] INFO django.server basehttp: "GET /media/modules/processed/Cer.gif HTTP/1.1" 304 0
[2026-09-23 10:59:45,382] INFO django.server basehttp: "GET /media/modules/processed/Analytics.gif HTTP/1.1" 304 0
[2026-09-23 10:59:45,383] INFO django.server basehttp: "GET /media/modules/processed/Happy.gif HTTP/1.1" 304 0
[2026-09-23 10:59:45,385] INFO django.server basehttp: "GET /media/modules/processed/Tool2.gif HTTP/1.1" 304 0
[2026-09-23 10:59:45,411] WARNING django.server basehttp: "GET /favicon.ico HTTP/1.1" 404 5907
[2026-09-23 10:59:46,199] WARNING django.server basehttp: "GET /favicon.ico HTTP/1.1" 404 5907
[2026-09-23 11:00:23,681] INFO django.server basehttp: "GET /internal/ HTTP/1.1" 200 4660
[2026-09-23 11:00:23,707] INFO django.server basehttp: "GET /static/css/design-system.css?v=1790136023 HTTP/1.1" 200 7762
[2026-09-23 11:00:23,708] INFO django.server basehttp: "GET /static/css/app-shell.css?v=1790136023 HTTP/1.1" 200 40556
[2026-09-23 11:00:31,131] INFO django.server basehttp: "GET / HTTP/1.1" 200 30712
[2026-09-23 11:00:31,162] INFO django.server basehttp: "GET /static/css/design-system.css?v=1790136031 HTTP/1.1" 200 7762
[2026-09-23 11:00:31,162] INFO django.server basehttp: "GET /static/css/home.css?v=1790136031 HTTP/1.1" 200 16205
[2026-09-23 11:00:31,168] INFO django.server basehttp: "GET /media/modules/processed/Cer.gif HTTP/1.1" 304 0
[2026-09-23 11:00:31,169] INFO django.server basehttp: "GET /media/modules/processed/Manpower.gif HTTP/1.1" 304 0
[2026-09-23 11:00:31,169] INFO django.server basehttp: "GET /media/modules/processed/Doc.gif HTTP/1.1" 304 0
[2026-09-23 11:00:31,170] INFO django.server basehttp: "GET /media/modules/processed/Tool2.gif HTTP/1.1" 304 0
[2026-09-23 11:00:31,170] INFO django.server basehttp: "GET /media/modules/processed/Analytics.gif HTTP/1.1" 304 0
[2026-09-23 11:00:31,171] INFO django.server basehttp: "GET /media/modules/processed/Happy.gif HTTP/1.1" 304 0
[2026-09-23 11:00:46,734] INFO django.server basehttp: "GET /media/about/Policy.jpg HTTP/1.1" 304 0
[2026-09-23 11:01:01,686] INFO django.server basehttp: "GET /media/about/ChatGPT_Image_Sep_23_2026_10_22_00_AM.png HTTP/1.1" 304 0
[2026-09-23 11:01:08,741] WARNING django.server basehttp: "GET /favicon.ico HTTP/1.1" 404 5907
[2026-09-23 11:01:17,245] WARNING django.server basehttp: "GET /favicon.ico HTTP/1.1" 404 5907
[2026-09-23 11:01:17,301] INFO django.server basehttp: "GET / HTTP/1.1" 200 30373
[2026-09-23 11:01:17,320] INFO django.server basehttp: "GET /static/css/design-system.css?v=1790136077 HTTP/1.1" 200 7762
[2026-09-23 11:01:17,324] INFO django.server basehttp: "GET /static/css/home.css?v=1790136077 HTTP/1.1" 200 16205
[2026-09-23 11:01:17,378] WARNING django.server basehttp: "GET /favicon.ico HTTP/1.1" 404 5907
[2026-09-23 11:01:30,683] WARNING django.server basehttp: "GET /favicon.ico HTTP/1.1" 404 5907
[2026-09-23 11:01:55,370] INFO django.server basehttp: "GET / HTTP/1.1" 200 30712
[2026-09-23 11:01:55,400] INFO django.server basehttp: "GET /static/css/design-system.css?v=1790136115 HTTP/1.1" 200 7762
[2026-09-23 11:01:55,400] INFO django.server basehttp: "GET /static/css/home.css?v=1790136115 HTTP/1.1" 200 16205
[2026-09-23 11:02:06,765] INFO django.server basehttp: "GET /dashboard/ HTTP/1.1" 200 8902
[2026-09-23 11:02:06,788] INFO django.server basehttp: "GET /static/css/design-system.css?v=1790136126 HTTP/1.1" 200 7762
[2026-09-23 11:02:06,789] INFO django.server basehttp: "GET /static/css/app-shell.css?v=1790136126 HTTP/1.1" 200 40556
[2026-09-23 11:02:08,428] INFO django.server basehttp: "GET /settings/about-topics/ HTTP/1.1" 200 15689
[2026-09-23 11:02:08,456] INFO django.server basehttp: "GET /media/about/ChatGPT_Image_Sep_23_2026_10_22_00_AM.png HTTP/1.1" 304 0
[2026-09-23 11:02:08,457] INFO django.server basehttp: "GET /static/css/design-system.css?v=1790136128 HTTP/1.1" 200 7762
[2026-09-23 11:02:08,458] INFO django.server basehttp: "GET /static/css/app-shell.css?v=1790136128 HTTP/1.1" 200 40556
[2026-09-23 11:02:16,069] INFO django.server basehttp: "POST /settings/about-topics/ HTTP/1.1" 302 0
[2026-09-23 11:02:16,089] INFO django.server basehttp: "GET /settings/about-topics/ HTTP/1.1" 200 15877
[2026-09-23 11:02:16,118] INFO django.server basehttp: "GET /static/css/design-system.css?v=1790136136 HTTP/1.1" 200 7762
[2026-09-23 11:02:16,119] INFO django.server basehttp: "GET /static/css/app-shell.css?v=1790136136 HTTP/1.1" 200 40556
[2026-09-23 11:02:18,424] INFO django.server basehttp: "GET / HTTP/1.1" 200 30712
[2026-09-23 11:02:18,455] INFO django.server basehttp: "GET /static/css/design-system.css?v=1790136138 HTTP/1.1" 200 7762
[2026-09-23 11:02:18,456] INFO django.server basehttp: "GET /static/css/home.css?v=1790136138 HTTP/1.1" 200 16205
[2026-09-23 11:04:54,604] INFO django.server basehttp: "HEAD / HTTP/1.1" 200 0
[2026-09-23 11:04:54,856] INFO django.server basehttp: "GET / HTTP/1.1" 200 30742
[2026-09-23 11:04:54,873] INFO django.server basehttp: - Broken pipe from ('127.0.0.1', 49998)
[2026-09-23 11:04:54,928] INFO django.server basehttp: "GET /static/css/design-system.css?v=1790136294 HTTP/1.1" 200 7762
[2026-09-23 11:04:54,934] INFO django.server basehttp: "GET /static/css/home.css?v=1790136294 HTTP/1.1" 200 16205
[2026-09-23 11:04:54,937] INFO django.server basehttp: "GET /static/img/standards/egat-no5.png HTTP/1.1" 304 0
[2026-09-23 11:04:54,940] INFO django.server basehttp: "GET /static/img/standards/tisi.png HTTP/1.1" 304 0
[2026-09-23 11:04:54,943] INFO django.server basehttp: "GET /static/img/standards/ahri.png HTTP/1.1" 304 0
[2026-09-23 11:04:54,945] INFO django.server basehttp: "GET /static/img/standards/ilac-nsc.png HTTP/1.1" 304 0
[2026-09-23 11:04:54,974] WARNING django.server basehttp: "GET /favicon.ico HTTP/1.1" 404 5907
[2026-09-23 11:05:35,440] INFO django.server basehttp: "GET /media/about/ChatGPT_Image_Sep_23_2026_10_22_00_AM.png HTTP/1.1" 304 0
[2026-09-23 11:05:38,473] INFO django.server basehttp: "GET /dashboard/ HTTP/1.1" 200 8902
[2026-09-23 11:05:38,509] INFO django.server basehttp: "GET /static/css/design-system.css?v=1790136338 HTTP/1.1" 200 7762
[2026-09-23 11:05:38,509] INFO django.server basehttp: "GET /static/css/app-shell.css?v=1790136338 HTTP/1.1" 200 40556
[2026-09-23 11:05:39,512] INFO django.server basehttp: "GET /accounts/users/ HTTP/1.1" 200 8263
[2026-09-23 11:05:39,539] INFO django.server basehttp: "GET /static/css/design-system.css?v=1790136339 HTTP/1.1" 200 7762
[2026-09-23 11:05:39,539] INFO django.server basehttp: "GET /static/css/app-shell.css?v=1790136339 HTTP/1.1" 200 40556
[2026-09-23 11:05:41,367] INFO django.server basehttp: "GET /accounts/users/new/ HTTP/1.1" 200 17668
[2026-09-23 11:05:41,398] INFO django.server basehttp: "GET /static/css/design-system.css?v=1790136341 HTTP/1.1" 200 7762
[2026-09-23 11:05:41,399] INFO django.server basehttp: "GET /static/css/app-shell.css?v=1790136341 HTTP/1.1" 200 40556
[2026-09-23 11:06:20,894] INFO django.server basehttp: "GET /accounts/users/ HTTP/1.1" 200 8263
[2026-09-23 11:06:20,920] INFO django.server basehttp: "GET /static/css/design-system.css?v=1790136380 HTTP/1.1" 200 7762
[2026-09-23 11:06:20,921] INFO django.server basehttp: "GET /static/css/app-shell.css?v=1790136380 HTTP/1.1" 200 40556
[2026-09-23 11:06:27,985] INFO django.server basehttp: "GET /accounts/users/new/ HTTP/1.1" 200 17668
[2026-09-23 11:06:28,021] INFO django.server basehttp: "GET /static/css/design-system.css?v=1790136387 HTTP/1.1" 200 7762
[2026-09-23 11:06:28,021] INFO django.server basehttp: "GET /static/css/app-shell.css?v=1790136387 HTTP/1.1" 200 40556
[2026-09-23 11:06:35,884] INFO django.server basehttp: "GET /accounts/users/ HTTP/1.1" 200 8263
[2026-09-23 11:06:35,912] INFO django.server basehttp: "GET /static/css/design-system.css?v=1790136395 HTTP/1.1" 200 7762
[2026-09-23 11:06:35,912] INFO django.server basehttp: "GET /static/css/app-shell.css?v=1790136395 HTTP/1.1" 200 40556
[2026-09-23 11:06:43,526] INFO django.server basehttp: "GET / HTTP/1.1" 200 31081
[2026-09-23 11:06:43,559] INFO django.server basehttp: "GET /static/css/design-system.css?v=1790136403 HTTP/1.1" 200 7762
[2026-09-23 11:06:43,562] INFO django.server basehttp: "GET /static/css/home.css?v=1790136403 HTTP/1.1" 200 16205
[2026-09-23 11:06:43,562] INFO django.server basehttp: "GET /media/hero/Gemini_Image.jpg HTTP/1.1" 304 0
[2026-09-23 11:06:49,041] INFO django.server basehttp: "GET /media/about/Policy.jpg HTTP/1.1" 304 0
[2026-09-23 11:06:59,337] INFO django.server basehttp: "GET /media/about/ChatGPT_Image_Sep_23_2026_10_22_00_AM.png HTTP/1.1" 304 0
[2026-09-23 11:14:23,897] INFO django.server basehttp: "HEAD / HTTP/1.1" 200 0
[2026-09-23 11:14:24,264] INFO django.server basehttp: "GET / HTTP/1.1" 200 31898
[2026-09-23 11:14:24,280] INFO django.server basehttp: "GET /static/css/design-system.css?v=1790136864 HTTP/1.1" 200 7762
[2026-09-23 11:14:24,282] INFO django.server basehttp: "GET /static/css/home.css?v=1790136864 HTTP/1.1" 200 16205
[2026-09-23 11:14:24,289] INFO django.server basehttp: "GET /media/hero/Gemini_Image.jpg HTTP/1.1" 304 0
[2026-09-23 11:14:24,291] INFO django.server basehttp: "GET /media/modules/processed/Doc.gif HTTP/1.1" 304 0
[2026-09-23 11:14:24,295] INFO django.server basehttp: "GET /media/modules/processed/Manpower.gif HTTP/1.1" 304 0
[2026-09-23 11:14:24,296] INFO django.server basehttp: "GET /media/modules/processed/Cer.gif HTTP/1.1" 304 0
[2026-09-23 11:14:24,297] INFO django.server basehttp: "GET /media/modules/processed/Analytics.gif HTTP/1.1" 304 0
[2026-09-23 11:14:24,298] INFO django.server basehttp: "GET /media/modules/processed/Happy.gif HTTP/1.1" 304 0
[2026-09-23 11:14:24,299] INFO django.server basehttp: "GET /media/modules/processed/Tool2.gif HTTP/1.1" 304 0
[2026-09-23 11:14:24,310] WARNING django.server basehttp: "GET /favicon.ico HTTP/1.1" 404 5907
[2026-09-23 11:14:25,033] WARNING django.server basehttp: "GET /favicon.ico HTTP/1.1" 404 5907
[2026-09-23 11:14:44,769] INFO django.server basehttp: "GET / HTTP/1.1" 200 32237
[2026-09-23 11:14:44,798] INFO django.server basehttp: "GET /static/css/design-system.css?v=1790136884 HTTP/1.1" 200 7762
[2026-09-23 11:14:44,799] INFO django.server basehttp: "GET /static/css/home.css?v=1790136884 HTTP/1.1" 200 16205
[2026-09-23 11:14:44,803] INFO django.server basehttp: "GET /static/img/standards/egat-no5.png HTTP/1.1" 304 0
[2026-09-23 11:14:44,804] INFO django.server basehttp: "GET /static/img/standards/ahri.png HTTP/1.1" 304 0
[2026-09-23 11:14:44,804] INFO django.server basehttp: "GET /static/img/standards/tisi.png HTTP/1.1" 304 0
[2026-09-23 11:14:44,805] INFO django.server basehttp: "GET /static/img/standards/ilac-nsc.png HTTP/1.1" 304 0
[2026-09-23 11:14:44,809] INFO django.server basehttp: "GET /media/hero/Gemini_Image.jpg HTTP/1.1" 304 0
[2026-09-23 11:14:44,815] INFO django.server basehttp: "GET /media/modules/processed/Tool2.gif HTTP/1.1" 304 0
[2026-09-23 11:14:44,815] INFO django.server basehttp: "GET /media/modules/processed/Cer.gif HTTP/1.1" 304 0
[2026-09-23 11:14:44,815] INFO django.server basehttp: "GET /media/modules/processed/Manpower.gif HTTP/1.1" 304 0
[2026-09-23 11:14:44,815] INFO django.server basehttp: "GET /media/modules/processed/Doc.gif HTTP/1.1" 304 0
[2026-09-23 11:14:44,815] INFO django.server basehttp: "GET /media/modules/processed/Happy.gif HTTP/1.1" 304 0
[2026-09-23 11:14:44,816] INFO django.server basehttp: "GET /media/modules/processed/Analytics.gif HTTP/1.1" 304 0
[2026-09-23 11:16:14,804] INFO django.server basehttp: "GET / HTTP/1.1" 200 32237
[2026-09-23 11:16:14,832] INFO django.server basehttp: "GET /static/css/design-system.css?v=1790136974 HTTP/1.1" 200 7762
[2026-09-23 11:16:14,833] INFO django.server basehttp: "GET /static/css/home.css?v=1790136974 HTTP/1.1" 200 16205
[2026-09-23 11:16:31,912] INFO django.server basehttp: "HEAD / HTTP/1.1" 200 0
[2026-09-23 11:16:32,279] INFO django.server basehttp: "GET / HTTP/1.1" 200 31616
[2026-09-23 11:16:32,295] INFO django.server basehttp: "GET /static/css/design-system.css?v=1790136992 HTTP/1.1" 200 7762
[2026-09-23 11:16:32,298] INFO django.server basehttp: "GET /static/css/home.css?v=1790136992 HTTP/1.1" 200 16205
[2026-09-23 11:16:32,326] WARNING django.server basehttp: "GET /favicon.ico HTTP/1.1" 404 5907
[2026-09-23 11:16:32,881] WARNING django.server basehttp: "GET /favicon.ico HTTP/1.1" 404 5907
[2026-09-23 11:16:54,843] INFO django.server basehttp: "GET / HTTP/1.1" 200 31955
[2026-09-23 11:16:54,869] INFO django.server basehttp: "GET /static/css/design-system.css?v=1790137014 HTTP/1.1" 200 7762
[2026-09-23 11:16:54,870] INFO django.server basehttp: "GET /static/css/home.css?v=1790137014 HTTP/1.1" 200 16205
[2026-09-23 11:17:10,756] INFO django.server basehttp: "GET /dashboard/ HTTP/1.1" 200 8902
[2026-09-23 11:17:10,785] INFO django.server basehttp: "GET /static/css/app-shell.css?v=1790137030 HTTP/1.1" 200 40556
[2026-09-23 11:17:11,788] INFO django.server basehttp: "GET /static/css/design-system.css?v=1790137030 HTTP/1.1" 200 7762
[2026-09-23 11:17:12,936] INFO django.server basehttp: "GET /settings/home-appearance/ HTTP/1.1" 200 19919
[2026-09-23 11:17:12,967] INFO django.server basehttp: "GET /static/css/design-system.css?v=1790137032 HTTP/1.1" 200 7762
[2026-09-23 11:17:12,968] INFO django.server basehttp: "GET /static/css/app-shell.css?v=1790137032 HTTP/1.1" 200 40556
[2026-09-23 11:17:19,052] INFO django.server basehttp: "POST /settings/home-appearance/ HTTP/1.1" 302 0
[2026-09-23 11:17:19,076] INFO django.server basehttp: "GET /settings/home-appearance/ HTTP/1.1" 200 20079
[2026-09-23 11:17:19,105] INFO django.server basehttp: "GET /static/css/design-system.css?v=1790137039 HTTP/1.1" 200 7762
[2026-09-23 11:17:19,105] INFO django.server basehttp: "GET /static/css/app-shell.css?v=1790137039 HTTP/1.1" 200 40556
[2026-09-23 11:17:21,722] INFO django.server basehttp: "GET / HTTP/1.1" 200 31955
[2026-09-23 11:17:21,748] INFO django.server basehttp: "GET /static/css/home.css?v=1790137041 HTTP/1.1" 200 16205
[2026-09-23 11:17:21,748] INFO django.server basehttp: "GET /static/css/design-system.css?v=1790137041 HTTP/1.1" 200 7762
[2026-09-23 11:23:30,282] INFO django.server basehttp: "GET /media/about/ChatGPT_Image_Sep_23_2026_10_22_00_AM.png HTTP/1.1" 304 0
[2026-09-23 11:25:49,492] INFO django.server basehttp: "GET / HTTP/1.1" 200 31955
[2026-09-23 11:25:49,533] INFO django.server basehttp: "GET /static/css/design-system.css?v=1790137549 HTTP/1.1" 200 7762
[2026-09-23 11:25:49,535] INFO django.server basehttp: "GET /static/css/home.css?v=1790137549 HTTP/1.1" 200 16205
[2026-09-23 11:25:49,535] INFO django.server basehttp: "GET /media/hero/Gemini_Image.jpg HTTP/1.1" 304 0
[2026-09-23 11:25:54,087] INFO django.server basehttp: "GET /dashboard/ HTTP/1.1" 200 8902
[2026-09-23 11:25:54,115] INFO django.server basehttp: "GET /static/css/design-system.css?v=1790137554 HTTP/1.1" 200 7762
[2026-09-23 11:25:54,116] INFO django.server basehttp: "GET /static/css/app-shell.css?v=1790137554 HTTP/1.1" 200 40556
[2026-09-23 11:25:55,448] INFO django.server basehttp: "GET /settings/home-appearance/ HTTP/1.1" 200 19919
[2026-09-23 11:25:55,494] INFO django.server basehttp: "GET /static/css/design-system.css?v=1790137555 HTTP/1.1" 200 7762
[2026-09-23 11:25:55,495] INFO django.server basehttp: "GET /static/css/app-shell.css?v=1790137555 HTTP/1.1" 200 40556
[2026-09-23 11:26:10,393] INFO django.server basehttp: "POST /settings/home-appearance/ HTTP/1.1" 302 0
[2026-09-23 11:26:10,419] INFO django.server basehttp: "GET /settings/home-appearance/ HTTP/1.1" 200 20079
[2026-09-23 11:26:10,453] INFO django.server basehttp: "GET /static/css/design-system.css?v=1790137570 HTTP/1.1" 200 7762
[2026-09-23 11:26:10,454] INFO django.server basehttp: "GET /static/css/app-shell.css?v=1790137570 HTTP/1.1" 200 40556
[2026-09-23 11:26:16,566] INFO django.server basehttp: "GET / HTTP/1.1" 200 31955
[2026-09-23 11:26:16,598] INFO django.server basehttp: "GET /static/css/design-system.css?v=1790137576 HTTP/1.1" 200 7762
[2026-09-23 11:26:16,599] INFO django.server basehttp: "GET /static/css/home.css?v=1790137576 HTTP/1.1" 200 16205
[2026-09-23 11:27:03,359] INFO django.server basehttp: "HEAD / HTTP/1.1" 200 0
[2026-09-23 11:27:03,696] INFO django.server basehttp: "GET / HTTP/1.1" 200 32934
[2026-09-23 11:27:03,717] INFO django.server basehttp: "GET /static/css/design-system.css?v=1790137623 HTTP/1.1" 200 7762
[2026-09-23 11:27:03,720] INFO django.server basehttp: "GET /static/css/home.css?v=1790137623 HTTP/1.1" 200 16205
[2026-09-23 11:27:03,722] INFO django.server basehttp: "GET /static/img/standards/egat-no5.png HTTP/1.1" 304 0
[2026-09-23 11:27:03,724] INFO django.server basehttp: "GET /static/img/standards/tisi.png HTTP/1.1" 304 0
[2026-09-23 11:27:03,725] INFO django.server basehttp: "GET /static/img/standards/ahri.png HTTP/1.1" 304 0
[2026-09-23 11:27:03,728] INFO django.server basehttp: "GET /static/img/standards/ilac-nsc.png HTTP/1.1" 304 0
[2026-09-23 11:27:03,731] INFO django.server basehttp: "GET /media/hero/Gemini_Image.jpg HTTP/1.1" 304 0
[2026-09-23 11:27:03,733] INFO django.server basehttp: "GET /media/modules/processed/Doc.gif HTTP/1.1" 304 0
[2026-09-23 11:27:03,736] INFO django.server basehttp: "GET /media/modules/processed/Manpower.gif HTTP/1.1" 304 0
[2026-09-23 11:27:03,739] INFO django.server basehttp: "GET /media/modules/processed/Cer.gif HTTP/1.1" 304 0
[2026-09-23 11:27:03,744] INFO django.server basehttp: "GET /media/modules/processed/Analytics.gif HTTP/1.1" 304 0
[2026-09-23 11:27:03,763] INFO django.server basehttp: "GET /media/modules/processed/Happy.gif HTTP/1.1" 200 2320924
[2026-09-23 11:27:03,766] INFO django.server basehttp: "GET /media/modules/processed/Tool2.gif HTTP/1.1" 304 0
[2026-09-23 11:27:03,784] WARNING django.server basehttp: "GET /favicon.ico HTTP/1.1" 404 5907
[2026-09-23 11:27:14,125] INFO django.server basehttp: "GET /media/about/ChatGPT_Image_Sep_23_2026_10_22_00_AM.png HTTP/1.1" 304 0
[2026-09-23 11:27:14,131] WARNING django.server basehttp: "GET /favicon.ico HTTP/1.1" 404 5907
[2026-09-23 11:27:19,315] WARNING django.server basehttp: "GET /favicon.ico HTTP/1.1" 404 5907
[2026-09-23 11:27:57,755] INFO django.server basehttp: "HEAD / HTTP/1.1" 200 0
[2026-09-23 11:27:57,933] INFO django.server basehttp: "GET / HTTP/1.1" 200 32934
[2026-09-23 11:27:57,956] INFO django.server basehttp: - Broken pipe from ('127.0.0.1', 55186)
[2026-09-23 11:27:58,085] INFO django.server basehttp: "GET /static/css/design-system.css?v=1790137677 HTTP/1.1" 200 7762
[2026-09-23 11:27:58,090] INFO django.server basehttp: "GET /static/css/home.css?v=1790137677 HTTP/1.1" 200 16205
[2026-09-23 11:27:58,103] INFO django.server basehttp: "GET /media/modules/processed/Happy.gif HTTP/1.1" 304 0
[2026-09-23 11:27:58,123] WARNING django.server basehttp: "GET /favicon.ico HTTP/1.1" 404 5907
[2026-09-23 11:27:59,232] INFO django.server basehttp: "GET / HTTP/1.1" 200 33273
[2026-09-23 11:27:59,269] INFO django.server basehttp: "GET /static/css/design-system.css?v=1790137679 HTTP/1.1" 200 7762
[2026-09-23 11:27:59,269] INFO django.server basehttp: "GET /static/css/home.css?v=1790137679 HTTP/1.1" 200 16205
[2026-09-23 11:27:59,282] INFO django.server basehttp: "GET /media/modules/processed/Manpower.gif HTTP/1.1" 304 0
[2026-09-23 11:27:59,282] INFO django.server basehttp: "GET /media/modules/processed/Doc.gif HTTP/1.1" 304 0
[2026-09-23 11:27:59,287] INFO django.server basehttp: "GET /media/modules/processed/Cer.gif HTTP/1.1" 304 0
[2026-09-23 11:27:59,288] INFO django.server basehttp: "GET /media/modules/processed/Analytics.gif HTTP/1.1" 304 0
[2026-09-23 11:27:59,288] INFO django.server basehttp: "GET /media/modules/processed/Tool2.gif HTTP/1.1" 304 0
[2026-09-23 11:27:59,323] INFO django.server basehttp: "GET /media/modules/processed/Happy.gif HTTP/1.1" 200 2320924
[2026-09-23 11:28:05,311] INFO django.server basehttp: "GET / HTTP/1.1" 200 33273
[2026-09-23 11:28:05,347] INFO django.server basehttp: "GET /static/css/home.css?v=1790137685 HTTP/1.1" 200 16205
[2026-09-23 11:28:05,347] INFO django.server basehttp: "GET /static/css/design-system.css?v=1790137685 HTTP/1.1" 200 7762
[2026-09-23 11:29:10,298] INFO django.server basehttp: "GET /media/about/Policy.jpg HTTP/1.1" 304 0
[2026-09-23 11:29:25,844] INFO django.server basehttp: "HEAD / HTTP/1.1" 200 0
[2026-09-23 11:29:26,211] INFO django.server basehttp: "GET / HTTP/1.1" 200 32945
[2026-09-23 11:29:26,225] INFO django.server basehttp: "GET /static/css/design-system.css?v=1790137766 HTTP/1.1" 200 7762
[2026-09-23 11:29:26,229] INFO django.server basehttp: "GET /static/css/home.css?v=1790137766 HTTP/1.1" 200 16236
[2026-09-23 11:29:26,237] INFO django.server basehttp: "GET /media/modules/processed/Happy.gif HTTP/1.1" 304 0
[2026-09-23 11:29:26,252] WARNING django.server basehttp: "GET /favicon.ico HTTP/1.1" 404 5907
[2026-09-23 11:29:26,515] WARNING django.server basehttp: "GET /favicon.ico HTTP/1.1" 404 5907
[2026-09-23 11:29:54,280] WARNING django.server basehttp: "GET /favicon.ico HTTP/1.1" 404 5907
[2026-09-23 11:30:21,962] INFO django.server basehttp: "GET / HTTP/1.1" 200 33284
[2026-09-23 11:30:21,990] INFO django.server basehttp: "GET /static/css/design-system.css?v=1790137821 HTTP/1.1" 200 7762
[2026-09-23 11:30:21,991] INFO django.server basehttp: "GET /static/css/home.css?v=1790137821 HTTP/1.1" 200 16236
[2026-09-23 11:30:21,998] INFO django.server basehttp: "GET /media/modules/processed/Happy.gif HTTP/1.1" 304 0
[2026-09-23 11:30:22,001] INFO django.server basehttp: "GET /media/about/ChatGPT_Image_Sep_23_2026_10_22_00_AM.png HTTP/1.1" 304 0
[2026-09-23 11:30:24,714] INFO django.server basehttp: "GET / HTTP/1.1" 200 33284
[2026-09-23 11:30:24,743] INFO django.server basehttp: "GET /static/css/design-system.css?v=1790137824 HTTP/1.1" 200 7762
[2026-09-23 11:30:24,743] INFO django.server basehttp: "GET /static/css/home.css?v=1790137824 HTTP/1.1" 200 16236
[2026-09-23 11:30:33,304] INFO django.server basehttp: "GET / HTTP/1.1" 200 33284
[2026-09-23 11:30:33,334] INFO django.server basehttp: "GET /static/css/design-system.css?v=1790137833 HTTP/1.1" 200 7762
[2026-09-23 11:30:33,334] INFO django.server basehttp: "GET /static/css/home.css?v=1790137833 HTTP/1.1" 200 16236
[2026-09-23 11:30:34,223] INFO django.server basehttp: "GET / HTTP/1.1" 200 33284
[2026-09-23 11:30:34,253] INFO django.server basehttp: "GET /static/css/design-system.css?v=1790137834 HTTP/1.1" 200 7762
[2026-09-23 11:30:34,253] INFO django.server basehttp: "GET /static/css/home.css?v=1790137834 HTTP/1.1" 200 16236
[2026-09-23 11:30:35,273] INFO django.server basehttp: "GET / HTTP/1.1" 200 33284
[2026-09-23 11:30:35,304] INFO django.server basehttp: "GET /static/css/design-system.css?v=1790137835 HTTP/1.1" 200 7762
[2026-09-23 11:30:35,304] INFO django.server basehttp: "GET /static/css/home.css?v=1790137835 HTTP/1.1" 200 16236
[2026-09-23 11:30:36,301] INFO django.server basehttp: "GET / HTTP/1.1" 200 33284
[2026-09-23 11:30:36,351] INFO django.server basehttp: "GET /static/css/design-system.css?v=1790137836 HTTP/1.1" 200 7762
[2026-09-23 11:30:36,351] INFO django.server basehttp: "GET /static/css/home.css?v=1790137836 HTTP/1.1" 200 16236
[2026-09-23 11:33:15,585] INFO django.server basehttp: "GET / HTTP/1.1" 200 33023
[2026-09-23 11:33:15,607] INFO django.server basehttp: "HEAD / HTTP/1.1" 200 0
[2026-09-23 11:33:15,607] INFO django.server basehttp: "GET /static/css/design-system.css?v=1790137995 HTTP/1.1" 200 7762
[2026-09-23 11:33:15,610] INFO django.server basehttp: "GET /static/css/home.css?v=1790137995 HTTP/1.1" 200 16236
[2026-09-23 11:33:15,649] INFO django.server basehttp: "GET /media/modules/processed/Happy.gif HTTP/1.1" 304 0
[2026-09-23 11:33:15,653] INFO django.server basehttp: "GET / HTTP/1.1" 200 33023
[2026-09-23 11:33:15,725] WARNING django.server basehttp: "GET /favicon.ico HTTP/1.1" 404 5907
[2026-09-23 11:35:58,290] INFO django.server basehttp: "GET / HTTP/1.1" 200 33362
[2026-09-23 11:35:58,320] INFO django.server basehttp: "GET /static/css/home.css?v=1790138158 HTTP/1.1" 200 16236
[2026-09-23 11:35:58,320] INFO django.server basehttp: "GET /static/css/design-system.css?v=1790138158 HTTP/1.1" 200 7762
[2026-09-23 11:35:58,324] INFO django.server basehttp: "GET /static/img/standards/tisi.png HTTP/1.1" 304 0
[2026-09-23 11:35:58,324] INFO django.server basehttp: "GET /static/img/standards/ahri.png HTTP/1.1" 304 0
[2026-09-23 11:35:58,324] INFO django.server basehttp: "GET /static/img/standards/egat-no5.png HTTP/1.1" 304 0
[2026-09-23 11:35:58,325] INFO django.server basehttp: "GET /static/img/standards/ilac-nsc.png HTTP/1.1" 304 0
[2026-09-23 11:35:58,330] INFO django.server basehttp: "GET /media/modules/processed/Happy.gif HTTP/1.1" 304 0
[2026-09-23 11:35:58,330] INFO django.server basehttp: "GET /media/hero/Gemini_Image.jpg HTTP/1.1" 304 0
[2026-09-23 11:36:01,576] INFO django.server basehttp: "GET / HTTP/1.1" 200 33362
[2026-09-23 11:36:01,601] INFO django.server basehttp: "GET /static/css/design-system.css?v=1790138161 HTTP/1.1" 200 7762
[2026-09-23 11:36:01,601] INFO django.server basehttp: "GET /static/css/home.css?v=1790138161 HTTP/1.1" 200 16236
[2026-09-23 11:36:08,416] INFO django.server basehttp: "GET / HTTP/1.1" 200 33362
[2026-09-23 11:36:08,447] INFO django.server basehttp: "GET /static/css/home.css?v=1790138168 HTTP/1.1" 200 16236
[2026-09-23 11:36:08,447] INFO django.server basehttp: "GET /static/css/design-system.css?v=1790138168 HTTP/1.1" 200 7762
[2026-09-23 11:36:09,408] INFO django.server basehttp: "GET / HTTP/1.1" 200 33362
[2026-09-23 11:36:09,440] INFO django.server basehttp: "GET /static/css/design-system.css?v=1790138169 HTTP/1.1" 200 7762
[2026-09-23 11:36:09,441] INFO django.server basehttp: "GET /static/css/home.css?v=1790138169 HTTP/1.1" 200 16236
[2026-09-23 11:36:12,688] INFO django.server basehttp: "GET /internal/ HTTP/1.1" 200 4660
[2026-09-23 11:36:12,715] INFO django.server basehttp: "GET /static/css/design-system.css?v=1790138172 HTTP/1.1" 200 7762
[2026-09-23 11:36:12,717] INFO django.server basehttp: "GET /static/css/app-shell.css?v=1790138172 HTTP/1.1" 200 40556
[2026-09-23 11:36:16,142] INFO django.server basehttp: "GET / HTTP/1.1" 200 33362
[2026-09-23 11:36:16,168] INFO django.server basehttp: "GET /static/css/design-system.css?v=1790138176 HTTP/1.1" 200 7762
[2026-09-23 11:36:16,169] INFO django.server basehttp: "GET /static/css/home.css?v=1790138176 HTTP/1.1" 200 16236
[2026-09-23 11:36:21,560] INFO django.server basehttp: "GET /documents/ HTTP/1.1" 200 22239
[2026-09-23 11:36:21,593] INFO django.server basehttp: "GET /static/css/design-system.css?v=1790138181 HTTP/1.1" 200 7762
[2026-09-23 11:36:21,594] INFO django.server basehttp: "GET /static/css/app-shell.css?v=1790138181 HTTP/1.1" 200 40556
[2026-09-23 11:36:23,120] INFO django.server basehttp: "GET / HTTP/1.1" 200 33362
[2026-09-23 11:36:23,151] INFO django.server basehttp: "GET /static/css/design-system.css?v=1790138183 HTTP/1.1" 200 7762
[2026-09-23 11:36:23,152] INFO django.server basehttp: "GET /static/css/home.css?v=1790138183 HTTP/1.1" 200 16236
[2026-09-23 11:36:26,231] INFO django.server basehttp: "GET /internal/ HTTP/1.1" 200 4660
[2026-09-23 11:36:26,259] INFO django.server basehttp: "GET /static/css/design-system.css?v=1790138186 HTTP/1.1" 200 7762
[2026-09-23 11:36:26,259] INFO django.server basehttp: "GET /static/css/app-shell.css?v=1790138186 HTTP/1.1" 200 40556
[2026-09-23 11:36:28,480] INFO django.server basehttp: "GET /dashboard/ HTTP/1.1" 200 8902
[2026-09-23 11:36:28,509] INFO django.server basehttp: "GET /static/css/design-system.css?v=1790138188 HTTP/1.1" 200 7762
[2026-09-23 11:36:28,510] INFO django.server basehttp: "GET /static/css/app-shell.css?v=1790138188 HTTP/1.1" 200 40556
[2026-09-23 11:36:30,185] INFO django.server basehttp: "GET / HTTP/1.1" 200 33362
[2026-09-23 11:36:30,218] INFO django.server basehttp: "GET /static/css/design-system.css?v=1790138190 HTTP/1.1" 200 7762
[2026-09-23 11:36:30,218] INFO django.server basehttp: "GET /static/css/home.css?v=1790138190 HTTP/1.1" 200 16236
[2026-09-23 11:40:54,250] INFO django.server basehttp: "HEAD / HTTP/1.1" 200 0
[2026-09-23 11:40:54,613] INFO django.server basehttp: "GET / HTTP/1.1" 200 33023
[2026-09-23 11:40:54,630] INFO django.server basehttp: "GET /static/css/design-system.css?v=1790138454 HTTP/1.1" 200 7762
[2026-09-23 11:40:54,634] INFO django.server basehttp: "GET /static/css/home.css?v=1790138454 HTTP/1.1" 200 16370
[2026-09-23 11:40:54,643] INFO django.server basehttp: "GET /media/hero/Gemini_Image.jpg HTTP/1.1" 304 0
[2026-09-23 11:40:54,644] INFO django.server basehttp: "GET /media/modules/processed/Doc.gif HTTP/1.1" 304 0
[2026-09-23 11:40:54,645] INFO django.server basehttp: "GET /media/modules/processed/Manpower.gif HTTP/1.1" 304 0
[2026-09-23 11:40:54,685] INFO django.server basehttp: "GET /media/modules/processed/Cer.gif HTTP/1.1" 304 0
[2026-09-23 11:40:54,688] INFO django.server basehttp: "GET /media/modules/processed/Analytics.gif HTTP/1.1" 304 0
[2026-09-23 11:40:54,689] INFO django.server basehttp: "GET /media/modules/processed/Happy.gif HTTP/1.1" 304 0
[2026-09-23 11:40:54,723] INFO django.server basehttp: "GET /media/modules/processed/Tool2.gif HTTP/1.1" 304 0
[2026-09-23 11:40:54,738] WARNING django.server basehttp: "GET /favicon.ico HTTP/1.1" 404 5907
[2026-09-23 11:40:57,550] WARNING django.server basehttp: "GET /favicon.ico HTTP/1.1" 404 5907
[2026-09-23 11:42:01,387] WARNING django.server basehttp: "GET /favicon.ico HTTP/1.1" 404 5907
[2026-09-23 11:44:24,673] INFO django.server basehttp: "GET /dashboard/ HTTP/1.1" 200 8902
[2026-09-23 11:44:24,700] INFO django.server basehttp: "GET /static/css/design-system.css?v=1790138664 HTTP/1.1" 200 7762
[2026-09-23 11:44:24,700] INFO django.server basehttp: "GET /static/css/app-shell.css?v=1790138664 HTTP/1.1" 200 40556
[2026-09-23 11:44:26,500] INFO django.server basehttp: "GET /accounts/users/ HTTP/1.1" 200 8263
[2026-09-23 11:44:26,527] INFO django.server basehttp: "GET /static/css/design-system.css?v=1790138666 HTTP/1.1" 200 7762
[2026-09-23 11:44:26,528] INFO django.server basehttp: "GET /static/css/app-shell.css?v=1790138666 HTTP/1.1" 200 40556
[2026-09-23 11:44:29,113] INFO django.server basehttp: "GET /accounts/users/33/edit/ HTTP/1.1" 200 17386
[2026-09-23 11:44:29,149] INFO django.server basehttp: "GET /static/css/design-system.css?v=1790138669 HTTP/1.1" 200 7762
[2026-09-23 11:44:29,149] INFO django.server basehttp: "GET /static/css/app-shell.css?v=1790138669 HTTP/1.1" 200 40556
[2026-09-23 11:44:47,475] INFO django.server basehttp: "GET /accounts/users/1/edit/ HTTP/1.1" 200 17406
[2026-09-23 11:44:47,505] INFO django.server basehttp: "GET /static/css/design-system.css?v=1790138687 HTTP/1.1" 200 7762
[2026-09-23 11:44:47,506] INFO django.server basehttp: "GET /static/css/app-shell.css?v=1790138687 HTTP/1.1" 200 40556
[2026-09-23 11:44:57,818] INFO django.server basehttp: "GET /accounts/users/ HTTP/1.1" 200 8263
[2026-09-23 11:44:57,847] INFO django.server basehttp: "GET /static/css/design-system.css?v=1790138697 HTTP/1.1" 200 7762
[2026-09-23 11:44:57,847] INFO django.server basehttp: "GET /static/css/app-shell.css?v=1790138697 HTTP/1.1" 200 40556
[2026-09-23 11:45:08,091] INFO django.server basehttp: "GET /accounts/users/1/edit/ HTTP/1.1" 200 17406
[2026-09-23 11:45:08,124] INFO django.server basehttp: "GET /static/css/design-system.css?v=1790138708 HTTP/1.1" 200 7762
[2026-09-23 11:45:08,124] INFO django.server basehttp: "GET /static/css/app-shell.css?v=1790138708 HTTP/1.1" 200 40556
[2026-09-23 11:45:13,011] INFO django.server basehttp: "GET /accounts/users/ HTTP/1.1" 200 8263
[2026-09-23 11:45:13,040] INFO django.server basehttp: "GET /static/css/design-system.css?v=1790138713 HTTP/1.1" 200 7762
[2026-09-23 11:45:13,041] INFO django.server basehttp: "GET /static/css/app-shell.css?v=1790138713 HTTP/1.1" 200 40556
[2026-09-23 11:45:16,235] INFO django.server basehttp: "GET / HTTP/1.1" 200 33362
[2026-09-23 11:45:16,265] INFO django.server basehttp: "GET /static/css/home.css?v=1790138716 HTTP/1.1" 200 16370
[2026-09-23 11:45:16,266] INFO django.server basehttp: "GET /static/css/design-system.css?v=1790138716 HTTP/1.1" 200 7762
[2026-09-23 11:45:16,272] INFO django.server basehttp: "GET /media/modules/processed/Manpower.gif HTTP/1.1" 304 0
[2026-09-23 11:45:16,272] INFO django.server basehttp: "GET /media/modules/processed/Doc.gif HTTP/1.1" 304 0
[2026-09-23 11:45:16,273] INFO django.server basehttp: "GET /media/modules/processed/Cer.gif HTTP/1.1" 304 0
[2026-09-23 11:45:16,274] INFO django.server basehttp: "GET /media/modules/processed/Tool2.gif HTTP/1.1" 304 0
[2026-09-23 11:45:16,274] INFO django.server basehttp: "GET /media/modules/processed/Analytics.gif HTTP/1.1" 304 0
[2026-09-23 11:45:16,274] INFO django.server basehttp: "GET /media/modules/processed/Happy.gif HTTP/1.1" 304 0
[2026-09-23 11:47:08,920] INFO django.server basehttp: "GET / HTTP/1.1" 200 33362
[2026-09-23 11:47:08,952] INFO django.server basehttp: "GET /static/css/home.css?v=1790138828 HTTP/1.1" 200 16370
[2026-09-23 11:47:08,952] INFO django.server basehttp: "GET /static/css/design-system.css?v=1790138828 HTTP/1.1" 200 7762
[2026-09-23 11:47:08,958] INFO django.server basehttp: "GET /media/hero/Gemini_Image.jpg HTTP/1.1" 304 0
[2026-09-23 11:47:33,522] INFO django.server basehttp: "GET /utilities/ HTTP/1.1" 200 13870
[2026-09-23 11:47:33,555] INFO django.server basehttp: "GET /static/css/app-shell.css?v=1790138853 HTTP/1.1" 200 40556
[2026-09-23 11:47:34,569] INFO django.server basehttp: "GET /static/css/design-system.css?v=1790138853 HTTP/1.1" 200 7762
[2026-09-23 11:47:40,861] INFO django.server basehttp: "GET / HTTP/1.1" 200 33362
[2026-09-23 11:47:40,891] INFO django.server basehttp: "GET /media/modules/processed/Happy.gif HTTP/1.1" 304 0
[2026-09-23 11:47:40,892] INFO django.server basehttp: "GET /static/css/design-system.css?v=1790138860 HTTP/1.1" 200 7762
[2026-09-23 11:47:40,893] INFO django.server basehttp: "GET /static/css/home.css?v=1790138860 HTTP/1.1" 200 16370
[2026-09-23 11:47:46,515] INFO django.server basehttp: "GET /internal/ HTTP/1.1" 200 4660
[2026-09-23 11:47:46,542] INFO django.server basehttp: "GET /static/css/design-system.css?v=1790138866 HTTP/1.1" 200 7762
[2026-09-23 11:47:46,543] INFO django.server basehttp: "GET /static/css/app-shell.css?v=1790138866 HTTP/1.1" 200 40556
[2026-09-23 11:47:49,407] INFO django.server basehttp: "POST /logout/ HTTP/1.1" 302 0
[2026-09-23 11:47:49,453] INFO django.server basehttp: "GET / HTTP/1.1" 200 33023
[2026-09-23 11:47:49,481] INFO django.server basehttp: "GET /static/css/design-system.css?v=1790138869 HTTP/1.1" 200 7762
[2026-09-23 11:47:49,482] INFO django.server basehttp: "GET /static/css/home.css?v=1790138869 HTTP/1.1" 200 16370
[2026-09-23 11:47:52,355] INFO django.server basehttp: "GET /internal/ HTTP/1.1" 302 0
[2026-09-23 11:47:52,374] INFO django.server basehttp: "GET /login/?next=/internal/ HTTP/1.1" 200 5040
[2026-09-23 11:47:52,398] INFO django.server basehttp: "GET /static/css/design-system.css?v=1790138872 HTTP/1.1" 200 7762
[2026-09-23 11:47:52,399] INFO django.server basehttp: "GET /static/css/home.css?v=1790138872 HTTP/1.1" 200 16370
[2026-09-23 11:47:57,102] INFO django.server basehttp: "GET / HTTP/1.1" 200 33023
[2026-09-23 11:47:57,136] INFO django.server basehttp: "GET /static/css/design-system.css?v=1790138877 HTTP/1.1" 200 7762
[2026-09-23 11:47:57,137] INFO django.server basehttp: "GET /static/css/home.css?v=1790138877 HTTP/1.1" 200 16370
[2026-09-23 11:47:59,828] INFO django.server basehttp: "GET /internal/ HTTP/1.1" 302 0
[2026-09-23 11:47:59,840] INFO django.server basehttp: "GET /login/?next=/internal/ HTTP/1.1" 200 4901
[2026-09-23 11:47:59,865] INFO django.server basehttp: "GET /static/css/design-system.css?v=1790138879 HTTP/1.1" 200 7762
[2026-09-23 11:47:59,866] INFO django.server basehttp: "GET /static/css/home.css?v=1790138879 HTTP/1.1" 200 16370
[2026-09-23 11:48:01,066] INFO django.server basehttp: "GET / HTTP/1.1" 200 33023
[2026-09-23 11:48:01,098] INFO django.server basehttp: "GET /static/css/design-system.css?v=1790138881 HTTP/1.1" 200 7762
[2026-09-23 11:48:01,099] INFO django.server basehttp: "GET /static/css/home.css?v=1790138881 HTTP/1.1" 200 16370
[2026-09-23 11:48:11,653] INFO django.server basehttp: "GET /login/ HTTP/1.1" 200 4891
[2026-09-23 11:48:11,677] INFO django.server basehttp: "GET /static/css/design-system.css?v=1790138891 HTTP/1.1" 200 7762
[2026-09-23 11:48:11,678] INFO django.server basehttp: "GET /static/css/home.css?v=1790138891 HTTP/1.1" 200 16370
[2026-09-23 11:48:18,600] INFO django.server basehttp: "POST /login/ HTTP/1.1" 302 0
[2026-09-23 11:48:18,616] INFO django.server basehttp: "GET /dashboard/ HTTP/1.1" 200 8892
[2026-09-23 11:48:18,644] INFO django.server basehttp: "GET /static/css/design-system.css?v=1790138898 HTTP/1.1" 200 7762
[2026-09-23 11:48:18,644] INFO django.server basehttp: "GET /static/css/app-shell.css?v=1790138898 HTTP/1.1" 200 40556
[2026-09-23 11:48:21,680] INFO django.server basehttp: "GET / HTTP/1.1" 200 33362
[2026-09-23 11:48:21,713] INFO django.server basehttp: "GET /static/css/design-system.css?v=1790138901 HTTP/1.1" 200 7762
[2026-09-23 11:48:21,713] INFO django.server basehttp: "GET /static/css/home.css?v=1790138901 HTTP/1.1" 200 16370
[2026-09-23 11:48:24,869] INFO django.server basehttp: "GET /internal/ HTTP/1.1" 200 4660
[2026-09-23 11:48:24,893] INFO django.server basehttp: "GET /static/css/design-system.css?v=1790138904 HTTP/1.1" 200 7762
[2026-09-23 11:48:24,894] INFO django.server basehttp: "GET /static/css/app-shell.css?v=1790138904 HTTP/1.1" 200 40556
[2026-09-23 11:59:24,627] INFO django.server basehttp: "HEAD / HTTP/1.1" 200 0
[2026-09-23 11:59:24,987] INFO django.server basehttp: "GET / HTTP/1.1" 200 33023
[2026-09-23 11:59:25,001] INFO django.server basehttp: "GET /static/css/design-system.css?v=1790139564 HTTP/1.1" 200 7762
[2026-09-23 11:59:25,006] INFO django.server basehttp: "GET /static/css/home.css?v=1790139564 HTTP/1.1" 200 16370
[2026-09-23 11:59:25,007] INFO django.server basehttp: "GET /static/img/standards/egat-no5.png HTTP/1.1" 304 0
[2026-09-23 11:59:25,008] INFO django.server basehttp: "GET /static/img/standards/tisi.png HTTP/1.1" 304 0
[2026-09-23 11:59:25,009] INFO django.server basehttp: "GET /static/img/standards/ahri.png HTTP/1.1" 304 0
[2026-09-23 11:59:25,041] INFO django.server basehttp: "GET /media/hero/Gemini_Image.jpg HTTP/1.1" 304 0
[2026-09-23 11:59:25,042] INFO django.server basehttp: "GET /static/img/standards/ilac-nsc.png HTTP/1.1" 304 0
[2026-09-23 11:59:25,042] INFO django.server basehttp: "GET /media/modules/processed/Doc.gif HTTP/1.1" 304 0
[2026-09-23 11:59:25,099] INFO django.server basehttp: "GET /media/modules/processed/Manpower.gif HTTP/1.1" 304 0
[2026-09-23 11:59:25,100] INFO django.server basehttp: "GET /media/modules/processed/Cer.gif HTTP/1.1" 304 0
[2026-09-23 11:59:25,101] INFO django.server basehttp: "GET /media/modules/processed/Analytics.gif HTTP/1.1" 304 0
[2026-09-23 11:59:25,107] INFO django.server basehttp: "GET /media/modules/processed/Happy.gif HTTP/1.1" 304 0
[2026-09-23 11:59:25,111] INFO django.server basehttp: "GET /media/modules/processed/Tool2.gif HTTP/1.1" 304 0
[2026-09-23 11:59:25,134] WARNING django.server basehttp: "GET /favicon.ico HTTP/1.1" 404 5907
[2026-09-23 11:59:26,080] INFO django.server basehttp: "GET /datasources/browse/ HTTP/1.1" 200 8288
[2026-09-23 11:59:26,105] INFO django.server basehttp: "GET /static/css/design-system.css?v=1790139566 HTTP/1.1" 200 7762
[2026-09-23 11:59:26,111] INFO django.server basehttp: "GET /static/css/app-shell.css?v=1790139566 HTTP/1.1" 200 40556
[2026-09-23 11:59:26,115] INFO django.server basehttp: "GET /static/js/datasources_browse.js?v=1790139566 HTTP/1.1" 200 4406
[2026-09-23 11:59:26,135] INFO django.server basehttp: "GET /datasources/browse/tables/?source=sqlite HTTP/1.1" 200 951
[2026-09-23 11:59:34,270] INFO django.server basehttp: "GET /login/ HTTP/1.1" 200 4891
[2026-09-23 11:59:34,282] INFO django.server basehttp: "GET /static/css/design-system.css?v=1790139574 HTTP/1.1" 200 7762
[2026-09-23 11:59:34,282] INFO django.server basehttp: "GET /static/css/home.css?v=1790139574 HTTP/1.1" 200 16370
[2026-09-23 11:59:34,300] WARNING django.server basehttp: "GET /favicon.ico HTTP/1.1" 404 5907
[2026-09-23 11:59:38,588] INFO django.server basehttp: "GET /datasources/connections/new/ HTTP/1.1" 200 7399
[2026-09-23 11:59:38,611] INFO django.server basehttp: "GET /static/css/design-system.css?v=1790139578 HTTP/1.1" 200 7762
[2026-09-23 11:59:38,612] INFO django.server basehttp: "GET /static/css/app-shell.css?v=1790139578 HTTP/1.1" 200 40556
[2026-09-23 11:59:38,616] INFO django.server basehttp: "GET /static/js/datasources_connection_form.js?v=1790139578 HTTP/1.1" 200 1892
[2026-09-23 11:59:38,834] INFO django.server basehttp: "POST /login/ HTTP/1.1" 302 0
[2026-09-23 11:59:38,858] INFO django.server basehttp: "GET /dashboard/ HTTP/1.1" 200 8914
[2026-09-23 11:59:41,606] INFO django.server basehttp: "GET /internal/ HTTP/1.1" 200 9543
[2026-09-23 11:59:41,629] INFO django.server basehttp: "GET /static/css/design-system.css?v=1790139581 HTTP/1.1" 200 7762
[2026-09-23 11:59:41,629] INFO django.server basehttp: "GET /static/css/app-shell.css?v=1790139581 HTTP/1.1" 200 40556
[2026-09-23 11:59:41,662] WARNING django.server basehttp: "GET /favicon.ico HTTP/1.1" 404 5907
[2026-09-23 11:59:42,587] INFO django.server basehttp: "GET /datasources/connections/ HTTP/1.1" 200 8291
[2026-09-23 11:59:42,616] INFO django.server basehttp: "GET /static/js/datasources_browse.js?v=1790139582 HTTP/1.1" 200 4406
[2026-09-23 11:59:42,616] INFO django.server basehttp: "GET /static/css/design-system.css?v=1790139582 HTTP/1.1" 200 7762
[2026-09-23 11:59:42,617] INFO django.server basehttp: "GET /static/css/app-shell.css?v=1790139582 HTTP/1.1" 200 40556
[2026-09-23 11:59:42,631] INFO django.server basehttp: "GET /datasources/browse/tables/?source=sqlite HTTP/1.1" 200 951
[2026-09-23 12:00:20,466] INFO django.server basehttp: "GET / HTTP/1.1" 200 33362
[2026-09-23 12:00:20,499] INFO django.server basehttp: "GET /static/img/standards/egat-no5.png HTTP/1.1" 304 0
[2026-09-23 12:00:20,501] INFO django.server basehttp: "GET /static/css/design-system.css?v=1790139620 HTTP/1.1" 200 7762
[2026-09-23 12:00:20,503] INFO django.server basehttp: "GET /static/css/home.css?v=1790139620 HTTP/1.1" 200 16370
[2026-09-23 12:00:20,504] INFO django.server basehttp: "GET /static/img/standards/tisi.png HTTP/1.1" 304 0
[2026-09-23 12:00:20,504] INFO django.server basehttp: "GET /static/img/standards/ahri.png HTTP/1.1" 304 0
[2026-09-23 12:00:20,505] INFO django.server basehttp: "GET /static/img/standards/ilac-nsc.png HTTP/1.1" 304 0
[2026-09-23 12:00:20,512] INFO django.server basehttp: "GET /media/modules/processed/Doc.gif HTTP/1.1" 304 0
[2026-09-23 12:00:20,512] INFO django.server basehttp: "GET /media/modules/processed/Cer.gif HTTP/1.1" 304 0
[2026-09-23 12:00:20,513] INFO django.server basehttp: "GET /media/modules/processed/Manpower.gif HTTP/1.1" 304 0
[2026-09-23 12:00:20,513] INFO django.server basehttp: "GET /media/modules/processed/Analytics.gif HTTP/1.1" 304 0
[2026-09-23 12:00:20,514] INFO django.server basehttp: "GET /media/hero/Gemini_Image.jpg HTTP/1.1" 304 0
[2026-09-23 12:00:20,515] INFO django.server basehttp: "GET /media/modules/processed/Happy.gif HTTP/1.1" 304 0
[2026-09-23 12:00:20,535] INFO django.server basehttp: "GET /media/modules/processed/Tool2.gif HTTP/1.1" 304 0
[2026-09-23 12:00:22,696] INFO django.server basehttp: "GET /internal/ HTTP/1.1" 200 9526
[2026-09-23 12:00:22,727] INFO django.server basehttp: "GET /static/css/design-system.css?v=1790139622 HTTP/1.1" 200 7762
[2026-09-23 12:00:22,728] INFO django.server basehttp: "GET /static/css/app-shell.css?v=1790139622 HTTP/1.1" 200 40556
[2026-09-23 12:01:43,459] INFO django.server basehttp: "GET / HTTP/1.1" 200 33362
[2026-09-23 12:01:43,494] INFO django.server basehttp: "GET /static/css/design-system.css?v=1790139703 HTTP/1.1" 200 7762
[2026-09-23 12:01:43,494] INFO django.server basehttp: "GET /static/css/home.css?v=1790139703 HTTP/1.1" 200 16370
[2026-09-23 12:01:54,872] INFO django.server basehttp: "HEAD / HTTP/1.1" 200 0
[2026-09-23 12:01:55,238] INFO django.server basehttp: "GET / HTTP/1.1" 200 33023
[2026-09-23 12:01:55,264] INFO django.server basehttp: "GET /static/css/design-system.css?v=1790139715 HTTP/1.1" 200 7762
[2026-09-23 12:01:55,273] INFO django.server basehttp: "GET /static/css/home.css?v=1790139715 HTTP/1.1" 200 16370
[2026-09-23 12:01:55,321] WARNING django.server basehttp: "GET /favicon.ico HTTP/1.1" 404 5907
[2026-09-23 12:01:58,819] INFO django.server basehttp: "GET /dashboard/ HTTP/1.1" 200 8897
[2026-09-23 12:01:58,847] INFO django.server basehttp: "GET /static/css/design-system.css?v=1790139718 HTTP/1.1" 200 7762
[2026-09-23 12:01:58,849] INFO django.server basehttp: "GET /static/css/app-shell.css?v=1790139718 HTTP/1.1" 200 40556
[2026-09-23 12:02:02,711] INFO django.server basehttp: "GET /datasources/browse/ HTTP/1.1" 200 8288
[2026-09-23 12:02:02,740] INFO django.server basehttp: "GET /static/css/design-system.css?v=1790139722 HTTP/1.1" 200 7762
[2026-09-23 12:02:02,742] INFO django.server basehttp: "GET /static/css/app-shell.css?v=1790139722 HTTP/1.1" 200 40556
[2026-09-23 12:02:02,745] INFO django.server basehttp: "GET /static/js/datasources_browse.js?v=1790139722 HTTP/1.1" 200 4406
[2026-09-23 12:02:02,763] INFO django.server basehttp: "GET /datasources/browse/tables/?source=sqlite HTTP/1.1" 200 951
[2026-09-23 12:02:04,489] INFO django.server basehttp: "GET / HTTP/1.1" 200 33362
[2026-09-23 12:02:04,523] INFO django.server basehttp: "GET /static/css/design-system.css?v=1790139724 HTTP/1.1" 200 7762
[2026-09-23 12:02:04,524] INFO django.server basehttp: "GET /static/css/home.css?v=1790139724 HTTP/1.1" 200 16370
[2026-09-23 12:02:08,614] INFO django.server basehttp: "GET /internal/ HTTP/1.1" 200 9454
[2026-09-23 12:02:08,640] INFO django.server basehttp: "GET /static/css/design-system.css?v=1790139728 HTTP/1.1" 200 7762
[2026-09-23 12:02:08,641] INFO django.server basehttp: "GET /static/css/app-shell.css?v=1790139728 HTTP/1.1" 200 40556
[2026-09-23 12:02:13,421] INFO django.server basehttp: "GET /accounts/users/ HTTP/1.1" 200 8263
[2026-09-23 12:02:13,448] INFO django.server basehttp: "GET /static/css/design-system.css?v=1790139733 HTTP/1.1" 200 7762
[2026-09-23 12:02:13,449] INFO django.server basehttp: "GET /static/css/app-shell.css?v=1790139733 HTTP/1.1" 200 40556
[2026-09-23 12:02:16,364] INFO django.server basehttp: "GET /accounts/users/33/edit/ HTTP/1.1" 200 17386
[2026-09-23 12:02:16,401] INFO django.server basehttp: "GET /static/css/design-system.css?v=1790139736 HTTP/1.1" 200 7762
[2026-09-23 12:02:16,402] INFO django.server basehttp: "GET /static/css/app-shell.css?v=1790139736 HTTP/1.1" 200 40556
[2026-09-23 12:02:31,018] INFO django.server basehttp: "GET /accounts/users/ HTTP/1.1" 200 8263
[2026-09-23 12:02:31,057] INFO django.server basehttp: "GET /static/css/design-system.css?v=1790139751 HTTP/1.1" 200 7762
[2026-09-23 12:02:31,059] INFO django.server basehttp: "GET /static/css/app-shell.css?v=1790139751 HTTP/1.1" 200 40556
[2026-09-23 12:02:32,256] INFO django.server basehttp: "GET /accounts/users/1/edit/ HTTP/1.1" 200 17406
[2026-09-23 12:02:32,284] INFO django.server basehttp: "GET /static/css/design-system.css?v=1790139752 HTTP/1.1" 200 7762
[2026-09-23 12:02:32,288] INFO django.server basehttp: "GET /static/css/app-shell.css?v=1790139752 HTTP/1.1" 200 40556
[2026-09-23 12:02:54,506] INFO django.server basehttp: "GET /accounts/users/ HTTP/1.1" 200 8263
[2026-09-23 12:02:54,537] INFO django.server basehttp: "GET /static/css/design-system.css?v=1790139774 HTTP/1.1" 200 7762
[2026-09-23 12:02:54,538] INFO django.server basehttp: "GET /static/css/app-shell.css?v=1790139774 HTTP/1.1" 200 40556
[2026-09-23 12:02:57,810] INFO django.server basehttp: "GET /datasources/browse/ HTTP/1.1" 200 8288
[2026-09-23 12:02:57,838] INFO django.server basehttp: "GET /static/css/design-system.css?v=1790139777 HTTP/1.1" 200 7762
[2026-09-23 12:02:57,838] INFO django.server basehttp: "GET /static/js/datasources_browse.js?v=1790139777 HTTP/1.1" 200 4406
[2026-09-23 12:02:57,838] INFO django.server basehttp: "GET /static/css/app-shell.css?v=1790139777 HTTP/1.1" 200 40556
[2026-09-23 12:02:57,853] INFO django.server basehttp: "GET /datasources/browse/tables/?source=sqlite HTTP/1.1" 200 951
[2026-09-23 12:06:26,882] INFO django.server basehttp: "GET / HTTP/1.1" 200 33362
[2026-09-23 12:06:26,913] INFO django.server basehttp: "GET /static/css/design-system.css?v=1790139986 HTTP/1.1" 200 7762
[2026-09-23 12:06:26,913] INFO django.server basehttp: "GET /static/css/home.css?v=1790139986 HTTP/1.1" 200 16370
[2026-09-23 12:06:26,922] INFO django.server basehttp: "GET /media/modules/processed/Happy.gif HTTP/1.1" 304 0
[2026-09-23 12:06:29,016] INFO django.server basehttp: "GET /internal/ HTTP/1.1" 200 9454
[2026-09-23 12:06:29,045] INFO django.server basehttp: "GET /static/css/design-system.css?v=1790139989 HTTP/1.1" 200 7762
[2026-09-23 12:06:30,054] INFO django.server basehttp: "GET /static/css/app-shell.css?v=1790139989 HTTP/1.1" 200 40556
[2026-09-23 12:15:30,755] INFO django.server basehttp: "HEAD / HTTP/1.1" 200 0
[2026-09-23 12:15:31,113] INFO django.server basehttp: "GET / HTTP/1.1" 200 33023
[2026-09-23 12:15:31,132] INFO django.server basehttp: "GET /static/css/design-system.css?v=1790140531 HTTP/1.1" 200 7762
[2026-09-23 12:15:31,135] INFO django.server basehttp: "GET /static/css/home.css?v=1790140531 HTTP/1.1" 200 16370
[2026-09-23 12:15:31,140] INFO django.server basehttp: "GET /media/hero/Gemini_Image.jpg HTTP/1.1" 304 0
[2026-09-23 12:15:31,141] INFO django.server basehttp: "GET /media/modules/processed/Happy.gif HTTP/1.1" 304 0
[2026-09-23 12:15:31,160] WARNING django.server basehttp: "GET /favicon.ico HTTP/1.1" 404 5907
[2026-09-23 12:15:40,406] INFO django.server basehttp: "GET /login/ HTTP/1.1" 200 4891
[2026-09-23 12:15:40,419] INFO django.server basehttp: "GET /static/css/design-system.css?v=1790140540 HTTP/1.1" 200 7762
[2026-09-23 12:15:40,419] INFO django.server basehttp: "GET /static/css/home.css?v=1790140540 HTTP/1.1" 200 16370
[2026-09-23 12:15:40,434] WARNING django.server basehttp: "GET /favicon.ico HTTP/1.1" 404 5907
[2026-09-23 12:15:45,013] INFO django.server basehttp: "POST /login/ HTTP/1.1" 302 0
[2026-09-23 12:15:45,038] INFO django.server basehttp: "GET /dashboard/ HTTP/1.1" 200 8893
[2026-09-23 12:15:48,131] INFO django.server basehttp: "GET /datasources/browse/?tab=settings HTTP/1.1" 200 15341
[2026-09-23 12:15:48,148] INFO django.server basehttp: "GET /static/css/design-system.css?v=1790140548 HTTP/1.1" 200 7762
[2026-09-23 12:15:48,150] INFO django.server basehttp: "GET /static/css/app-shell.css?v=1790140548 HTTP/1.1" 200 40556
[2026-09-23 12:15:48,154] INFO django.server basehttp: "GET /static/js/datasources_browse.js?v=1790140548 HTTP/1.1" 200 4406
[2026-09-23 12:15:48,163] INFO django.server basehttp: "GET /datasources/browse/tables/?source=sqlite HTTP/1.1" 200 951
[2026-09-23 12:15:48,366] WARNING django.server basehttp: "GET /favicon.ico HTTP/1.1" 404 5907
[2026-09-23 12:16:24,992] INFO django.server basehttp: "POST /datasources/primary-db/test/ HTTP/1.1" 200 715
[2026-09-23 13:28:49,984] INFO django.server basehttp: "GET / HTTP/1.1" 200 33023
[2026-09-23 13:28:50,103] INFO django.server basehttp: "HEAD / HTTP/1.1" 200 0
[2026-09-23 13:28:50,177] INFO django.server basehttp: "GET /static/css/design-system.css?v=1790144929 HTTP/1.1" 200 7762
[2026-09-23 13:28:50,178] INFO django.server basehttp: "GET /static/css/home.css?v=1790144929 HTTP/1.1" 200 16370
[2026-09-23 13:28:50,181] INFO django.server basehttp: "GET /static/img/standards/egat-no5.png HTTP/1.1" 304 0
[2026-09-23 13:28:50,181] INFO django.server basehttp: "GET /static/img/standards/tisi.png HTTP/1.1" 304 0
[2026-09-23 13:28:50,183] INFO django.server basehttp: "GET /static/img/standards/ahri.png HTTP/1.1" 304 0
[2026-09-23 13:28:50,303] INFO django.server basehttp: "GET /static/img/standards/ilac-nsc.png HTTP/1.1" 304 0
[2026-09-23 13:28:50,303] INFO django.server basehttp: "GET /media/hero/Gemini_Image.jpg HTTP/1.1" 304 0
[2026-09-23 13:28:50,306] INFO django.server basehttp: "GET /media/modules/processed/Doc.gif HTTP/1.1" 304 0
[2026-09-23 13:28:50,357] INFO django.server basehttp: "GET /media/modules/processed/Cer.gif HTTP/1.1" 304 0
[2026-09-23 13:28:50,357] INFO django.server basehttp: "GET /media/modules/processed/Manpower.gif HTTP/1.1" 304 0
[2026-09-23 13:28:50,359] INFO django.server basehttp: "GET /media/modules/processed/Analytics.gif HTTP/1.1" 304 0
[2026-09-23 13:28:50,372] INFO django.server basehttp: "GET /media/modules/processed/Happy.gif HTTP/1.1" 304 0
[2026-09-23 13:28:50,372] INFO django.server basehttp: "GET /media/modules/processed/Tool2.gif HTTP/1.1" 304 0
[2026-09-23 13:28:50,413] WARNING django.server basehttp: "GET /favicon.ico HTTP/1.1" 404 5907
[2026-09-23 13:28:59,772] INFO django.server basehttp: "GET / HTTP/1.1" 200 33362
[2026-09-23 13:29:00,099] INFO django.server basehttp: "GET /static/css/design-system.css?v=1790144939 HTTP/1.1" 200 7762
[2026-09-23 13:29:00,099] INFO django.server basehttp: "GET /static/css/home.css?v=1790144939 HTTP/1.1" 200 16370
[2026-09-23 13:29:00,107] INFO django.server basehttp: "GET /static/img/standards/tisi.png HTTP/1.1" 304 0
[2026-09-23 13:29:00,107] INFO django.server basehttp: "GET /static/img/standards/egat-no5.png HTTP/1.1" 304 0
[2026-09-23 13:29:00,108] INFO django.server basehttp: "GET /static/img/standards/ahri.png HTTP/1.1" 304 0
[2026-09-23 13:29:00,109] INFO django.server basehttp: "GET /media/hero/Gemini_Image.jpg HTTP/1.1" 304 0
[2026-09-23 13:29:00,109] INFO django.server basehttp: "GET /static/img/standards/ilac-nsc.png HTTP/1.1" 304 0
[2026-09-23 13:29:00,109] INFO django.server basehttp: "GET /media/modules/processed/Doc.gif HTTP/1.1" 304 0
[2026-09-23 13:29:00,112] INFO django.server basehttp: "GET /media/modules/processed/Manpower.gif HTTP/1.1" 304 0
[2026-09-23 13:29:00,118] INFO django.server basehttp: "GET /media/modules/processed/Cer.gif HTTP/1.1" 304 0
[2026-09-23 13:29:00,121] INFO django.server basehttp: "GET /media/modules/processed/Analytics.gif HTTP/1.1" 304 0
[2026-09-23 13:29:00,121] INFO django.server basehttp: "GET /media/modules/processed/Happy.gif HTTP/1.1" 304 0
[2026-09-23 13:29:00,131] INFO django.server basehttp: "GET /media/modules/processed/Tool2.gif HTTP/1.1" 304 0
[2026-09-23 13:29:01,740] INFO django.server basehttp: "GET / HTTP/1.1" 200 33362
[2026-09-23 13:29:01,784] INFO django.server basehttp: "GET /static/css/design-system.css?v=1790144941 HTTP/1.1" 200 7762
[2026-09-23 13:29:01,785] INFO django.server basehttp: "GET /static/css/home.css?v=1790144941 HTTP/1.1" 200 16370
[2026-09-23 13:29:11,652] INFO django.server basehttp: "GET /dashboard/ HTTP/1.1" 200 8879
[2026-09-23 13:29:11,685] INFO django.server basehttp: "GET /static/css/app-shell.css?v=1790144951 HTTP/1.1" 200 40556
[2026-09-23 13:29:12,693] INFO django.server basehttp: "GET /static/css/design-system.css?v=1790144951 HTTP/1.1" 200 7762
[2026-09-23 13:29:16,585] INFO django.server basehttp: "GET /utilities/ HTTP/1.1" 200 13870
[2026-09-23 13:29:16,610] INFO django.server basehttp: "GET /static/css/design-system.css?v=1790144956 HTTP/1.1" 200 7762
[2026-09-23 13:29:16,611] INFO django.server basehttp: "GET /static/css/app-shell.css?v=1790144956 HTTP/1.1" 200 40556
[2026-09-23 13:29:18,223] INFO django.server basehttp: "GET /datasources/browse/ HTTP/1.1" 200 15327
[2026-09-23 13:29:18,249] INFO django.server basehttp: "GET /static/css/design-system.css?v=1790144958 HTTP/1.1" 200 7762
[2026-09-23 13:29:18,250] INFO django.server basehttp: "GET /static/css/app-shell.css?v=1790144958 HTTP/1.1" 200 40556
[2026-09-23 13:29:18,251] INFO django.server basehttp: "GET /static/js/datasources_browse.js?v=1790144958 HTTP/1.1" 200 4406
[2026-09-23 13:29:18,270] INFO django.server basehttp: "GET /datasources/browse/tables/?source=sqlite HTTP/1.1" 200 951
[2026-09-23 13:34:26,469] INFO django.server basehttp: "GET /documents/ HTTP/1.1" 200 22239
[2026-09-23 13:34:26,501] INFO django.server basehttp: "GET /static/css/app-shell.css?v=1790145266 HTTP/1.1" 200 40556
[2026-09-23 13:34:26,502] INFO django.server basehttp: "GET /static/css/design-system.css?v=1790145266 HTTP/1.1" 200 7762
[2026-09-23 13:34:33,449] INFO django.server basehttp: "GET /certificates/ HTTP/1.1" 200 4830
[2026-09-23 13:34:33,481] INFO django.server basehttp: "GET /static/css/design-system.css?v=1790145273 HTTP/1.1" 200 7762
[2026-09-23 13:34:33,481] INFO django.server basehttp: "GET /static/css/app-shell.css?v=1790145273 HTTP/1.1" 200 40556
[2026-09-23 13:34:40,161] INFO django.server basehttp: "GET /utilities/ HTTP/1.1" 200 13870
[2026-09-23 13:34:40,195] INFO django.server basehttp: "GET /static/css/design-system.css?v=1790145280 HTTP/1.1" 200 7762
[2026-09-23 13:34:40,197] INFO django.server basehttp: "GET /static/css/app-shell.css?v=1790145280 HTTP/1.1" 200 40556
[2026-09-23 13:34:42,767] INFO django.server basehttp: "GET /audit/ HTTP/1.1" 200 14401
[2026-09-23 13:34:42,792] INFO django.server basehttp: "GET /static/css/design-system.css?v=1790145282 HTTP/1.1" 200 7762
[2026-09-23 13:34:42,793] INFO django.server basehttp: "GET /static/css/app-shell.css?v=1790145282 HTTP/1.1" 200 40556
[2026-09-23 13:34:49,787] INFO django.server basehttp: "GET / HTTP/1.1" 200 33362
[2026-09-23 13:34:49,821] INFO django.server basehttp: "GET /static/css/design-system.css?v=1790145289 HTTP/1.1" 200 7762
[2026-09-23 13:34:49,824] INFO django.server basehttp: "GET /static/css/home.css?v=1790145289 HTTP/1.1" 200 16370
[2026-09-23 13:34:51,561] INFO django.server basehttp: "GET /internal/ HTTP/1.1" 200 9454
[2026-09-23 13:34:51,588] INFO django.server basehttp: "GET /static/css/design-system.css?v=1790145291 HTTP/1.1" 200 7762
[2026-09-23 13:34:51,589] INFO django.server basehttp: "GET /static/css/app-shell.css?v=1790145291 HTTP/1.1" 200 40556
[2026-09-23 13:39:32,253] INFO django.server basehttp: "GET /datasources/browse/ HTTP/1.1" 200 15327
[2026-09-23 13:39:32,281] INFO django.server basehttp: "GET /static/css/design-system.css?v=1790145572 HTTP/1.1" 200 7762
[2026-09-23 13:39:32,283] INFO django.server basehttp: "GET /static/css/app-shell.css?v=1790145572 HTTP/1.1" 200 40556
[2026-09-23 13:39:32,289] INFO django.server basehttp: "GET /static/js/datasources_browse.js?v=1790145572 HTTP/1.1" 200 4406
[2026-09-23 13:39:32,302] INFO django.server basehttp: "GET /datasources/browse/tables/?source=sqlite HTTP/1.1" 200 951
[2026-09-23 13:44:40,806] INFO django.server basehttp: "GET / HTTP/1.1" 200 33362
[2026-09-23 13:44:40,837] INFO django.server basehttp: "GET /static/css/design-system.css?v=1790145880 HTTP/1.1" 200 7762
[2026-09-23 13:44:40,838] INFO django.server basehttp: "GET /static/css/home.css?v=1790145880 HTTP/1.1" 200 16370
[2026-09-23 13:44:40,838] INFO django.server basehttp: "GET /media/modules/processed/Happy.gif HTTP/1.1" 304 0
[2026-09-23 13:45:07,858] INFO django.server basehttp: "GET /happy-workplace/ HTTP/1.1" 200 17503
[2026-09-23 13:45:07,894] INFO django.server basehttp: "GET /static/css/design-system.css?v=1790145907 HTTP/1.1" 200 7762
[2026-09-23 13:45:07,895] INFO django.server basehttp: "GET /static/css/app-shell.css?v=1790145907 HTTP/1.1" 200 40556
[2026-09-23 13:45:07,900] INFO django.server basehttp: "GET /media/happy_workplace/posters/DT_Birthday_SSbYLAI.png HTTP/1.1" 304 0
[2026-09-23 13:45:07,900] INFO django.server basehttp: "GET /media/happy_workplace/posters/image_4.png HTTP/1.1" 304 0
[2026-09-23 13:45:07,902] INFO django.server basehttp: "GET /media/happy_workplace/posters/image_2.png HTTP/1.1" 304 0
[2026-09-23 13:45:07,903] INFO django.server basehttp: "GET /static/css/happy_workplace.css?v=1790145907 HTTP/1.1" 200 38401
[2026-09-23 13:45:12,378] INFO django.server basehttp: "GET /happy-workplace/squares/ HTTP/1.1" 200 24066
[2026-09-23 13:45:12,400] INFO django.server basehttp: "GET /static/css/design-system.css?v=1790145912 HTTP/1.1" 200 7762
[2026-09-23 13:45:12,406] INFO django.server basehttp: "GET /static/css/app-shell.css?v=1790145912 HTTP/1.1" 200 40556
[2026-09-23 13:45:12,406] INFO django.server basehttp: "GET /static/css/happy_workplace.css?v=1790145912 HTTP/1.1" 200 38401
[2026-09-23 13:45:12,409] INFO django.server basehttp: "GET /static/js/hwp_leaderboard.js?v=1790145912 HTTP/1.1" 200 1422
[2026-09-23 13:45:12,410] INFO django.server basehttp: "GET /static/js/hwp_play.js?v=1790145912 HTTP/1.1" 200 1103
[2026-09-23 13:47:47,776] INFO django.server basehttp: "GET /happy-workplace/manage/squares-words/ HTTP/1.1" 200 1075815
[2026-09-23 13:47:47,814] INFO django.server basehttp: "GET /static/css/design-system.css?v=1790146067 HTTP/1.1" 200 7762
[2026-09-23 13:47:47,815] INFO django.server basehttp: "GET /static/css/app-shell.css?v=1790146067 HTTP/1.1" 200 40556
[2026-09-23 13:47:47,815] INFO django.server basehttp: "GET /static/css/happy_workplace.css?v=1790146067 HTTP/1.1" 200 38401
[2026-09-23 13:48:05,439] INFO django.server basehttp: "GET /happy-workplace/manage/squares-words/?q=&cat=T HTTP/1.1" 200 198359
[2026-09-23 13:48:05,468] INFO django.server basehttp: "GET /static/css/design-system.css?v=1790146085 HTTP/1.1" 200 7762
[2026-09-23 13:48:05,469] INFO django.server basehttp: "GET /static/css/app-shell.css?v=1790146085 HTTP/1.1" 200 40556
[2026-09-23 13:48:05,469] INFO django.server basehttp: "GET /static/css/happy_workplace.css?v=1790146085 HTTP/1.1" 200 38401
[2026-09-23 13:48:10,750] INFO django.server basehttp: "GET /happy-workplace/manage/squares-words/?q=%E0%B8%AB%E0%B8%A1%E0%B8%A7%E0%B8%81&cat=T HTTP/1.1" 200 7520
[2026-09-23 13:48:10,777] INFO django.server basehttp: "GET /static/css/design-system.css?v=1790146090 HTTP/1.1" 200 7762
[2026-09-23 13:48:10,779] INFO django.server basehttp: "GET /static/css/happy_workplace.css?v=1790146090 HTTP/1.1" 200 38401
[2026-09-23 13:48:10,779] INFO django.server basehttp: "GET /static/css/app-shell.css?v=1790146090 HTTP/1.1" 200 40556
[2026-09-23 13:59:45,417] INFO django.server basehttp: "GET / HTTP/1.1" 200 33362
[2026-09-23 13:59:45,448] INFO django.server basehttp: "GET /static/css/home.css?v=1790146785 HTTP/1.1" 200 16370
[2026-09-23 13:59:45,452] INFO django.server basehttp: "GET /static/css/design-system.css?v=1790146785 HTTP/1.1" 200 7762
[2026-09-23 13:59:45,454] INFO django.server basehttp: "GET /media/hero/Gemini_Image.jpg HTTP/1.1" 304 0
[2026-09-23 13:59:45,461] INFO django.server basehttp: "GET /media/modules/processed/Doc.gif HTTP/1.1" 304 0
[2026-09-23 13:59:45,461] INFO django.server basehttp: "GET /media/modules/processed/Cer.gif HTTP/1.1" 304 0
[2026-09-23 13:59:45,461] INFO django.server basehttp: "GET /media/modules/processed/Analytics.gif HTTP/1.1" 304 0
[2026-09-23 13:59:45,462] INFO django.server basehttp: "GET /media/modules/processed/Manpower.gif HTTP/1.1" 304 0
[2026-09-23 13:59:45,461] INFO django.server basehttp: "GET /media/modules/processed/Happy.gif HTTP/1.1" 304 0
[2026-09-23 13:59:45,463] INFO django.server basehttp: "GET /media/modules/processed/Tool2.gif HTTP/1.1" 304 0
[2026-09-23 13:59:52,173] INFO django.server basehttp: "GET /internal/ HTTP/1.1" 200 9454
[2026-09-23 13:59:52,198] INFO django.server basehttp: "GET /static/css/design-system.css?v=1790146792 HTTP/1.1" 200 7762
[2026-09-23 13:59:52,198] INFO django.server basehttp: "GET /static/css/app-shell.css?v=1790146792 HTTP/1.1" 200 40556
[2026-09-23 14:01:48,975] INFO django.server basehttp: "GET / HTTP/1.1" 200 33362
[2026-09-23 14:01:49,000] INFO django.server basehttp: "GET /static/css/design-system.css?v=1790146908 HTTP/1.1" 200 7762
[2026-09-23 14:01:49,001] INFO django.server basehttp: "GET /static/css/home.css?v=1790146908 HTTP/1.1" 200 16370
[2026-09-23 14:01:51,097] INFO django.server basehttp: "GET /happy-workplace/ HTTP/1.1" 200 17503
[2026-09-23 14:01:51,139] INFO django.server basehttp: "GET /static/css/design-system.css?v=1790146911 HTTP/1.1" 200 7762
[2026-09-23 14:01:51,140] INFO django.server basehttp: "GET /static/css/app-shell.css?v=1790146911 HTTP/1.1" 200 40556
[2026-09-23 14:01:51,142] INFO django.server basehttp: "GET /static/css/happy_workplace.css?v=1790146911 HTTP/1.1" 200 38401
[2026-09-23 14:01:53,758] INFO django.server basehttp: "GET /happy-workplace/squares/ HTTP/1.1" 200 24066
[2026-09-23 14:01:53,786] INFO django.server basehttp: "GET /static/css/design-system.css?v=1790146913 HTTP/1.1" 200 7762
[2026-09-23 14:01:53,787] INFO django.server basehttp: "GET /static/css/app-shell.css?v=1790146913 HTTP/1.1" 200 40556
[2026-09-23 14:01:53,788] INFO django.server basehttp: "GET /static/css/happy_workplace.css?v=1790146913 HTTP/1.1" 200 38401
[2026-09-23 14:01:53,791] INFO django.server basehttp: "GET /static/js/hwp_play.js?v=1790146913 HTTP/1.1" 200 1103
[2026-09-23 14:01:53,791] INFO django.server basehttp: "GET /static/js/hwp_leaderboard.js?v=1790146913 HTTP/1.1" 200 1422
[2026-09-23 14:01:55,621] INFO django.server basehttp: "GET /happy-workplace/manage/squares-words/ HTTP/1.1" 200 1075815
[2026-09-23 14:01:55,654] INFO django.server basehttp: "GET /static/css/design-system.css?v=1790146915 HTTP/1.1" 200 7762
[2026-09-23 14:01:55,654] INFO django.server basehttp: "GET /static/css/happy_workplace.css?v=1790146915 HTTP/1.1" 200 38401
[2026-09-23 14:01:55,655] INFO django.server basehttp: "GET /static/css/app-shell.css?v=1790146915 HTTP/1.1" 200 40556
[2026-09-23 14:02:34,647] INFO django.server basehttp: "GET /happy-workplace/manage/squares-words/ HTTP/1.1" 200 1074702
[2026-09-23 14:02:34,681] INFO django.server basehttp: "GET /static/css/design-system.css?v=1790146954 HTTP/1.1" 200 7762
[2026-09-23 14:02:34,681] INFO django.server basehttp: "GET /static/css/happy_workplace.css?v=1790146954 HTTP/1.1" 200 38401
[2026-09-23 14:02:34,682] INFO django.server basehttp: "GET /static/css/app-shell.css?v=1790146954 HTTP/1.1" 200 40556
[2026-09-23 14:02:56,032] INFO django.server basehttp: "HEAD / HTTP/1.1" 200 0
[2026-09-23 14:02:56,423] INFO django.server basehttp: "GET / HTTP/1.1" 200 33023
[2026-09-23 14:02:56,442] INFO django.server basehttp: "GET /static/css/design-system.css?v=1790146976 HTTP/1.1" 200 7762
[2026-09-23 14:02:56,445] INFO django.server basehttp: "GET /static/css/home.css?v=1790146976 HTTP/1.1" 200 16370
[2026-09-23 14:02:56,447] INFO django.server basehttp: "GET /static/img/standards/egat-no5.png HTTP/1.1" 304 0
[2026-09-23 14:02:56,448] INFO django.server basehttp: "GET /static/img/standards/tisi.png HTTP/1.1" 304 0
[2026-09-23 14:02:56,449] INFO django.server basehttp: "GET /static/img/standards/ahri.png HTTP/1.1" 304 0
[2026-09-23 14:02:56,480] INFO django.server basehttp: "GET /media/hero/Gemini_Image.jpg HTTP/1.1" 304 0
[2026-09-23 14:02:56,481] INFO django.server basehttp: "GET /static/img/standards/ilac-nsc.png HTTP/1.1" 304 0
[2026-09-23 14:02:56,483] INFO django.server basehttp: "GET /media/modules/processed/Doc.gif HTTP/1.1" 304 0
[2026-09-23 14:02:56,553] INFO django.server basehttp: "GET /media/modules/processed/Manpower.gif HTTP/1.1" 304 0
[2026-09-23 14:02:56,555] INFO django.server basehttp: "GET /media/modules/processed/Cer.gif HTTP/1.1" 304 0
[2026-09-23 14:02:56,556] INFO django.server basehttp: "GET /media/modules/processed/Analytics.gif HTTP/1.1" 304 0
[2026-09-23 14:02:56,562] INFO django.server basehttp: "GET /media/modules/processed/Happy.gif HTTP/1.1" 304 0
[2026-09-23 14:02:56,566] INFO django.server basehttp: "GET /media/modules/processed/Tool2.gif HTTP/1.1" 304 0
[2026-09-23 14:02:56,596] WARNING django.server basehttp: "GET /favicon.ico HTTP/1.1" 404 5907
[2026-09-23 14:02:58,034] INFO django.server basehttp: "GET /happy-workplace/manage/squares-words/?cat=C HTTP/1.1" 302 0
[2026-09-23 14:02:58,081] INFO django.server basehttp: "GET /login/?next=/happy-workplace/manage/squares-words/%3Fcat%3DC HTTP/1.1" 200 4935
[2026-09-23 14:02:58,094] INFO django.server basehttp: "GET /static/css/home.css?v=1790146978 HTTP/1.1" 200 16370
[2026-09-23 14:02:58,094] INFO django.server basehttp: "GET /static/css/design-system.css?v=1790146978 HTTP/1.1" 200 7762
[2026-09-23 14:02:58,114] WARNING django.server basehttp: "GET /favicon.ico HTTP/1.1" 404 5907
[2026-09-23 14:03:15,662] INFO django.server basehttp: "GET /accounts/login/ HTTP/1.1" 200 4891
[2026-09-23 14:03:15,680] INFO django.server basehttp: "GET /static/css/design-system.css?v=1790146995 HTTP/1.1" 200 7762
[2026-09-23 14:03:15,681] INFO django.server basehttp: "GET /static/css/home.css?v=1790146995 HTTP/1.1" 200 16370
[2026-09-23 14:03:15,698] WARNING django.server basehttp: "GET /favicon.ico HTTP/1.1" 404 5907
[2026-09-23 14:03:19,462] INFO django.server basehttp: "GET /datasources/browse/ HTTP/1.1" 200 15327
[2026-09-23 14:03:19,492] INFO django.server basehttp: "GET /static/css/design-system.css?v=1790146999 HTTP/1.1" 200 7762
[2026-09-23 14:03:19,493] INFO django.server basehttp: "GET /static/css/app-shell.css?v=1790146999 HTTP/1.1" 200 40556
[2026-09-23 14:03:19,499] INFO django.server basehttp: "GET /static/js/datasources_browse.js?v=1790146999 HTTP/1.1" 200 4406
[2026-09-23 14:03:19,520] INFO django.server basehttp: "GET /datasources/browse/tables/?source=sqlite HTTP/1.1" 200 951
[2026-09-23 14:03:23,830] INFO django.server basehttp: "GET /datasources/browse/data/?source=sqlite&table=accounts_department HTTP/1.1" 200 79
[2026-09-23 14:03:27,058] INFO django.server basehttp: "GET /datasources/browse/data/?source=sqlite&table=accounts_user HTTP/1.1" 200 999
[2026-09-23 14:03:35,947] INFO django.server basehttp: "GET /datasources/browse/data/?source=sqlite&table=accounts_user_groups HTTP/1.1" 200 97
[2026-09-23 14:03:38,715] INFO django.server basehttp: "GET /datasources/browse/data/?source=sqlite&table=accounts_user_user_permissions HTTP/1.1" 200 91
[2026-09-23 14:03:41,530] INFO django.server basehttp: "POST /accounts/login/ HTTP/1.1" 302 0
[2026-09-23 14:03:41,552] INFO django.server basehttp: "GET /dashboard/ HTTP/1.1" 200 8888
[2026-09-23 14:03:41,570] INFO django.server basehttp: "GET /static/css/design-system.css?v=1790147021 HTTP/1.1" 200 7762
[2026-09-23 14:03:41,570] INFO django.server basehttp: "GET /static/css/app-shell.css?v=1790147021 HTTP/1.1" 200 40556
[2026-09-23 14:03:41,682] WARNING django.server basehttp: "GET /favicon.ico HTTP/1.1" 404 5907
[2026-09-23 14:03:43,647] INFO django.server basehttp: "GET /happy-workplace/manage/squares-words/?cat=C HTTP/1.1" 200 14383
[2026-09-23 14:03:43,666] INFO django.server basehttp: "GET /static/css/design-system.css?v=1790147023 HTTP/1.1" 200 7762
[2026-09-23 14:03:43,667] INFO django.server basehttp: "GET /static/css/app-shell.css?v=1790147023 HTTP/1.1" 200 40556
[2026-09-23 14:03:43,667] INFO django.server basehttp: "GET /static/css/happy_workplace.css?v=1790147023 HTTP/1.1" 200 38401
[2026-09-23 14:03:43,709] WARNING django.server basehttp: "GET /favicon.ico HTTP/1.1" 404 5907
[2026-09-23 14:03:48,792] INFO django.server basehttp: "GET /happy-workplace/manage/squares-words/?q=PASSPORT HTTP/1.1" 200 6601
[2026-09-23 14:03:48,810] INFO django.server basehttp: "GET /static/css/design-system.css?v=1790147028 HTTP/1.1" 200 7762
[2026-09-23 14:03:48,811] INFO django.server basehttp: "GET /static/css/happy_workplace.css?v=1790147028 HTTP/1.1" 200 38401
[2026-09-23 14:03:48,811] INFO django.server basehttp: "GET /static/css/app-shell.css?v=1790147028 HTTP/1.1" 200 40556
[2026-09-23 14:03:48,825] WARNING django.server basehttp: "GET /favicon.ico HTTP/1.1" 404 5907
[2026-09-23 14:03:53,234] INFO django.server basehttp: "GET /happy-workplace/squares/ HTTP/1.1" 200 24131
[2026-09-23 14:03:53,252] INFO django.server basehttp: "GET /static/css/design-system.css?v=1790147033 HTTP/1.1" 200 7762
[2026-09-23 14:03:53,253] INFO django.server basehttp: "GET /static/js/hwp_leaderboard.js?v=1790147033 HTTP/1.1" 200 1422
[2026-09-23 14:03:53,253] INFO django.server basehttp: "GET /static/css/app-shell.css?v=1790147033 HTTP/1.1" 200 40556
[2026-09-23 14:03:53,254] INFO django.server basehttp: "GET /static/js/hwp_play.js?v=1790147033 HTTP/1.1" 200 1103
[2026-09-23 14:03:53,254] INFO django.server basehttp: "GET /static/css/happy_workplace.css?v=1790147033 HTTP/1.1" 200 38401
[2026-09-23 14:03:53,337] INFO django.server basehttp: "GET /datasources/connections/new/ HTTP/1.1" 200 7399
[2026-09-23 14:03:53,367] INFO django.server basehttp: "GET /static/css/design-system.css?v=1790147033 HTTP/1.1" 200 7762
[2026-09-23 14:03:53,368] INFO django.server basehttp: "GET /static/css/app-shell.css?v=1790147033 HTTP/1.1" 200 40556
[2026-09-23 14:03:53,371] INFO django.server basehttp: "GET /static/js/datasources_connection_form.js?v=1790147033 HTTP/1.1" 200 1892
[2026-09-23 14:03:53,474] WARNING django.server basehttp: "GET /favicon.ico HTTP/1.1" 404 5907
[2026-09-23 14:03:58,153] INFO django.server basehttp: "GET /datasources/connections/ HTTP/1.1" 200 15330
[2026-09-23 14:03:58,177] INFO django.server basehttp: "GET /static/css/design-system.css?v=1790147038 HTTP/1.1" 200 7762
[2026-09-23 14:03:58,179] INFO django.server basehttp: "GET /static/js/datasources_browse.js?v=1790147038 HTTP/1.1" 200 4406
[2026-09-23 14:03:58,179] INFO django.server basehttp: "GET /static/css/app-shell.css?v=1790147038 HTTP/1.1" 200 40556
[2026-09-23 14:03:58,199] INFO django.server basehttp: "GET /datasources/browse/tables/?source=sqlite HTTP/1.1" 200 951
[2026-09-23 14:04:08,483] INFO django.server basehttp: "POST /happy-workplace/play/squares/start/ HTTP/1.1" 200 43
[2026-09-23 14:04:08,542] INFO django.server basehttp: "GET /happy-workplace/squares/puzzle/ HTTP/1.1" 200 391
[2026-09-23 14:04:08,570] INFO django.server basehttp: "GET /happy-workplace/squares/puzzle/ HTTP/1.1" 200 391
[2026-09-23 14:04:12,007] INFO django.server basehttp: "GET /dashboard/ HTTP/1.1" 200 8872
[2026-09-23 14:04:12,031] INFO django.server basehttp: "GET /static/css/design-system.css?v=1790147052 HTTP/1.1" 200 7762
[2026-09-23 14:04:12,031] INFO django.server basehttp: "GET /static/css/app-shell.css?v=1790147052 HTTP/1.1" 200 40556
[2026-09-23 14:04:24,715] INFO django.server basehttp: "GET / HTTP/1.1" 200 33362
[2026-09-23 14:04:24,754] INFO django.server basehttp: "GET /static/img/standards/egat-no5.png HTTP/1.1" 304 0
[2026-09-23 14:04:24,756] INFO django.server basehttp: "GET /static/css/design-system.css?v=1790147064 HTTP/1.1" 200 7762
[2026-09-23 14:04:24,756] INFO django.server basehttp: "GET /static/css/home.css?v=1790147064 HTTP/1.1" 200 16370
[2026-09-23 14:04:24,757] INFO django.server basehttp: "GET /static/img/standards/tisi.png HTTP/1.1" 304 0
[2026-09-23 14:04:24,761] INFO django.server basehttp: "GET /static/img/standards/ilac-nsc.png HTTP/1.1" 304 0
[2026-09-23 14:04:24,761] INFO django.server basehttp: "GET /static/img/standards/ahri.png HTTP/1.1" 304 0
[2026-09-23 14:04:26,341] INFO django.server basehttp: "GET /happy-workplace/ HTTP/1.1" 200 17503
[2026-09-23 14:04:26,386] INFO django.server basehttp: "GET /static/css/design-system.css?v=1790147066 HTTP/1.1" 200 7762
[2026-09-23 14:04:26,388] INFO django.server basehttp: "GET /static/css/happy_workplace.css?v=1790147066 HTTP/1.1" 200 38401
[2026-09-23 14:04:26,388] INFO django.server basehttp: "GET /static/css/app-shell.css?v=1790147066 HTTP/1.1" 200 40556
[2026-09-23 14:04:29,978] INFO django.server basehttp: "GET /happy-workplace/squares/ HTTP/1.1" 200 24115
[2026-09-23 14:04:30,015] INFO django.server basehttp: "GET /static/js/hwp_leaderboard.js?v=1790147069 HTTP/1.1" 200 1422
[2026-09-23 14:04:30,016] INFO django.server basehttp: "GET /static/js/hwp_play.js?v=1790147069 HTTP/1.1" 200 1103
[2026-09-23 14:04:30,016] INFO django.server basehttp: "GET /static/css/design-system.css?v=1790147069 HTTP/1.1" 200 7762
[2026-09-23 14:04:30,017] INFO django.server basehttp: "GET /static/css/app-shell.css?v=1790147069 HTTP/1.1" 200 40556
[2026-09-23 14:04:30,017] INFO django.server basehttp: "GET /static/css/happy_workplace.css?v=1790147069 HTTP/1.1" 200 38401
[2026-09-23 14:04:31,988] INFO django.server basehttp: "GET /happy-workplace/manage/squares-words/ HTTP/1.1" 200 1076169
[2026-09-23 14:04:32,021] INFO django.server basehttp: "GET /static/css/design-system.css?v=1790147071 HTTP/1.1" 200 7762
[2026-09-23 14:04:32,023] INFO django.server basehttp: "GET /static/css/app-shell.css?v=1790147071 HTTP/1.1" 200 40556
[2026-09-23 14:04:32,024] INFO django.server basehttp: "GET /static/css/happy_workplace.css?v=1790147071 HTTP/1.1" 200 38401
[2026-09-23 14:04:40,492] INFO django.server basehttp: "GET /happy-workplace/manage/squares-words/?q=&cat=C HTTP/1.1" 200 14367
[2026-09-23 14:04:40,524] INFO django.server basehttp: "GET /static/css/design-system.css?v=1790147080 HTTP/1.1" 200 7762
[2026-09-23 14:04:40,524] INFO django.server basehttp: "GET /static/css/happy_workplace.css?v=1790147080 HTTP/1.1" 200 38401
[2026-09-23 14:04:40,525] INFO django.server basehttp: "GET /static/css/app-shell.css?v=1790147080 HTTP/1.1" 200 40556
[2026-09-23 14:04:51,423] INFO django.server basehttp: "GET /happy-workplace/manage/squares-words/?q=&cat=E HTTP/1.1" 200 181423
[2026-09-23 14:04:51,447] INFO django.server basehttp: "GET /static/css/design-system.css?v=1790147091 HTTP/1.1" 200 7762
[2026-09-23 14:04:51,448] INFO django.server basehttp: "GET /static/css/app-shell.css?v=1790147091 HTTP/1.1" 200 40556
[2026-09-23 14:04:51,448] INFO django.server basehttp: "GET /static/css/happy_workplace.css?v=1790147091 HTTP/1.1" 200 38401
[2026-09-23 14:04:59,571] INFO django.server basehttp: "GET /happy-workplace/manage/squares-words/?q=&cat=H HTTP/1.1" 200 176456
[2026-09-23 14:04:59,605] INFO django.server basehttp: "GET /static/css/design-system.css?v=1790147099 HTTP/1.1" 200 7762
[2026-09-23 14:04:59,606] INFO django.server basehttp: "GET /static/css/happy_workplace.css?v=1790147099 HTTP/1.1" 200 38401
[2026-09-23 14:04:59,606] INFO django.server basehttp: "GET /static/css/app-shell.css?v=1790147099 HTTP/1.1" 200 40556
[2026-09-23 14:05:14,038] INFO django.server basehttp: "GET /happy-workplace/manage/squares-words/?q=&cat=T HTTP/1.1" 200 191418
[2026-09-23 14:05:14,070] INFO django.server basehttp: "GET /static/css/design-system.css?v=1790147114 HTTP/1.1" 200 7762
[2026-09-23 14:05:14,071] INFO django.server basehttp: "GET /static/css/app-shell.css?v=1790147114 HTTP/1.1" 200 40556
[2026-09-23 14:05:14,072] INFO django.server basehttp: "GET /static/css/happy_workplace.css?v=1790147114 HTTP/1.1" 200 38401
[2026-09-23 14:05:20,638] INFO django.server basehttp: "GET /happy-workplace/manage/squares-words/?q=&cat=F HTTP/1.1" 200 224494
[2026-09-23 14:05:20,665] INFO django.server basehttp: "GET /static/css/design-system.css?v=1790147120 HTTP/1.1" 200 7762
[2026-09-23 14:05:20,665] INFO django.server basehttp: "GET /static/css/app-shell.css?v=1790147120 HTTP/1.1" 200 40556
[2026-09-23 14:05:20,666] INFO django.server basehttp: "GET /static/css/happy_workplace.css?v=1790147120 HTTP/1.1" 200 38401
[2026-09-23 14:05:26,157] INFO django.server basehttp: "GET /happy-workplace/manage/squares-words/?q=&cat= HTTP/1.1" 200 1076169
[2026-09-23 14:05:26,186] INFO django.server basehttp: "GET /static/css/design-system.css?v=1790147126 HTTP/1.1" 200 7762
[2026-09-23 14:05:26,186] INFO django.server basehttp: "GET /static/css/app-shell.css?v=1790147126 HTTP/1.1" 200 40556
[2026-09-23 14:05:26,186] INFO django.server basehttp: "GET /static/css/happy_workplace.css?v=1790147126 HTTP/1.1" 200 38401
[2026-09-23 14:05:29,867] INFO django.server basehttp: "GET /happy-workplace/manage/squares-words/?q=&cat= HTTP/1.1" 200 1076169
[2026-09-23 14:05:29,900] INFO django.server basehttp: "GET /static/css/design-system.css?v=1790147129 HTTP/1.1" 200 7762
[2026-09-23 14:05:29,902] INFO django.server basehttp: "GET /static/css/app-shell.css?v=1790147129 HTTP/1.1" 200 40556
[2026-09-23 14:05:29,902] INFO django.server basehttp: "GET /static/css/happy_workplace.css?v=1790147129 HTTP/1.1" 200 38401
[2026-09-23 14:05:32,314] INFO django.server basehttp: "GET / HTTP/1.1" 200 33362
[2026-09-23 14:05:32,352] INFO django.server basehttp: "GET /static/css/design-system.css?v=1790147132 HTTP/1.1" 200 7762
[2026-09-23 14:05:32,352] INFO django.server basehttp: "GET /static/css/home.css?v=1790147132 HTTP/1.1" 200 16370
[2026-09-23 14:05:34,712] INFO django.server basehttp: "GET /internal/ HTTP/1.1" 200 9454
[2026-09-23 14:05:34,743] INFO django.server basehttp: "GET /static/css/design-system.css?v=1790147134 HTTP/1.1" 200 7762
[2026-09-23 14:05:34,743] INFO django.server basehttp: "GET /static/css/app-shell.css?v=1790147134 HTTP/1.1" 200 40556
[2026-09-23 14:10:42,585] INFO django.server basehttp: "GET / HTTP/1.1" 200 33362
[2026-09-23 14:10:42,619] INFO django.server basehttp: "GET /static/css/design-system.css?v=1790147442 HTTP/1.1" 200 7762
[2026-09-23 14:10:42,620] INFO django.server basehttp: "GET /static/css/home.css?v=1790147442 HTTP/1.1" 200 16370
[2026-09-23 14:10:50,126] INFO django.server basehttp: "GET /documents/ HTTP/1.1" 200 22239
[2026-09-23 14:10:50,185] INFO django.server basehttp: "GET /static/css/design-system.css?v=1790147450 HTTP/1.1" 200 7762
[2026-09-23 14:10:50,186] INFO django.server basehttp: "GET /static/css/app-shell.css?v=1790147450 HTTP/1.1" 200 40556
[2026-09-23 14:10:54,616] INFO django.server basehttp: "GET /documents/specs/ HTTP/1.1" 200 11960
[2026-09-23 14:10:54,642] INFO django.server basehttp: "GET /static/css/design-system.css?v=1790147454 HTTP/1.1" 200 7762
[2026-09-23 14:10:54,643] INFO django.server basehttp: "GET /static/css/app-shell.css?v=1790147454 HTTP/1.1" 200 40556
[2026-09-23 14:10:58,197] INFO django.server basehttp: "GET /documents/ HTTP/1.1" 200 22239
[2026-09-23 14:10:58,230] INFO django.server basehttp: "GET /static/css/design-system.css?v=1790147458 HTTP/1.1" 200 7762
[2026-09-23 14:10:58,231] INFO django.server basehttp: "GET /static/css/app-shell.css?v=1790147458 HTTP/1.1" 200 40556
[2026-09-23 14:11:34,109] INFO django.server basehttp: "GET / HTTP/1.1" 200 33362
[2026-09-23 14:11:34,147] INFO django.server basehttp: "GET /static/css/design-system.css?v=1790147494 HTTP/1.1" 200 7762
[2026-09-23 14:11:34,147] INFO django.server basehttp: "GET /static/css/home.css?v=1790147494 HTTP/1.1" 200 16370
[2026-09-23 14:11:38,408] INFO django.server basehttp: "GET /documents/ HTTP/1.1" 200 22239
[2026-09-23 14:11:38,439] INFO django.server basehttp: "GET /static/css/design-system.css?v=1790147498 HTTP/1.1" 200 7762
[2026-09-23 14:11:38,440] INFO django.server basehttp: "GET /static/css/app-shell.css?v=1790147498 HTTP/1.1" 200 40556
[2026-09-23 14:12:14,175] INFO django.server basehttp: "GET /happy-workplace/ HTTP/1.1" 200 17503
[2026-09-23 14:12:14,215] INFO django.server basehttp: "GET /static/css/design-system.css?v=1790147534 HTTP/1.1" 200 7762
[2026-09-23 14:12:14,216] INFO django.server basehttp: "GET /static/css/app-shell.css?v=1790147534 HTTP/1.1" 200 40556
[2026-09-23 14:12:14,217] INFO django.server basehttp: "GET /static/css/happy_workplace.css?v=1790147534 HTTP/1.1" 200 38401
[2026-09-23 14:12:17,674] INFO django.server basehttp: "GET /utilities/ HTTP/1.1" 200 13870
[2026-09-23 14:12:17,716] INFO django.server basehttp: "GET /static/css/design-system.css?v=1790147537 HTTP/1.1" 200 7762
[2026-09-23 14:12:17,718] INFO django.server basehttp: "GET /static/css/app-shell.css?v=1790147537 HTTP/1.1" 200 40556
[2026-09-23 14:12:26,395] INFO django.server basehttp: "GET /media/about/ChatGPT_Image_Sep_23_2026_10_22_00_AM.png HTTP/1.1" 304 0
[2026-09-23 14:12:31,242] INFO django.server basehttp: "GET /internal/ HTTP/1.1" 200 9454
[2026-09-23 14:12:31,267] INFO django.server basehttp: "GET /static/css/app-shell.css?v=1790147551 HTTP/1.1" 200 40556
[2026-09-23 14:12:31,270] INFO django.server basehttp: "GET /static/css/design-system.css?v=1790147551 HTTP/1.1" 200 7762
[2026-09-23 14:14:08,060] INFO django.server basehttp: "GET /internal/ HTTP/1.1" 200 9454
[2026-09-23 14:14:08,084] INFO django.server basehttp: "GET /static/css/design-system.css?v=1790147648 HTTP/1.1" 200 7762
[2026-09-23 14:14:08,085] INFO django.server basehttp: "GET /static/css/app-shell.css?v=1790147648 HTTP/1.1" 200 40556
[2026-09-23 14:14:09,532] INFO django.server basehttp: "GET /internal/ HTTP/1.1" 200 9454
[2026-09-23 14:14:09,553] INFO django.server basehttp: "GET /static/css/design-system.css?v=1790147649 HTTP/1.1" 200 7762
[2026-09-23 14:14:09,554] INFO django.server basehttp: "GET /static/css/app-shell.css?v=1790147649 HTTP/1.1" 200 40556
[2026-09-23 14:15:21,156] INFO django.server basehttp: "GET /internal/ HTTP/1.1" 200 9454
[2026-09-23 14:15:21,181] INFO django.server basehttp: "GET /static/css/design-system.css?v=1790147721 HTTP/1.1" 200 7762
[2026-09-23 14:15:21,181] INFO django.server basehttp: "GET /static/css/app-shell.css?v=1790147721 HTTP/1.1" 200 40556
[2026-09-23 14:15:24,104] INFO django.server basehttp: "GET /audit/ HTTP/1.1" 200 14673
[2026-09-23 14:15:24,132] INFO django.server basehttp: "GET /static/css/design-system.css?v=1790147724 HTTP/1.1" 200 7762
[2026-09-23 14:15:24,132] INFO django.server basehttp: "GET /static/css/app-shell.css?v=1790147724 HTTP/1.1" 200 40556
[2026-09-23 14:15:28,265] INFO django.server basehttp: "GET /settings/home-appearance/ HTTP/1.1" 200 19919
[2026-09-23 14:15:28,298] INFO django.server basehttp: "GET /static/css/design-system.css?v=1790147728 HTTP/1.1" 200 7762
[2026-09-23 14:15:28,299] INFO django.server basehttp: "GET /media/modules/processed/Happy.gif HTTP/1.1" 304 0
[2026-09-23 14:15:28,300] INFO django.server basehttp: "GET /static/css/app-shell.css?v=1790147728 HTTP/1.1" 200 40556
[2026-09-23 14:15:33,687] INFO django.server basehttp: "GET /certificates/ HTTP/1.1" 200 4830
[2026-09-23 14:15:33,715] INFO django.server basehttp: "GET /static/css/design-system.css?v=1790147733 HTTP/1.1" 200 7762
[2026-09-23 14:15:33,716] INFO django.server basehttp: "GET /static/css/app-shell.css?v=1790147733 HTTP/1.1" 200 40556
[2026-09-23 14:15:34,562] INFO django.server basehttp: "GET /employees/ HTTP/1.1" 200 4912
[2026-09-23 14:15:34,588] INFO django.server basehttp: "GET /static/css/design-system.css?v=1790147734 HTTP/1.1" 200 7762
[2026-09-23 14:15:34,589] INFO django.server basehttp: "GET /static/css/app-shell.css?v=1790147734 HTTP/1.1" 200 40556
[2026-09-23 14:15:35,378] INFO django.server basehttp: "GET /documents/ HTTP/1.1" 200 22239
[2026-09-23 14:15:35,408] INFO django.server basehttp: "GET /static/css/design-system.css?v=1790147735 HTTP/1.1" 200 7762
[2026-09-23 14:15:35,409] INFO django.server basehttp: "GET /static/css/app-shell.css?v=1790147735 HTTP/1.1" 200 40556
[2026-09-23 14:15:37,688] INFO django.server basehttp: "GET /documents/?category=dev&sort=recent HTTP/1.1" 200 15192
[2026-09-23 14:15:37,714] INFO django.server basehttp: "GET /static/css/design-system.css?v=1790147737 HTTP/1.1" 200 7762
[2026-09-23 14:15:37,715] INFO django.server basehttp: "GET /static/css/app-shell.css?v=1790147737 HTTP/1.1" 200 40556
[2026-09-23 14:15:38,375] INFO django.server basehttp: "GET /documents/?category=mass&sort=recent HTTP/1.1" 200 17453
[2026-09-23 14:15:38,407] INFO django.server basehttp: "GET /static/css/design-system.css?v=1790147738 HTTP/1.1" 200 7762
[2026-09-23 14:15:38,408] INFO django.server basehttp: "GET /static/css/app-shell.css?v=1790147738 HTTP/1.1" 200 40556
[2026-09-23 14:15:39,688] INFO django.server basehttp: "GET /documents/specs/ HTTP/1.1" 200 11960
[2026-09-23 14:15:39,717] INFO django.server basehttp: "GET /static/css/design-system.css?v=1790147739 HTTP/1.1" 200 7762
[2026-09-23 14:15:39,717] INFO django.server basehttp: "GET /static/css/app-shell.css?v=1790147739 HTTP/1.1" 200 40556
[2026-09-23 14:15:43,680] INFO django.server basehttp: "GET /documents/ HTTP/1.1" 200 22239
[2026-09-23 14:15:43,709] INFO django.server basehttp: "GET /static/css/design-system.css?v=1790147743 HTTP/1.1" 200 7762
[2026-09-23 14:15:43,711] INFO django.server basehttp: "GET /static/css/app-shell.css?v=1790147743 HTTP/1.1" 200 40556
[2026-09-23 14:15:47,572] INFO django.server basehttp: "GET / HTTP/1.1" 200 33362
[2026-09-23 14:15:47,602] INFO django.server basehttp: "GET /static/css/design-system.css?v=1790147747 HTTP/1.1" 200 7762
[2026-09-23 14:15:47,602] INFO django.server basehttp: "GET /static/css/home.css?v=1790147747 HTTP/1.1" 200 16370
[2026-09-23 14:15:49,412] INFO django.server basehttp: "GET /internal/ HTTP/1.1" 200 9454
[2026-09-23 14:15:49,439] INFO django.server basehttp: "GET /static/css/design-system.css?v=1790147749 HTTP/1.1" 200 7762
[2026-09-23 14:15:49,440] INFO django.server basehttp: "GET /static/css/app-shell.css?v=1790147749 HTTP/1.1" 200 40556
[2026-09-23 14:17:45,489] INFO django.server basehttp: "GET /internal/ HTTP/1.1" 200 9454
[2026-09-23 14:17:45,513] INFO django.server basehttp: "GET /static/css/design-system.css?v=1790147865 HTTP/1.1" 200 7762
[2026-09-23 14:17:45,514] INFO django.server basehttp: "GET /static/css/app-shell.css?v=1790147865 HTTP/1.1" 200 40556
[2026-09-23 14:20:29,973] INFO django.server basehttp: "HEAD / HTTP/1.1" 200 0
[2026-09-23 14:20:30,346] INFO django.server basehttp: "GET / HTTP/1.1" 200 33023
[2026-09-23 14:20:30,363] INFO django.server basehttp: "GET /static/css/design-system.css?v=1790148030 HTTP/1.1" 200 7762
[2026-09-23 14:20:30,366] INFO django.server basehttp: "GET /static/css/home.css?v=1790148030 HTTP/1.1" 200 16370
[2026-09-23 14:20:30,420] INFO django.server basehttp: "GET /media/modules/processed/Happy.gif HTTP/1.1" 304 0
[2026-09-23 14:20:30,558] WARNING django.server basehttp: "GET /favicon.ico HTTP/1.1" 404 6062
[2026-09-23 14:20:44,223] INFO django.server basehttp: "GET /login/ HTTP/1.1" 200 4891
[2026-09-23 14:20:44,240] INFO django.server basehttp: "GET /static/css/home.css?v=1790148044 HTTP/1.1" 200 16370
[2026-09-23 14:20:44,240] INFO django.server basehttp: "GET /static/css/design-system.css?v=1790148044 HTTP/1.1" 200 7762
[2026-09-23 14:20:44,271] WARNING django.server basehttp: "GET /favicon.ico HTTP/1.1" 404 6062
[2026-09-23 14:20:53,594] INFO django.server basehttp: "POST /login/ HTTP/1.1" 302 0
[2026-09-23 14:20:53,633] INFO django.server basehttp: "GET /dashboard/ HTTP/1.1" 200 8910
[2026-09-23 14:20:53,651] INFO django.server basehttp: "GET /static/css/design-system.css?v=1790148053 HTTP/1.1" 200 7762
[2026-09-23 14:20:54,659] INFO django.server basehttp: "GET /static/css/app-shell.css?v=1790148053 HTTP/1.1" 200 40556
[2026-09-23 14:20:54,688] WARNING django.server basehttp: "GET /favicon.ico HTTP/1.1" 404 6062
[2026-09-23 14:20:55,728] INFO django.server basehttp: "GET /spare-parts/ HTTP/1.1" 200 61195
[2026-09-23 14:20:55,747] INFO django.server basehttp: "GET /static/css/design-system.css?v=1790148055 HTTP/1.1" 200 7762
[2026-09-23 14:20:55,748] INFO django.server basehttp: "GET /static/css/app-shell.css?v=1790148055 HTTP/1.1" 200 40556
[2026-09-23 14:20:55,749] INFO django.server basehttp: "GET /static/css/spare_parts.css HTTP/1.1" 200 13111
[2026-09-23 14:20:55,756] INFO django.server basehttp: "GET /static/js/spare_parts.js HTTP/1.1" 200 34165
[2026-09-23 14:20:56,084] WARNING django.server basehttp: "GET /favicon.ico HTTP/1.1" 404 6062
[2026-09-23 14:21:37,329] INFO django.server basehttp: "POST /spare-parts/api/transaction/ HTTP/1.1" 200 502
[2026-09-23 14:22:38,195] INFO django.server basehttp: "GET /internal/ HTTP/1.1" 200 9341
[2026-09-23 14:22:38,220] INFO django.server basehttp: "GET /static/css/design-system.css?v=1790148158 HTTP/1.1" 200 7762
[2026-09-23 14:22:38,220] INFO django.server basehttp: "GET /static/css/app-shell.css?v=1790148158 HTTP/1.1" 200 40556
[2026-09-23 14:22:39,925] INFO django.server basehttp: "GET /spare-parts/ HTTP/1.1" 200 61345
[2026-09-23 14:22:39,952] INFO django.server basehttp: "GET /static/css/design-system.css?v=1790148159 HTTP/1.1" 200 7762
[2026-09-23 14:22:39,956] INFO django.server basehttp: "GET /static/css/app-shell.css?v=1790148159 HTTP/1.1" 200 40556
[2026-09-23 14:22:39,960] INFO django.server basehttp: "GET /static/css/spare_parts.css HTTP/1.1" 200 13111
[2026-09-23 14:22:39,961] INFO django.server basehttp: "GET /static/js/spare_parts.js HTTP/1.1" 200 34165
[2026-09-23 14:23:42,884] INFO django.server basehttp: "HEAD / HTTP/1.1" 200 0
[2026-09-23 14:23:43,246] INFO django.server basehttp: "GET / HTTP/1.1" 200 33023
[2026-09-23 14:23:43,261] INFO django.server basehttp: "GET /static/css/design-system.css?v=1790148223 HTTP/1.1" 200 7762
[2026-09-23 14:23:43,265] INFO django.server basehttp: "GET /static/css/home.css?v=1790148223 HTTP/1.1" 200 16370
[2026-09-23 14:23:43,357] WARNING django.server basehttp: "GET /favicon.ico HTTP/1.1" 404 6062
[2026-09-23 14:23:44,514] INFO django.server basehttp: "GET /internal/ HTTP/1.1" 200 9341
[2026-09-23 14:23:44,552] INFO django.server basehttp: "GET /static/css/design-system.css?v=1790148224 HTTP/1.1" 200 7762
[2026-09-23 14:23:44,553] INFO django.server basehttp: "GET /static/css/app-shell.css?v=1790148224 HTTP/1.1" 200 40556
[2026-09-23 14:23:45,983] INFO django.server basehttp: "GET /spare-parts/ HTTP/1.1" 200 61176
[2026-09-23 14:23:46,017] INFO django.server basehttp: "GET /static/css/spare_parts.css HTTP/1.1" 304 0
[2026-09-23 14:23:46,018] INFO django.server basehttp: "GET /static/css/design-system.css?v=1790148225 HTTP/1.1" 200 7762
[2026-09-23 14:23:46,018] INFO django.server basehttp: "GET /static/css/app-shell.css?v=1790148225 HTTP/1.1" 200 40556
[2026-09-23 14:23:46,063] INFO django.server basehttp: "GET /static/js/spare_parts.js HTTP/1.1" 304 0
[2026-09-23 14:34:39,519] INFO django.server basehttp: "HEAD / HTTP/1.1" 200 0
[2026-09-23 14:34:39,881] INFO django.server basehttp: "GET / HTTP/1.1" 200 33023
[2026-09-23 14:34:39,895] INFO django.server basehttp: "GET /static/css/design-system.css?v=1790148879 HTTP/1.1" 200 7762
[2026-09-23 14:34:39,898] INFO django.server basehttp: "GET /static/css/home.css?v=1790148879 HTTP/1.1" 200 16370
[2026-09-23 14:34:39,903] INFO django.server basehttp: "GET /media/hero/Gemini_Image.jpg HTTP/1.1" 304 0
[2026-09-23 14:34:39,905] INFO django.server basehttp: "GET /media/modules/processed/Doc.gif HTTP/1.1" 304 0
[2026-09-23 14:34:39,910] INFO django.server basehttp: "GET /media/modules/processed/Manpower.gif HTTP/1.1" 304 0
[2026-09-23 14:34:39,913] INFO django.server basehttp: "GET /media/modules/processed/Cer.gif HTTP/1.1" 304 0
[2026-09-23 14:34:39,915] INFO django.server basehttp: "GET /media/modules/processed/Analytics.gif HTTP/1.1" 304 0
[2026-09-23 14:34:39,917] INFO django.server basehttp: "GET /media/modules/processed/Tool2.gif HTTP/1.1" 304 0
[2026-09-23 14:34:39,932] WARNING django.server basehttp: "GET /favicon.ico HTTP/1.1" 404 6062
[2026-09-23 14:34:51,831] INFO django.server basehttp: "GET /login/ HTTP/1.1" 200 4891
[2026-09-23 14:34:51,843] INFO django.server basehttp: "GET /static/css/design-system.css?v=1790148891 HTTP/1.1" 200 7762
[2026-09-23 14:34:51,843] INFO django.server basehttp: "GET /static/css/home.css?v=1790148891 HTTP/1.1" 200 16370
[2026-09-23 14:34:51,858] WARNING django.server basehttp: "GET /favicon.ico HTTP/1.1" 404 6062
[2026-09-23 14:35:08,239] INFO django.server basehttp: "POST /login/ HTTP/1.1" 302 0
[2026-09-23 14:35:08,266] INFO django.server basehttp: "GET /dashboard/ HTTP/1.1" 200 8924
[2026-09-23 14:35:08,282] INFO django.server basehttp: "GET /static/css/design-system.css?v=1790148908 HTTP/1.1" 200 7762
[2026-09-23 14:35:08,282] INFO django.server basehttp: "GET /static/css/app-shell.css?v=1790148908 HTTP/1.1" 200 40556
[2026-09-23 14:35:08,328] WARNING django.server basehttp: "GET /favicon.ico HTTP/1.1" 404 6062
[2026-09-23 14:35:10,505] INFO django.server basehttp: "GET /spare-parts/ HTTP/1.1" 200 61880
[2026-09-23 14:35:10,519] INFO django.server basehttp: "GET /static/css/spare_parts.css HTTP/1.1" 200 13820
[2026-09-23 14:35:10,519] INFO django.server basehttp: "GET /static/css/design-system.css?v=1790148910 HTTP/1.1" 200 7762
[2026-09-23 14:35:10,520] INFO django.server basehttp: "GET /static/css/app-shell.css?v=1790148910 HTTP/1.1" 200 40556
[2026-09-23 14:35:10,520] INFO django.server basehttp: "GET /static/js/spare_parts.js HTTP/1.1" 200 35412
[2026-09-23 14:35:10,603] WARNING django.server basehttp: "GET /favicon.ico HTTP/1.1" 404 6062
[2026-09-23 14:35:31,208] INFO django.server basehttp: "GET /spare-parts/ HTTP/1.1" 200 61866
[2026-09-23 14:35:31,243] INFO django.server basehttp: "GET /static/css/design-system.css?v=1790148931 HTTP/1.1" 200 7762
[2026-09-23 14:35:31,244] INFO django.server basehttp: "GET /static/css/app-shell.css?v=1790148931 HTTP/1.1" 200 40556
[2026-09-23 14:35:31,249] INFO django.server basehttp: "GET /static/css/spare_parts.css HTTP/1.1" 200 13820
[2026-09-23 14:35:31,250] INFO django.server basehttp: "GET /static/js/spare_parts.js HTTP/1.1" 200 35412
[2026-09-23 14:36:52,441] INFO django.server basehttp: "GET /spare-parts/ HTTP/1.1" 200 61880
[2026-09-23 14:36:52,456] INFO django.server basehttp: "GET /static/js/spare_parts.js HTTP/1.1" 304 0
[2026-09-23 14:36:52,458] INFO django.server basehttp: "GET /static/css/design-system.css?v=1790149012 HTTP/1.1" 200 7762
[2026-09-23 14:36:52,458] INFO django.server basehttp: "GET /static/css/spare_parts.css HTTP/1.1" 200 13821
[2026-09-23 14:36:52,458] INFO django.server basehttp: "GET /static/css/app-shell.css?v=1790149012 HTTP/1.1" 200 40556
[2026-09-23 14:36:52,515] WARNING django.server basehttp: "GET /favicon.ico HTTP/1.1" 404 6062
[2026-09-23 14:38:22,256] INFO django.server basehttp: "GET /spare-parts/ HTTP/1.1" 200 61880
[2026-09-23 14:38:22,463] INFO django.server basehttp: "GET /static/css/design-system.css?v=1790149102 HTTP/1.1" 200 7762
[2026-09-23 14:38:22,464] INFO django.server basehttp: "GET /static/css/app-shell.css?v=1790149102 HTTP/1.1" 200 40556
[2026-09-23 14:38:22,465] INFO django.server basehttp: "GET /static/css/spare_parts.css HTTP/1.1" 304 0
[2026-09-23 14:38:22,469] INFO django.server basehttp: "GET /static/js/spare_parts.js HTTP/1.1" 304 0
[2026-09-23 14:38:22,698] WARNING django.server basehttp: "GET /favicon.ico HTTP/1.1" 404 6062
[2026-09-23 14:40:17,928] INFO django.server basehttp: "GET /spare-parts/ HTTP/1.1" 200 61866
[2026-09-23 14:40:17,963] INFO django.server basehttp: "GET /static/js/spare_parts.js HTTP/1.1" 304 0
[2026-09-23 14:40:17,965] INFO django.server basehttp: "GET /static/css/design-system.css?v=1790149217 HTTP/1.1" 200 7762
[2026-09-23 14:40:17,965] INFO django.server basehttp: "GET /static/css/spare_parts.css HTTP/1.1" 200 13821
[2026-09-23 14:40:17,966] INFO django.server basehttp: "GET /static/css/app-shell.css?v=1790149217 HTTP/1.1" 200 40556
[2026-09-23 14:44:59,189] INFO django.server basehttp: "HEAD / HTTP/1.1" 200 0
[2026-09-23 14:44:59,551] INFO django.server basehttp: "GET / HTTP/1.1" 200 33023
[2026-09-23 14:44:59,567] INFO django.server basehttp: "GET /static/css/design-system.css?v=1790149499 HTTP/1.1" 200 7762
[2026-09-23 14:44:59,570] INFO django.server basehttp: "GET /static/css/home.css?v=1790149499 HTTP/1.1" 200 16370
[2026-09-23 14:44:59,571] INFO django.server basehttp: "GET /static/img/standards/egat-no5.png HTTP/1.1" 304 0
[2026-09-23 14:44:59,572] INFO django.server basehttp: "GET /static/img/standards/tisi.png HTTP/1.1" 304 0
[2026-09-23 14:44:59,572] INFO django.server basehttp: "GET /static/img/standards/ahri.png HTTP/1.1" 304 0
[2026-09-23 14:44:59,573] INFO django.server basehttp: "GET /static/img/standards/ilac-nsc.png HTTP/1.1" 304 0
[2026-09-23 14:44:59,576] INFO django.server basehttp: "GET /media/modules/processed/Happy.gif HTTP/1.1" 304 0
[2026-09-23 14:44:59,600] WARNING django.server basehttp: "GET /favicon.ico HTTP/1.1" 404 6062
[2026-09-23 14:45:13,322] INFO django.server basehttp: "GET /login/ HTTP/1.1" 200 4891
[2026-09-23 14:45:13,333] INFO django.server basehttp: "GET /static/css/design-system.css?v=1790149513 HTTP/1.1" 200 7762
[2026-09-23 14:45:13,334] INFO django.server basehttp: "GET /static/css/home.css?v=1790149513 HTTP/1.1" 200 16370
[2026-09-23 14:45:13,349] WARNING django.server basehttp: "GET /favicon.ico HTTP/1.1" 404 6062
[2026-09-23 14:45:23,424] INFO django.server basehttp: "POST /login/ HTTP/1.1" 302 0
[2026-09-23 14:45:23,445] INFO django.server basehttp: "GET /dashboard/ HTTP/1.1" 200 8938
[2026-09-23 14:45:23,462] INFO django.server basehttp: "GET /static/css/design-system.css?v=1790149523 HTTP/1.1" 200 7762
[2026-09-23 14:45:23,462] INFO django.server basehttp: "GET /static/css/app-shell.css?v=1790149523 HTTP/1.1" 200 40556
[2026-09-23 14:45:23,481] WARNING django.server basehttp: "GET /favicon.ico HTTP/1.1" 404 6062
[2026-09-23 14:45:25,728] INFO django.server basehttp: "GET /spare-parts/ HTTP/1.1" 200 62123
[2026-09-23 14:45:25,741] INFO django.server basehttp: "GET /static/js/spare_parts.js HTTP/1.1" 304 0
[2026-09-23 14:45:25,742] INFO django.server basehttp: "GET /static/css/design-system.css?v=1790149525 HTTP/1.1" 200 7762
[2026-09-23 14:45:25,743] INFO django.server basehttp: "GET /static/css/spare_parts.css HTTP/1.1" 200 14038
[2026-09-23 14:45:25,743] INFO django.server basehttp: "GET /static/css/app-shell.css?v=1790149525 HTTP/1.1" 200 40556
[2026-09-23 14:45:25,804] WARNING django.server basehttp: "GET /favicon.ico HTTP/1.1" 404 6062
[2026-09-23 14:45:51,821] INFO django.server basehttp: "GET /spare-parts/ HTTP/1.1" 200 62123
[2026-09-23 14:45:52,030] INFO django.server basehttp: "GET /static/css/spare_parts.css HTTP/1.1" 304 0
[2026-09-23 14:45:52,032] INFO django.server basehttp: "GET /static/css/design-system.css?v=1790149551 HTTP/1.1" 200 7762
[2026-09-23 14:45:52,032] INFO django.server basehttp: "GET /static/css/app-shell.css?v=1790149551 HTTP/1.1" 200 40556
[2026-09-23 14:45:52,239] WARNING django.server basehttp: "GET /favicon.ico HTTP/1.1" 404 6062
[2026-09-23 14:46:30,185] INFO django.server basehttp: "GET /spare-parts/ HTTP/1.1" 200 62108
[2026-09-23 14:46:30,222] INFO django.server basehttp: "GET /static/css/design-system.css?v=1790149590 HTTP/1.1" 200 7762
[2026-09-23 14:46:30,223] INFO django.server basehttp: "GET /static/js/spare_parts.js HTTP/1.1" 304 0
[2026-09-23 14:46:30,223] INFO django.server basehttp: "GET /static/css/app-shell.css?v=1790149590 HTTP/1.1" 200 40556
[2026-09-23 14:46:30,223] INFO django.server basehttp: "GET /static/css/spare_parts.css HTTP/1.1" 200 14038
[2026-09-23 14:50:18,157] INFO django.server basehttp: "HEAD / HTTP/1.1" 200 0
[2026-09-23 14:50:18,525] INFO django.server basehttp: "GET / HTTP/1.1" 200 33023
[2026-09-23 14:50:18,545] INFO django.server basehttp: "GET /static/css/design-system.css?v=1790149818 HTTP/1.1" 200 7762
[2026-09-23 14:50:18,550] INFO django.server basehttp: "GET /static/css/home.css?v=1790149818 HTTP/1.1" 200 16370
[2026-09-23 14:50:18,586] WARNING django.server basehttp: "GET /favicon.ico HTTP/1.1" 404 6062
[2026-09-23 14:50:31,724] INFO django.server basehttp: "GET /login/ HTTP/1.1" 200 4891
[2026-09-23 14:50:31,737] INFO django.server basehttp: "GET /static/css/design-system.css?v=1790149831 HTTP/1.1" 200 7762
[2026-09-23 14:50:31,738] INFO django.server basehttp: "GET /static/css/home.css?v=1790149831 HTTP/1.1" 200 16370
[2026-09-23 14:50:31,753] WARNING django.server basehttp: "GET /favicon.ico HTTP/1.1" 404 6062
[2026-09-23 14:50:47,656] INFO django.server basehttp: "POST /login/ HTTP/1.1" 302 0
[2026-09-23 14:50:47,678] INFO django.server basehttp: "GET /dashboard/ HTTP/1.1" 200 8951
[2026-09-23 14:50:47,695] INFO django.server basehttp: "GET /static/css/design-system.css?v=1790149847 HTTP/1.1" 200 7762
[2026-09-23 14:50:47,696] INFO django.server basehttp: "GET /static/css/app-shell.css?v=1790149847 HTTP/1.1" 200 40556
[2026-09-23 14:50:47,715] WARNING django.server basehttp: "GET /favicon.ico HTTP/1.1" 404 6062
[2026-09-23 14:50:49,949] INFO django.server basehttp: "GET /spare-parts/ HTTP/1.1" 200 62026
[2026-09-23 14:50:49,963] INFO django.server basehttp: "GET /static/css/spare_parts.css HTTP/1.1" 200 14025
[2026-09-23 14:50:49,964] INFO django.server basehttp: "GET /static/css/design-system.css?v=1790149849 HTTP/1.1" 200 7762
[2026-09-23 14:50:49,964] INFO django.server basehttp: "GET /static/css/app-shell.css?v=1790149849 HTTP/1.1" 200 40556
[2026-09-23 14:50:49,967] INFO django.server basehttp: "GET /static/js/spare_parts.js HTTP/1.1" 200 36030
[2026-09-23 14:50:50,035] WARNING django.server basehttp: "GET /favicon.ico HTTP/1.1" 404 6062
[2026-09-23 14:51:04,371] INFO django.server basehttp: "GET /spare-parts/ HTTP/1.1" 200 62011
[2026-09-23 14:51:04,406] INFO django.server basehttp: "GET /static/css/design-system.css?v=1790149864 HTTP/1.1" 200 7762
[2026-09-23 14:51:04,407] INFO django.server basehttp: "GET /static/css/app-shell.css?v=1790149864 HTTP/1.1" 200 40556
[2026-09-23 14:51:04,408] INFO django.server basehttp: "GET /static/css/spare_parts.css HTTP/1.1" 200 14025
[2026-09-23 14:51:04,409] INFO django.server basehttp: "GET /static/js/spare_parts.js HTTP/1.1" 200 36030
[2026-09-23 14:51:13,051] INFO django.server basehttp: "GET /spare-parts/ HTTP/1.1" 200 62026
[2026-09-23 14:51:13,258] INFO django.server basehttp: "GET /static/css/design-system.css?v=1790149873 HTTP/1.1" 200 7762
[2026-09-23 14:51:13,259] INFO django.server basehttp: "GET /static/css/spare_parts.css HTTP/1.1" 304 0
[2026-09-23 14:51:13,260] INFO django.server basehttp: "GET /static/css/app-shell.css?v=1790149873 HTTP/1.1" 200 40556
[2026-09-23 14:51:13,264] INFO django.server basehttp: "GET /static/js/spare_parts.js HTTP/1.1" 304 0
[2026-09-23 14:51:13,489] WARNING django.server basehttp: "GET /favicon.ico HTTP/1.1" 404 6062
[2026-09-23 14:52:34,757] INFO django.server basehttp: "GET /spare-parts/ HTTP/1.1" 200 62011
[2026-09-23 14:52:34,788] INFO django.server basehttp: "GET /static/css/spare_parts.css HTTP/1.1" 304 0
[2026-09-23 14:52:34,788] INFO django.server basehttp: "GET /static/js/spare_parts.js HTTP/1.1" 304 0
[2026-09-23 14:52:34,790] INFO django.server basehttp: "GET /static/css/design-system.css?v=1790149954 HTTP/1.1" 200 7762
[2026-09-23 14:52:34,790] INFO django.server basehttp: "GET /static/css/app-shell.css?v=1790149954 HTTP/1.1" 200 40556
[2026-09-23 15:10:59,607] INFO django.server basehttp: "HEAD / HTTP/1.1" 200 0
[2026-09-23 15:10:59,978] INFO django.server basehttp: "GET / HTTP/1.1" 200 33023
[2026-09-23 15:10:59,997] INFO django.server basehttp: "GET /static/css/design-system.css?v=1790151059 HTTP/1.1" 200 7762
[2026-09-23 15:11:00,000] INFO django.server basehttp: "GET /static/css/home.css?v=1790151059 HTTP/1.1" 200 16370
[2026-09-23 15:11:00,008] INFO django.server basehttp: "GET /media/hero/Gemini_Image.jpg HTTP/1.1" 304 0
[2026-09-23 15:11:00,009] INFO django.server basehttp: "GET /media/modules/processed/Doc.gif HTTP/1.1" 304 0
[2026-09-23 15:11:00,011] INFO django.server basehttp: "GET /media/modules/processed/Manpower.gif HTTP/1.1" 304 0
[2026-09-23 15:11:00,012] INFO django.server basehttp: "GET /media/modules/processed/Cer.gif HTTP/1.1" 304 0
[2026-09-23 15:11:00,015] INFO django.server basehttp: "GET /media/modules/processed/Analytics.gif HTTP/1.1" 304 0
[2026-09-23 15:11:00,016] INFO django.server basehttp: "GET /media/modules/processed/Happy.gif HTTP/1.1" 304 0
[2026-09-23 15:11:00,019] INFO django.server basehttp: "GET /media/modules/processed/Tool2.gif HTTP/1.1" 304 0
[2026-09-23 15:11:00,059] WARNING django.server basehttp: "GET /favicon.ico HTTP/1.1" 404 6062
[2026-09-23 15:11:16,519] INFO django.server basehttp: "GET /login/ HTTP/1.1" 200 4891
[2026-09-23 15:11:16,539] INFO django.server basehttp: "GET /static/css/home.css?v=1790151076 HTTP/1.1" 200 16370
[2026-09-23 15:11:16,541] INFO django.server basehttp: "GET /static/css/design-system.css?v=1790151076 HTTP/1.1" 200 7762
[2026-09-23 15:11:16,564] WARNING django.server basehttp: "GET /favicon.ico HTTP/1.1" 404 6062
[2026-09-23 15:11:33,820] INFO django.server basehttp: "POST /login/ HTTP/1.1" 302 0
[2026-09-23 15:11:33,870] INFO django.server basehttp: "GET /dashboard/ HTTP/1.1" 200 8964
[2026-09-23 15:11:33,891] INFO django.server basehttp: "GET /static/css/design-system.css?v=1790151093 HTTP/1.1" 200 7762
[2026-09-23 15:11:33,892] INFO django.server basehttp: "GET /static/css/app-shell.css?v=1790151093 HTTP/1.1" 200 40556
[2026-09-23 15:11:33,913] WARNING django.server basehttp: "GET /favicon.ico HTTP/1.1" 404 6062
[2026-09-23 15:11:36,217] INFO django.server basehttp: "GET /spare-parts/ HTTP/1.1" 200 62039
[2026-09-23 15:11:36,233] INFO django.server basehttp: "GET /static/css/design-system.css?v=1790151096 HTTP/1.1" 200 7762
[2026-09-23 15:11:36,233] INFO django.server basehttp: "GET /static/css/app-shell.css?v=1790151096 HTTP/1.1" 200 40556
[2026-09-23 15:11:36,234] INFO django.server basehttp: "GET /static/css/spare_parts.css HTTP/1.1" 200 14311
[2026-09-23 15:11:36,238] INFO django.server basehttp: "GET /static/js/spare_parts.js HTTP/1.1" 200 36687
[2026-09-23 15:11:36,360] WARNING django.server basehttp: "GET /favicon.ico HTTP/1.1" 404 6062
[2026-09-23 15:11:51,854] INFO django.server basehttp: "GET /spare-parts/ HTTP/1.1" 200 62024
[2026-09-23 15:11:51,886] INFO django.server basehttp: "GET /static/css/design-system.css?v=1790151111 HTTP/1.1" 200 7762
[2026-09-23 15:11:51,888] INFO django.server basehttp: "GET /static/css/app-shell.css?v=1790151111 HTTP/1.1" 200 40556
[2026-09-23 15:11:51,890] INFO django.server basehttp: "GET /static/css/spare_parts.css HTTP/1.1" 200 14311
[2026-09-23 15:11:51,891] INFO django.server basehttp: "GET /static/js/spare_parts.js HTTP/1.1" 200 36687
[2026-09-23 15:13:09,101] INFO django.server basehttp: "HEAD / HTTP/1.1" 200 0
[2026-09-23 15:13:09,493] INFO django.server basehttp: "GET / HTTP/1.1" 200 33377
[2026-09-23 15:13:09,515] INFO django.server basehttp: "GET /static/css/design-system.css?v=1790151189 HTTP/1.1" 200 7762
[2026-09-23 15:13:09,518] INFO django.server basehttp: "GET /static/css/home.css?v=1790151189 HTTP/1.1" 200 16370
[2026-09-23 15:13:09,555] WARNING django.server basehttp: "GET /favicon.ico HTTP/1.1" 404 6062
[2026-09-23 15:13:09,680] INFO django.server basehttp: "GET /spare-parts/ HTTP/1.1" 200 62084
[2026-09-23 15:13:09,701] INFO django.server basehttp: "GET /static/css/spare_parts.css?v=1790151189 HTTP/1.1" 200 14350
[2026-09-23 15:13:09,702] INFO django.server basehttp: "GET /static/css/app-shell.css?v=1790151189 HTTP/1.1" 200 40556
[2026-09-23 15:13:09,705] INFO django.server basehttp: "GET /static/js/spare_parts.js?v=1790151189 HTTP/1.1" 200 36687
[2026-09-23 15:13:09,802] WARNING django.server basehttp: "GET /favicon.ico HTTP/1.1" 404 6062
[2026-09-23 15:13:55,895] INFO django.server basehttp: "GET /spare-parts/ HTTP/1.1" 200 62069
[2026-09-23 15:13:55,923] INFO django.server basehttp: "GET /static/css/design-system.css?v=1790151235 HTTP/1.1" 200 7762
[2026-09-23 15:13:55,923] INFO django.server basehttp: "GET /static/css/app-shell.css?v=1790151235 HTTP/1.1" 200 40556
[2026-09-23 15:13:55,926] INFO django.server basehttp: "GET /static/css/spare_parts.css?v=1790151235 HTTP/1.1" 200 14350
[2026-09-23 15:13:55,927] INFO django.server basehttp: "GET /static/js/spare_parts.js?v=1790151235 HTTP/1.1" 200 36687
[2026-09-23 15:14:17,256] INFO django.server basehttp: "HEAD / HTTP/1.1" 200 0
[2026-09-23 15:14:17,636] INFO django.server basehttp: "GET / HTTP/1.1" 200 33377
[2026-09-23 15:14:17,659] INFO django.server basehttp: "GET /static/css/design-system.css?v=1790151257 HTTP/1.1" 200 7762
[2026-09-23 15:14:17,663] INFO django.server basehttp: "GET /static/css/home.css?v=1790151257 HTTP/1.1" 200 16370
[2026-09-23 15:14:17,701] WARNING django.server basehttp: "GET /favicon.ico HTTP/1.1" 404 6062
[2026-09-23 15:14:18,782] INFO django.server basehttp: "GET /spare-parts/ HTTP/1.1" 200 62084
[2026-09-23 15:14:18,848] INFO django.server basehttp: "GET /static/css/design-system.css?v=1790151258 HTTP/1.1" 200 7762
[2026-09-23 15:14:18,848] INFO django.server basehttp: "GET /static/css/app-shell.css?v=1790151258 HTTP/1.1" 200 40556
[2026-09-23 15:14:18,849] INFO django.server basehttp: "GET /static/css/spare_parts.css?v=1790151258 HTTP/1.1" 200 14843
[2026-09-23 15:14:18,852] INFO django.server basehttp: "GET /static/js/spare_parts.js?v=1790151258 HTTP/1.1" 200 36687
[2026-09-23 15:14:18,980] WARNING django.server basehttp: "GET /favicon.ico HTTP/1.1" 404 6062
[2026-09-23 15:15:13,721] INFO django.server basehttp: "HEAD / HTTP/1.1" 200 0
[2026-09-23 15:15:14,072] INFO django.server basehttp: "GET / HTTP/1.1" 200 33377
[2026-09-23 15:15:14,089] INFO django.server basehttp: "GET /static/css/design-system.css?v=1790151314 HTTP/1.1" 200 7762
[2026-09-23 15:15:14,094] INFO django.server basehttp: "GET /static/css/home.css?v=1790151314 HTTP/1.1" 200 16370
[2026-09-23 15:15:14,131] WARNING django.server basehttp: "GET /favicon.ico HTTP/1.1" 404 6062
[2026-09-23 15:15:15,530] INFO django.server basehttp: "GET /spare-parts/ HTTP/1.1" 200 62084
[2026-09-23 15:15:15,543] INFO django.server basehttp: "GET /static/css/spare_parts.css?v=1790151315 HTTP/1.1" 200 14860
[2026-09-23 15:15:15,543] INFO django.server basehttp: "GET /static/css/design-system.css?v=1790151315 HTTP/1.1" 200 7762
[2026-09-23 15:15:15,543] INFO django.server basehttp: "GET /static/css/app-shell.css?v=1790151315 HTTP/1.1" 200 40556
[2026-09-23 15:15:15,546] INFO django.server basehttp: "GET /static/js/spare_parts.js?v=1790151315 HTTP/1.1" 200 36687
[2026-09-23 15:15:15,622] WARNING django.server basehttp: "GET /favicon.ico HTTP/1.1" 404 6062
[2026-09-23 15:16:10,850] INFO django.server basehttp: "GET /spare-parts/ HTTP/1.1" 200 62084
[2026-09-23 15:16:11,049] INFO django.server basehttp: "GET /static/css/design-system.css?v=1790151370 HTTP/1.1" 200 7762
[2026-09-23 15:16:11,049] INFO django.server basehttp: "GET /static/css/spare_parts.css?v=1790151370 HTTP/1.1" 200 14860
[2026-09-23 15:16:11,050] INFO django.server basehttp: "GET /static/css/app-shell.css?v=1790151370 HTTP/1.1" 200 40556
[2026-09-23 15:16:11,050] INFO django.server basehttp: "GET /static/js/spare_parts.js?v=1790151370 HTTP/1.1" 200 36687
[2026-09-23 15:16:11,272] WARNING django.server basehttp: "GET /favicon.ico HTTP/1.1" 404 6062
[2026-09-23 15:16:18,150] INFO django.server basehttp: "GET /spare-parts/ HTTP/1.1" 200 62069
[2026-09-23 15:16:18,183] INFO django.server basehttp: "GET /static/css/design-system.css?v=1790151378 HTTP/1.1" 200 7762
[2026-09-23 15:16:18,185] INFO django.server basehttp: "GET /static/css/app-shell.css?v=1790151378 HTTP/1.1" 200 40556
[2026-09-23 15:16:18,186] INFO django.server basehttp: "GET /static/css/spare_parts.css?v=1790151378 HTTP/1.1" 200 14860
[2026-09-23 15:16:18,187] INFO django.server basehttp: "GET /static/js/spare_parts.js?v=1790151378 HTTP/1.1" 200 36687
[2026-09-23 15:25:31,487] INFO django.server basehttp: "GET /spare-parts/ HTTP/1.1" 200 62069
[2026-09-23 15:25:31,520] INFO django.server basehttp: "GET /static/css/design-system.css?v=1790151931 HTTP/1.1" 200 7762
[2026-09-23 15:25:31,521] INFO django.server basehttp: "GET /static/css/spare_parts.css?v=1790151931 HTTP/1.1" 200 14860
[2026-09-23 15:25:31,521] INFO django.server basehttp: "GET /static/css/app-shell.css?v=1790151931 HTTP/1.1" 200 40556
[2026-09-23 15:25:31,522] INFO django.server basehttp: "GET /static/js/spare_parts.js?v=1790151931 HTTP/1.1" 200 36687
[2026-09-23 15:27:20,777] INFO django.server basehttp: "HEAD / HTTP/1.1" 200 0
[2026-09-23 15:27:21,152] INFO django.server basehttp: "GET / HTTP/1.1" 200 33023
[2026-09-23 15:27:21,168] INFO django.server basehttp: "GET /static/css/design-system.css?v=1790152041 HTTP/1.1" 200 7762
[2026-09-23 15:27:21,171] INFO django.server basehttp: "GET /static/css/home.css?v=1790152041 HTTP/1.1" 200 16370
[2026-09-23 15:27:21,172] INFO django.server basehttp: "GET /static/img/standards/egat-no5.png HTTP/1.1" 304 0
[2026-09-23 15:27:21,172] INFO django.server basehttp: "GET /static/img/standards/tisi.png HTTP/1.1" 304 0
[2026-09-23 15:27:21,173] INFO django.server basehttp: "GET /static/img/standards/ahri.png HTTP/1.1" 304 0
[2026-09-23 15:27:21,184] INFO django.server basehttp: "GET /static/img/standards/ilac-nsc.png HTTP/1.1" 304 0
[2026-09-23 15:27:21,225] WARNING django.server basehttp: "GET /favicon.ico HTTP/1.1" 404 6062
[2026-09-23 15:27:34,668] INFO django.server basehttp: "GET /login/ HTTP/1.1" 200 4891
[2026-09-23 15:27:34,682] INFO django.server basehttp: "GET /static/css/home.css?v=1790152054 HTTP/1.1" 200 16370
[2026-09-23 15:27:34,682] INFO django.server basehttp: "GET /static/css/design-system.css?v=1790152054 HTTP/1.1" 200 7762
[2026-09-23 15:27:34,697] WARNING django.server basehttp: "GET /favicon.ico HTTP/1.1" 404 6062
[2026-09-23 15:27:44,057] INFO django.server basehttp: "POST /login/ HTTP/1.1" 302 0
[2026-09-23 15:27:44,082] INFO django.server basehttp: "GET /dashboard/ HTTP/1.1" 200 8977
[2026-09-23 15:27:44,098] INFO django.server basehttp: "GET /static/css/design-system.css?v=1790152064 HTTP/1.1" 200 7762
[2026-09-23 15:27:44,099] INFO django.server basehttp: "GET /static/css/app-shell.css?v=1790152064 HTTP/1.1" 200 40556
[2026-09-23 15:27:44,121] WARNING django.server basehttp: "GET /favicon.ico HTTP/1.1" 404 6062
[2026-09-23 15:27:46,448] INFO django.server basehttp: "GET /spare-parts/ HTTP/1.1" 200 61896
[2026-09-23 15:27:46,461] INFO django.server basehttp: "GET /static/css/design-system.css?v=1790152066 HTTP/1.1" 200 7762
[2026-09-23 15:27:46,462] INFO django.server basehttp: "GET /static/css/app-shell.css?v=1790152066 HTTP/1.1" 200 40556
[2026-09-23 15:27:46,462] INFO django.server basehttp: "GET /static/js/spare_parts.js?v=1790152066 HTTP/1.1" 200 36077
[2026-09-23 15:27:46,462] INFO django.server basehttp: "GET /static/css/spare_parts.css?v=1790152066 HTTP/1.1" 200 14497
[2026-09-23 15:27:46,531] WARNING django.server basehttp: "GET /favicon.ico HTTP/1.1" 404 6062
[2026-09-23 15:32:55,613] INFO django.server basehttp: "GET /spare-parts/ HTTP/1.1" 200 61881
[2026-09-23 15:32:55,646] INFO django.server basehttp: "GET /static/css/design-system.css?v=1790152375 HTTP/1.1" 200 7762
[2026-09-23 15:32:55,648] INFO django.server basehttp: "GET /static/css/app-shell.css?v=1790152375 HTTP/1.1" 200 40556
[2026-09-23 15:32:55,650] INFO django.server basehttp: "GET /static/css/spare_parts.css?v=1790152375 HTTP/1.1" 200 14497
[2026-09-23 15:32:55,651] INFO django.server basehttp: "GET /static/js/spare_parts.js?v=1790152375 HTTP/1.1" 200 36077
[2026-09-23 15:36:42,739] INFO django.server basehttp: "HEAD / HTTP/1.1" 200 0
[2026-09-23 15:36:43,108] INFO django.server basehttp: "GET / HTTP/1.1" 200 33023
[2026-09-23 15:36:43,127] INFO django.server basehttp: "GET /static/css/design-system.css?v=1790152603 HTTP/1.1" 200 7762
[2026-09-23 15:36:43,131] INFO django.server basehttp: "GET /static/css/home.css?v=1790152603 HTTP/1.1" 200 16370
[2026-09-23 15:36:43,139] INFO django.server basehttp: "GET /media/modules/processed/Happy.gif HTTP/1.1" 304 0
[2026-09-23 15:36:43,167] WARNING django.server basehttp: "GET /favicon.ico HTTP/1.1" 404 6062
[2026-09-23 15:36:56,561] INFO django.server basehttp: "GET /login/ HTTP/1.1" 200 4891
[2026-09-23 15:36:56,575] INFO django.server basehttp: "GET /static/css/home.css?v=1790152616 HTTP/1.1" 200 16370
[2026-09-23 15:36:57,588] INFO django.server basehttp: "GET /static/css/design-system.css?v=1790152616 HTTP/1.1" 200 7762
[2026-09-23 15:36:57,604] WARNING django.server basehttp: "GET /favicon.ico HTTP/1.1" 404 6062
[2026-09-23 15:37:14,107] INFO django.server basehttp: "POST /login/ HTTP/1.1" 302 0
[2026-09-23 15:37:14,130] INFO django.server basehttp: "GET /dashboard/ HTTP/1.1" 200 8976
[2026-09-23 15:37:14,147] INFO django.server basehttp: "GET /static/css/design-system.css?v=1790152634 HTTP/1.1" 200 7762
[2026-09-23 15:37:14,148] INFO django.server basehttp: "GET /static/css/app-shell.css?v=1790152634 HTTP/1.1" 200 40556
[2026-09-23 15:37:14,168] WARNING django.server basehttp: "GET /favicon.ico HTTP/1.1" 404 6062
[2026-09-23 15:37:16,870] INFO django.server basehttp: "GET /spare-parts/ HTTP/1.1" 200 61896
[2026-09-23 15:37:16,882] INFO django.server basehttp: "GET /static/css/design-system.css?v=1790152636 HTTP/1.1" 200 7762
[2026-09-23 15:37:16,882] INFO django.server basehttp: "GET /static/css/spare_parts.css?v=1790152636 HTTP/1.1" 200 14497
[2026-09-23 15:37:16,883] INFO django.server basehttp: "GET /static/css/app-shell.css?v=1790152636 HTTP/1.1" 200 40556
[2026-09-23 15:37:16,886] INFO django.server basehttp: "GET /static/js/spare_parts.js?v=1790152636 HTTP/1.1" 200 36077
[2026-09-23 15:37:16,983] WARNING django.server basehttp: "GET /favicon.ico HTTP/1.1" 404 6062
[2026-09-23 15:38:15,801] INFO django.server basehttp: "GET /spare-parts/ HTTP/1.1" 200 61896
[2026-09-23 15:38:15,832] INFO django.server basehttp: "GET /static/css/design-system.css?v=1790152695 HTTP/1.1" 200 7762
[2026-09-23 15:38:15,833] INFO django.server basehttp: "GET /static/css/spare_parts.css?v=1790152695 HTTP/1.1" 200 14497
[2026-09-23 15:38:15,833] INFO django.server basehttp: "GET /static/css/app-shell.css?v=1790152695 HTTP/1.1" 200 40556
[2026-09-23 15:38:15,833] INFO django.server basehttp: "GET /static/js/spare_parts.js?v=1790152695 HTTP/1.1" 200 36077
[2026-09-23 15:38:15,930] WARNING django.server basehttp: "GET /favicon.ico HTTP/1.1" 404 6062
[2026-09-23 15:38:41,805] INFO django.server basehttp: "GET /spare-parts/ HTTP/1.1" 200 61896
[2026-09-23 15:38:42,018] INFO django.server basehttp: "GET /static/css/design-system.css?v=1790152721 HTTP/1.1" 200 7762
[2026-09-23 15:38:42,018] INFO django.server basehttp: "GET /static/css/app-shell.css?v=1790152721 HTTP/1.1" 200 40556
[2026-09-23 15:38:42,022] INFO django.server basehttp: "GET /static/css/spare_parts.css?v=1790152721 HTTP/1.1" 200 14497
[2026-09-23 15:38:42,028] INFO django.server basehttp: "GET /static/js/spare_parts.js?v=1790152721 HTTP/1.1" 200 36077
[2026-09-23 15:38:42,221] WARNING django.server basehttp: "GET /favicon.ico HTTP/1.1" 404 6062
[2026-09-23 15:40:04,267] INFO django.server basehttp: "HEAD / HTTP/1.1" 200 0
[2026-09-23 15:40:04,650] INFO django.server basehttp: "GET / HTTP/1.1" 200 33377
[2026-09-23 15:40:04,667] INFO django.server basehttp: "GET /static/css/design-system.css?v=1790152804 HTTP/1.1" 200 7762
[2026-09-23 15:40:04,670] INFO django.server basehttp: "GET /static/css/home.css?v=1790152804 HTTP/1.1" 200 16370
[2026-09-23 15:40:04,711] WARNING django.server basehttp: "GET /favicon.ico HTTP/1.1" 404 6062
[2026-09-23 15:40:05,357] INFO django.server basehttp: "GET /spare-parts/ HTTP/1.1" 200 61896
[2026-09-23 15:40:05,371] INFO django.server basehttp: "GET /static/css/design-system.css?v=1790152805 HTTP/1.1" 200 7762
[2026-09-23 15:40:05,371] INFO django.server basehttp: "GET /static/css/spare_parts.css?v=1790152805 HTTP/1.1" 200 14522
[2026-09-23 15:40:05,376] INFO django.server basehttp: "GET /static/js/spare_parts.js?v=1790152805 HTTP/1.1" 200 36224
[2026-09-23 15:40:06,386] INFO django.server basehttp: "GET /static/css/app-shell.css?v=1790152805 HTTP/1.1" 200 40556
[2026-09-23 15:40:06,464] WARNING django.server basehttp: "GET /favicon.ico HTTP/1.1" 404 6062
[2026-09-23 15:41:09,716] INFO django.server basehttp: "GET / HTTP/1.1" 200 33362
[2026-09-23 15:41:09,752] INFO django.server basehttp: "GET /static/css/design-system.css?v=1790152869 HTTP/1.1" 200 7762
[2026-09-23 15:41:09,752] INFO django.server basehttp: "GET /static/css/home.css?v=1790152869 HTTP/1.1" 200 16370
[2026-09-23 15:41:09,761] INFO django.server basehttp: "GET /static/img/standards/egat-no5.png HTTP/1.1" 304 0
[2026-09-23 15:41:09,762] INFO django.server basehttp: "GET /static/img/standards/tisi.png HTTP/1.1" 304 0
[2026-09-23 15:41:09,763] INFO django.server basehttp: "GET /static/img/standards/ilac-nsc.png HTTP/1.1" 304 0
[2026-09-23 15:41:09,763] INFO django.server basehttp: "GET /media/modules/processed/Doc.gif HTTP/1.1" 304 0
[2026-09-23 15:41:09,762] INFO django.server basehttp: "GET /media/hero/Gemini_Image.jpg HTTP/1.1" 304 0
[2026-09-23 15:41:09,762] INFO django.server basehttp: "GET /static/img/standards/ahri.png HTTP/1.1" 304 0
[2026-09-23 15:41:09,778] INFO django.server basehttp: "GET /media/modules/processed/Manpower.gif HTTP/1.1" 304 0
[2026-09-23 15:41:09,778] INFO django.server basehttp: "GET /media/modules/processed/Analytics.gif HTTP/1.1" 304 0
[2026-09-23 15:41:09,778] INFO django.server basehttp: "GET /media/modules/processed/Cer.gif HTTP/1.1" 304 0
[2026-09-23 15:41:09,778] INFO django.server basehttp: "GET /media/modules/processed/Happy.gif HTTP/1.1" 304 0
[2026-09-23 15:41:09,780] INFO django.server basehttp: "GET /media/modules/processed/Tool2.gif HTTP/1.1" 304 0
[2026-09-23 15:41:11,572] INFO django.server basehttp: "GET /happy-workplace/ HTTP/1.1" 200 17503
[2026-09-23 15:41:11,624] INFO django.server basehttp: "GET /media/happy_workplace/posters/DT_Birthday_SSbYLAI.png HTTP/1.1" 304 0
[2026-09-23 15:41:11,624] INFO django.server basehttp: "GET /media/happy_workplace/posters/image_4.png HTTP/1.1" 304 0
[2026-09-23 15:41:11,625] INFO django.server basehttp: "GET /media/happy_workplace/posters/image_2.png HTTP/1.1" 304 0
[2026-09-23 15:41:11,626] INFO django.server basehttp: "GET /static/css/design-system.css?v=1790152871 HTTP/1.1" 200 7762
[2026-09-23 15:41:11,627] INFO django.server basehttp: "GET /static/css/app-shell.css?v=1790152871 HTTP/1.1" 200 40556
[2026-09-23 15:41:11,629] INFO django.server basehttp: "GET /static/css/happy_workplace.css?v=1790152871 HTTP/1.1" 200 38401
[2026-09-23 15:41:13,934] INFO django.server basehttp: "GET /happy-workplace/typing-test/ HTTP/1.1" 200 18540
[2026-09-23 15:41:13,964] INFO django.server basehttp: "GET /static/js/hwp_leaderboard.js?v=1790152873 HTTP/1.1" 200 1422
[2026-09-23 15:41:13,965] INFO django.server basehttp: "GET /static/js/hwp_play.js?v=1790152873 HTTP/1.1" 200 1103
[2026-09-23 15:41:13,965] INFO django.server basehttp: "GET /static/css/design-system.css?v=1790152873 HTTP/1.1" 200 7762
[2026-09-23 15:41:13,966] INFO django.server basehttp: "GET /static/css/app-shell.css?v=1790152873 HTTP/1.1" 200 40556
[2026-09-23 15:41:13,966] INFO django.server basehttp: "GET /static/css/happy_workplace.css?v=1790152873 HTTP/1.1" 200 38401
[2026-09-23 15:41:17,102] INFO django.server basehttp: "GET /spare-parts/ HTTP/1.1" 200 61896
[2026-09-23 15:41:17,119] INFO django.server basehttp: "GET /static/css/design-system.css?v=1790152877 HTTP/1.1" 200 7762
[2026-09-23 15:41:17,120] INFO django.server basehttp: "GET /static/css/spare_parts.css?v=1790152877 HTTP/1.1" 200 14522
[2026-09-23 15:41:17,120] INFO django.server basehttp: "GET /static/css/app-shell.css?v=1790152877 HTTP/1.1" 200 40556
[2026-09-23 15:41:17,123] INFO django.server basehttp: "GET /static/js/spare_parts.js?v=1790152877 HTTP/1.1" 200 36224
[2026-09-23 15:41:17,229] WARNING django.server basehttp: "GET /favicon.ico HTTP/1.1" 404 6062
[2026-09-23 15:41:17,362] INFO django.server basehttp: "GET / HTTP/1.1" 200 33362
[2026-09-23 15:41:17,387] INFO django.server basehttp: "GET /static/css/design-system.css?v=1790152877 HTTP/1.1" 200 7762
[2026-09-23 15:41:17,387] INFO django.server basehttp: "GET /static/css/home.css?v=1790152877 HTTP/1.1" 200 16370
[2026-09-23 15:41:18,905] INFO django.server basehttp: "GET /internal/ HTTP/1.1" 200 9341
[2026-09-23 15:41:18,931] INFO django.server basehttp: "GET /static/css/design-system.css?v=1790152878 HTTP/1.1" 200 7762
[2026-09-23 15:41:18,931] INFO django.server basehttp: "GET /static/css/app-shell.css?v=1790152878 HTTP/1.1" 200 40556
[2026-09-23 15:41:19,958] INFO django.server basehttp: "GET /spare-parts/ HTTP/1.1" 200 61881
[2026-09-23 15:41:19,987] INFO django.server basehttp: "GET /static/css/design-system.css?v=1790152879 HTTP/1.1" 200 7762
[2026-09-23 15:41:19,988] INFO django.server basehttp: "GET /static/css/spare_parts.css?v=1790152879 HTTP/1.1" 200 14522
[2026-09-23 15:41:19,988] INFO django.server basehttp: "GET /static/js/spare_parts.js?v=1790152879 HTTP/1.1" 200 36224
[2026-09-23 15:41:19,988] INFO django.server basehttp: "GET /static/css/app-shell.css?v=1790152879 HTTP/1.1" 200 40556
[2026-09-23 15:42:01,229] INFO django.server basehttp: "HEAD / HTTP/1.1" 200 0
[2026-09-23 15:42:01,605] INFO django.server basehttp: "GET / HTTP/1.1" 200 33377
[2026-09-23 15:42:01,626] INFO django.server basehttp: "GET /static/css/design-system.css?v=1790152921 HTTP/1.1" 200 7762
[2026-09-23 15:42:01,631] INFO django.server basehttp: "GET /static/css/home.css?v=1790152921 HTTP/1.1" 200 16370
[2026-09-23 15:42:01,682] WARNING django.server basehttp: "GET /favicon.ico HTTP/1.1" 404 6062
[2026-09-23 15:42:02,856] INFO django.server basehttp: "GET /spare-parts/ HTTP/1.1" 200 61896
[2026-09-23 15:42:02,875] INFO django.server basehttp: "GET /static/css/design-system.css?v=1790152922 HTTP/1.1" 200 7762
[2026-09-23 15:42:02,876] INFO django.server basehttp: "GET /static/css/app-shell.css?v=1790152922 HTTP/1.1" 200 40556
[2026-09-23 15:42:02,877] INFO django.server basehttp: "GET /static/css/spare_parts.css?v=1790152922 HTTP/1.1" 200 14522
[2026-09-23 15:42:02,879] INFO django.server basehttp: "GET /static/js/spare_parts.js?v=1790152922 HTTP/1.1" 200 36224
[2026-09-23 15:42:03,022] WARNING django.server basehttp: "GET /favicon.ico HTTP/1.1" 404 6062
[2026-09-23 15:42:47,433] INFO django.server basehttp: "GET /spare-parts/ HTTP/1.1" 200 61881
[2026-09-23 15:42:47,464] INFO django.server basehttp: "GET /static/css/design-system.css?v=1790152967 HTTP/1.1" 200 7762
[2026-09-23 15:42:47,465] INFO django.server basehttp: "GET /static/css/app-shell.css?v=1790152967 HTTP/1.1" 200 40556
[2026-09-23 15:42:47,469] INFO django.server basehttp: "GET /static/css/spare_parts.css?v=1790152967 HTTP/1.1" 200 14522
[2026-09-23 15:42:47,469] INFO django.server basehttp: "GET /static/js/spare_parts.js?v=1790152967 HTTP/1.1" 200 36224
[2026-09-23 15:45:58,567] INFO django.server basehttp: "HEAD / HTTP/1.1" 200 0
[2026-09-23 15:45:58,934] INFO django.server basehttp: "GET / HTTP/1.1" 200 33023
[2026-09-23 15:45:58,950] INFO django.server basehttp: "GET /static/css/design-system.css?v=1790153158 HTTP/1.1" 200 7762
[2026-09-23 15:45:58,953] INFO django.server basehttp: "GET /static/css/home.css?v=1790153158 HTTP/1.1" 200 16370
[2026-09-23 15:45:58,958] INFO django.server basehttp: "GET /media/hero/Gemini_Image.jpg HTTP/1.1" 304 0
[2026-09-23 15:45:59,051] WARNING django.server basehttp: "GET /favicon.ico HTTP/1.1" 404 6062
[2026-09-23 15:46:01,085] INFO django.server basehttp: "GET /spare-parts/ HTTP/1.1" 302 0
[2026-09-23 15:46:01,110] INFO django.server basehttp: "GET /login/?next=/spare-parts/ HTTP/1.1" 200 4904
[2026-09-23 15:46:01,123] INFO django.server basehttp: "GET /static/css/design-system.css?v=1790153161 HTTP/1.1" 200 7762
[2026-09-23 15:46:01,124] INFO django.server basehttp: "GET /static/css/home.css?v=1790153161 HTTP/1.1" 200 16370
[2026-09-23 15:46:01,137] WARNING django.server basehttp: "GET /favicon.ico HTTP/1.1" 404 6062
[2026-09-23 15:46:18,395] INFO django.server basehttp: "GET /spare-parts/ HTTP/1.1" 200 61881
[2026-09-23 15:46:18,431] INFO django.server basehttp: "GET /static/css/design-system.css?v=1790153178 HTTP/1.1" 200 7762
[2026-09-23 15:46:18,433] INFO django.server basehttp: "GET /static/css/app-shell.css?v=1790153178 HTTP/1.1" 200 40556
[2026-09-23 15:46:18,434] INFO django.server basehttp: "GET /static/css/spare_parts.css?v=1790153178 HTTP/1.1" 200 14489
[2026-09-23 15:46:18,436] INFO django.server basehttp: "GET /static/js/spare_parts.js?v=1790153178 HTTP/1.1" 200 36224
[2026-09-23 15:46:25,843] INFO django.server basehttp: "POST /login/?next=/spare-parts/ HTTP/1.1" 302 0
[2026-09-23 15:46:25,859] INFO django.server basehttp: "GET /spare-parts/ HTTP/1.1" 200 61896
[2026-09-23 15:46:25,873] INFO django.server basehttp: "GET /static/css/design-system.css?v=1790153185 HTTP/1.1" 200 7762
[2026-09-23 15:46:25,874] INFO django.server basehttp: "GET /static/css/app-shell.css?v=1790153185 HTTP/1.1" 200 40556
[2026-09-23 15:46:25,876] INFO django.server basehttp: "GET /static/css/spare_parts.css?v=1790153185 HTTP/1.1" 200 14489
[2026-09-23 15:46:25,878] INFO django.server basehttp: "GET /static/js/spare_parts.js?v=1790153185 HTTP/1.1" 200 36224
[2026-09-23 15:46:25,963] WARNING django.server basehttp: "GET /favicon.ico HTTP/1.1" 404 6062
[2026-09-23 15:46:28,433] INFO django.server basehttp: "GET /spare-parts/ HTTP/1.1" 200 61896
[2026-09-23 15:46:28,454] INFO django.server basehttp: "GET /static/css/design-system.css?v=1790153188 HTTP/1.1" 200 7762
[2026-09-23 15:46:28,454] INFO django.server basehttp: "GET /static/css/spare_parts.css?v=1790153188 HTTP/1.1" 200 14489
[2026-09-23 15:46:28,454] INFO django.server basehttp: "GET /static/css/app-shell.css?v=1790153188 HTTP/1.1" 200 40556
[2026-09-23 15:46:28,455] INFO django.server basehttp: "GET /static/js/spare_parts.js?v=1790153188 HTTP/1.1" 200 36224
[2026-09-23 15:46:28,537] WARNING django.server basehttp: "GET /favicon.ico HTTP/1.1" 404 6062
[2026-09-23 15:47:52,744] INFO django.server basehttp: "GET /spare-parts/ HTTP/1.1" 200 61881
[2026-09-23 15:47:52,774] INFO django.server basehttp: "GET /static/css/design-system.css?v=1790153272 HTTP/1.1" 200 7762
[2026-09-23 15:47:52,774] INFO django.server basehttp: "GET /static/css/spare_parts.css?v=1790153272 HTTP/1.1" 200 14489
[2026-09-23 15:47:52,775] INFO django.server basehttp: "GET /static/js/spare_parts.js?v=1790153272 HTTP/1.1" 200 36224
[2026-09-23 15:47:52,775] INFO django.server basehttp: "GET /static/css/app-shell.css?v=1790153272 HTTP/1.1" 200 40556
[2026-09-23 15:48:17,303] INFO django.server basehttp: "HEAD / HTTP/1.1" 200 0
[2026-09-23 15:48:17,662] INFO django.server basehttp: "GET / HTTP/1.1" 200 33377
[2026-09-23 15:48:17,681] INFO django.server basehttp: "GET /static/css/design-system.css?v=1790153297 HTTP/1.1" 200 7762
[2026-09-23 15:48:17,685] INFO django.server basehttp: "GET /static/css/home.css?v=1790153297 HTTP/1.1" 200 16370
[2026-09-23 15:48:17,691] INFO django.server basehttp: "GET /media/modules/processed/Doc.gif HTTP/1.1" 304 0
[2026-09-23 15:48:17,693] INFO django.server basehttp: "GET /media/modules/processed/Manpower.gif HTTP/1.1" 304 0
[2026-09-23 15:48:17,694] INFO django.server basehttp: "GET /media/modules/processed/Cer.gif HTTP/1.1" 304 0
[2026-09-23 15:48:17,696] INFO django.server basehttp: "GET /media/modules/processed/Analytics.gif HTTP/1.1" 304 0
[2026-09-23 15:48:17,701] INFO django.server basehttp: "GET /media/modules/processed/Tool2.gif HTTP/1.1" 304 0
[2026-09-23 15:48:17,795] WARNING django.server basehttp: "GET /favicon.ico HTTP/1.1" 404 6062
[2026-09-23 15:48:19,244] INFO django.server basehttp: "GET /spare-parts/ HTTP/1.1" 200 61896
[2026-09-23 15:48:19,261] INFO django.server basehttp: "GET /static/css/spare_parts.css?v=1790153299 HTTP/1.1" 200 14494
[2026-09-23 15:48:19,261] INFO django.server basehttp: "GET /static/css/design-system.css?v=1790153299 HTTP/1.1" 200 7762
[2026-09-23 15:48:19,261] INFO django.server basehttp: "GET /static/js/spare_parts.js?v=1790153299 HTTP/1.1" 200 36224
[2026-09-23 15:48:19,261] INFO django.server basehttp: "GET /static/css/app-shell.css?v=1790153299 HTTP/1.1" 200 40556
[2026-09-23 15:48:19,335] WARNING django.server basehttp: "GET /favicon.ico HTTP/1.1" 404 6062
[2026-09-23 15:49:11,137] INFO django.server basehttp: "GET /spare-parts/ HTTP/1.1" 200 61881
[2026-09-23 15:49:11,166] INFO django.server basehttp: "GET /static/css/design-system.css?v=1790153351 HTTP/1.1" 200 7762
[2026-09-23 15:49:11,169] INFO django.server basehttp: "GET /static/css/app-shell.css?v=1790153351 HTTP/1.1" 200 40556
[2026-09-23 15:49:11,172] INFO django.server basehttp: "GET /static/css/spare_parts.css?v=1790153351 HTTP/1.1" 200 14494
[2026-09-23 15:49:11,172] INFO django.server basehttp: "GET /static/js/spare_parts.js?v=1790153351 HTTP/1.1" 200 36224
[2026-09-23 15:50:18,703] INFO django.server basehttp: "GET /spare-parts/ HTTP/1.1" 200 61881
[2026-09-23 15:50:18,733] INFO django.server basehttp: "GET /static/css/design-system.css?v=1790153418 HTTP/1.1" 200 7762
[2026-09-23 15:50:18,733] INFO django.server basehttp: "GET /static/css/spare_parts.css?v=1790153418 HTTP/1.1" 200 15026
[2026-09-23 15:50:18,733] INFO django.server basehttp: "GET /static/js/spare_parts.js?v=1790153418 HTTP/1.1" 200 36224
[2026-09-23 15:50:18,734] INFO django.server basehttp: "GET /static/css/app-shell.css?v=1790153418 HTTP/1.1" 200 40556
[2026-09-23 15:50:47,517] INFO django.server basehttp: "HEAD / HTTP/1.1" 200 0
[2026-09-23 15:50:47,875] INFO django.server basehttp: "GET / HTTP/1.1" 200 33023
[2026-09-23 15:50:47,893] INFO django.server basehttp: "GET /static/css/design-system.css?v=1790153447 HTTP/1.1" 200 7762
[2026-09-23 15:50:47,898] INFO django.server basehttp: "GET /static/css/home.css?v=1790153447 HTTP/1.1" 200 16370
[2026-09-23 15:50:47,943] WARNING django.server basehttp: "GET /favicon.ico HTTP/1.1" 404 6062
[2026-09-23 15:51:01,783] INFO django.server basehttp: "GET /login/ HTTP/1.1" 200 4891
[2026-09-23 15:51:01,797] INFO django.server basehttp: "GET /static/css/home.css?v=1790153461 HTTP/1.1" 200 16370
[2026-09-23 15:51:01,797] INFO django.server basehttp: "GET /static/css/design-system.css?v=1790153461 HTTP/1.1" 200 7762
[2026-09-23 15:51:01,810] WARNING django.server basehttp: "GET /favicon.ico HTTP/1.1" 404 6062
[2026-09-23 15:51:12,428] INFO django.server basehttp: "POST /login/ HTTP/1.1" 302 0
[2026-09-23 15:51:12,452] INFO django.server basehttp: "GET /dashboard/ HTTP/1.1" 200 8964
[2026-09-23 15:51:12,469] INFO django.server basehttp: "GET /static/css/design-system.css?v=1790153472 HTTP/1.1" 200 7762
[2026-09-23 15:51:12,469] INFO django.server basehttp: "GET /static/css/app-shell.css?v=1790153472 HTTP/1.1" 200 40556
[2026-09-23 15:51:12,531] WARNING django.server basehttp: "GET /favicon.ico HTTP/1.1" 404 6062
[2026-09-23 15:51:15,456] INFO django.server basehttp: "GET /spare-parts/ HTTP/1.1" 200 61896
[2026-09-23 15:51:15,471] INFO django.server basehttp: "GET /static/css/design-system.css?v=1790153475 HTTP/1.1" 200 7762
[2026-09-23 15:51:15,472] INFO django.server basehttp: "GET /static/css/spare_parts.css?v=1790153475 HTTP/1.1" 200 15018
[2026-09-23 15:51:15,476] INFO django.server basehttp: "GET /static/js/spare_parts.js?v=1790153475 HTTP/1.1" 200 36224
[2026-09-23 15:51:16,483] INFO django.server basehttp: "GET /static/css/app-shell.css?v=1790153475 HTTP/1.1" 200 40556
[2026-09-23 15:51:16,554] WARNING django.server basehttp: "GET /favicon.ico HTTP/1.1" 404 6062
[2026-09-23 15:52:40,077] INFO django.server basehttp: "GET /spare-parts/ HTTP/1.1" 200 61881
[2026-09-23 15:52:40,111] INFO django.server basehttp: "GET /static/css/design-system.css?v=1790153560 HTTP/1.1" 200 7762
[2026-09-23 15:52:40,112] INFO django.server basehttp: "GET /static/css/app-shell.css?v=1790153560 HTTP/1.1" 200 40556
[2026-09-23 15:52:40,112] INFO django.server basehttp: "GET /static/css/spare_parts.css?v=1790153560 HTTP/1.1" 200 15018
[2026-09-23 15:52:40,115] INFO django.server basehttp: "GET /static/js/spare_parts.js?v=1790153560 HTTP/1.1" 200 36224
[2026-09-23 15:54:44,589] INFO django.server basehttp: "HEAD / HTTP/1.1" 200 0
[2026-09-23 15:54:44,938] INFO django.server basehttp: "GET / HTTP/1.1" 200 33023
[2026-09-23 15:54:44,956] INFO django.server basehttp: "GET /static/css/design-system.css?v=1790153684 HTTP/1.1" 200 7762
[2026-09-23 15:54:44,958] INFO django.server basehttp: "GET /static/css/home.css?v=1790153684 HTTP/1.1" 200 16370
[2026-09-23 15:54:45,001] WARNING django.server basehttp: "GET /favicon.ico HTTP/1.1" 404 6062
[2026-09-23 15:55:00,707] INFO django.server basehttp: "GET /login/ HTTP/1.1" 200 4891
[2026-09-23 15:55:00,722] INFO django.server basehttp: "GET /static/css/home.css?v=1790153700 HTTP/1.1" 200 16370
[2026-09-23 15:55:00,723] INFO django.server basehttp: "GET /static/css/design-system.css?v=1790153700 HTTP/1.1" 200 7762
[2026-09-23 15:55:00,737] WARNING django.server basehttp: "GET /favicon.ico HTTP/1.1" 404 6062
[2026-09-23 15:55:17,528] INFO django.server basehttp: "POST /login/ HTTP/1.1" 302 0
[2026-09-23 15:55:17,551] INFO django.server basehttp: "GET /dashboard/ HTTP/1.1" 200 8965
[2026-09-23 15:55:17,568] INFO django.server basehttp: "GET /static/css/design-system.css?v=1790153717 HTTP/1.1" 200 7762
[2026-09-23 15:55:17,568] INFO django.server basehttp: "GET /static/css/app-shell.css?v=1790153717 HTTP/1.1" 200 40556
[2026-09-23 15:55:17,586] WARNING django.server basehttp: "GET /favicon.ico HTTP/1.1" 404 6062
[2026-09-23 15:55:20,101] INFO django.server basehttp: "GET /spare-parts/ HTTP/1.1" 200 61896
[2026-09-23 15:55:20,113] INFO django.server basehttp: "GET /static/css/design-system.css?v=1790153720 HTTP/1.1" 200 7762
[2026-09-23 15:55:20,115] INFO django.server basehttp: "GET /static/css/spare_parts.css?v=1790153720 HTTP/1.1" 200 15034
[2026-09-23 15:55:20,115] INFO django.server basehttp: "GET /static/css/app-shell.css?v=1790153720 HTTP/1.1" 200 40556
[2026-09-23 15:55:20,117] INFO django.server basehttp: "GET /static/js/spare_parts.js?v=1790153720 HTTP/1.1" 200 36224
[2026-09-23 15:55:20,184] WARNING django.server basehttp: "GET /favicon.ico HTTP/1.1" 404 6062
[2026-09-23 15:56:18,069] INFO django.server basehttp: "GET /spare-parts/ HTTP/1.1" 200 61881
[2026-09-23 15:56:18,109] INFO django.server basehttp: "GET /static/css/design-system.css?v=1790153778 HTTP/1.1" 200 7762
[2026-09-23 15:56:18,110] INFO django.server basehttp: "GET /static/css/app-shell.css?v=1790153778 HTTP/1.1" 200 40556
[2026-09-23 15:56:18,111] INFO django.server basehttp: "GET /static/css/spare_parts.css?v=1790153778 HTTP/1.1" 200 15034
[2026-09-23 15:56:18,113] INFO django.server basehttp: "GET /static/js/spare_parts.js?v=1790153778 HTTP/1.1" 200 36224
[2026-09-23 15:57:22,635] INFO django.server basehttp: "HEAD / HTTP/1.1" 200 0
[2026-09-23 15:57:22,989] INFO django.server basehttp: "GET / HTTP/1.1" 200 33023
[2026-09-23 15:57:23,004] INFO django.server basehttp: "GET /static/css/design-system.css?v=1790153842 HTTP/1.1" 200 7762
[2026-09-23 15:57:23,008] INFO django.server basehttp: "GET /static/css/home.css?v=1790153842 HTTP/1.1" 200 16370
[2026-09-23 15:57:23,044] WARNING django.server basehttp: "GET /favicon.ico HTTP/1.1" 404 6062
[2026-09-23 15:57:37,907] INFO django.server basehttp: "GET /login/ HTTP/1.1" 200 4891
[2026-09-23 15:57:37,922] INFO django.server basehttp: "GET /static/css/design-system.css?v=1790153857 HTTP/1.1" 200 7762
[2026-09-23 15:57:37,922] INFO django.server basehttp: "GET /static/css/home.css?v=1790153857 HTTP/1.1" 200 16370
[2026-09-23 15:57:37,937] WARNING django.server basehttp: "GET /favicon.ico HTTP/1.1" 404 6062
[2026-09-23 15:57:48,234] INFO django.server basehttp: "POST /login/ HTTP/1.1" 302 0
[2026-09-23 15:57:48,255] INFO django.server basehttp: "GET /dashboard/ HTTP/1.1" 200 8967
[2026-09-23 15:57:48,274] INFO django.server basehttp: "GET /static/css/design-system.css?v=1790153868 HTTP/1.1" 200 7762
[2026-09-23 15:57:48,274] INFO django.server basehttp: "GET /static/css/app-shell.css?v=1790153868 HTTP/1.1" 200 40556
[2026-09-23 15:57:48,293] WARNING django.server basehttp: "GET /favicon.ico HTTP/1.1" 404 6062
[2026-09-23 15:57:51,113] INFO django.server basehttp: "GET /spare-parts/ HTTP/1.1" 200 61897
[2026-09-23 15:57:51,127] INFO django.server basehttp: "GET /static/css/design-system.css?v=1790153871 HTTP/1.1" 200 7762
[2026-09-23 15:57:51,128] INFO django.server basehttp: "GET /static/css/spare_parts.css?v=1790153871 HTTP/1.1" 200 15406
[2026-09-23 15:57:51,128] INFO django.server basehttp: "GET /static/css/app-shell.css?v=1790153871 HTTP/1.1" 200 40556
[2026-09-23 15:57:51,130] INFO django.server basehttp: "GET /static/js/spare_parts.js?v=1790153871 HTTP/1.1" 200 36224
[2026-09-23 15:57:51,204] WARNING django.server basehttp: "GET /favicon.ico HTTP/1.1" 404 6062
[2026-09-23 15:58:23,614] INFO django.server basehttp: "GET /spare-parts/ HTTP/1.1" 200 61881
[2026-09-23 15:58:23,644] INFO django.server basehttp: "GET /static/css/design-system.css?v=1790153903 HTTP/1.1" 200 7762
[2026-09-23 15:58:23,645] INFO django.server basehttp: "GET /static/css/app-shell.css?v=1790153903 HTTP/1.1" 200 40556
[2026-09-23 15:58:23,650] INFO django.server basehttp: "GET /static/css/spare_parts.css?v=1790153903 HTTP/1.1" 200 15406
[2026-09-23 15:58:23,650] INFO django.server basehttp: "GET /static/js/spare_parts.js?v=1790153903 HTTP/1.1" 200 36224
[2026-09-23 15:59:06,717] INFO django.server basehttp: "HEAD / HTTP/1.1" 200 0
[2026-09-23 15:59:07,083] INFO django.server basehttp: "GET / HTTP/1.1" 200 33023
[2026-09-23 15:59:07,100] INFO django.server basehttp: "GET /static/css/design-system.css?v=1790153947 HTTP/1.1" 200 7762
[2026-09-23 15:59:07,103] INFO django.server basehttp: "GET /static/css/home.css?v=1790153947 HTTP/1.1" 200 16370
[2026-09-23 15:59:07,131] WARNING django.server basehttp: "GET /favicon.ico HTTP/1.1" 404 6062
[2026-09-23 15:59:07,821] INFO django.server basehttp: "GET /spare-parts/ HTTP/1.1" 200 61881
[2026-09-23 15:59:07,855] INFO django.server basehttp: "GET /static/css/design-system.css?v=1790153947 HTTP/1.1" 200 7762
[2026-09-23 15:59:07,856] INFO django.server basehttp: "GET /static/css/app-shell.css?v=1790153947 HTTP/1.1" 200 40556
[2026-09-23 15:59:07,857] INFO django.server basehttp: "GET /static/css/spare_parts.css?v=1790153947 HTTP/1.1" 200 15406
[2026-09-23 15:59:07,858] INFO django.server basehttp: "GET /static/js/spare_parts.js?v=1790153947 HTTP/1.1" 200 36027
[2026-09-23 15:59:20,767] INFO django.server basehttp: "GET /login/ HTTP/1.1" 200 4891
[2026-09-23 15:59:20,779] INFO django.server basehttp: "GET /static/css/design-system.css?v=1790153960 HTTP/1.1" 200 7762
[2026-09-23 15:59:20,779] INFO django.server basehttp: "GET /static/css/home.css?v=1790153960 HTTP/1.1" 200 16370
[2026-09-23 15:59:20,793] WARNING django.server basehttp: "GET /favicon.ico HTTP/1.1" 404 6062
[2026-09-23 15:59:41,025] INFO django.server basehttp: "POST /login/ HTTP/1.1" 302 0
[2026-09-23 15:59:41,044] INFO django.server basehttp: "GET /dashboard/ HTTP/1.1" 200 8968
[2026-09-23 15:59:41,062] INFO django.server basehttp: "GET /static/css/design-system.css?v=1790153981 HTTP/1.1" 200 7762
[2026-09-23 15:59:41,062] INFO django.server basehttp: "GET /static/css/app-shell.css?v=1790153981 HTTP/1.1" 200 40556
[2026-09-23 15:59:41,077] WARNING django.server basehttp: "GET /favicon.ico HTTP/1.1" 404 6062
[2026-09-23 15:59:43,477] INFO django.server basehttp: "GET /spare-parts/ HTTP/1.1" 200 61897
[2026-09-23 15:59:43,491] INFO django.server basehttp: "GET /static/css/design-system.css?v=1790153983 HTTP/1.1" 200 7762
[2026-09-23 15:59:43,492] INFO django.server basehttp: "GET /static/css/spare_parts.css?v=1790153983 HTTP/1.1" 200 15406
[2026-09-23 15:59:43,493] INFO django.server basehttp: "GET /static/css/app-shell.css?v=1790153983 HTTP/1.1" 200 40556
[2026-09-23 15:59:43,495] INFO django.server basehttp: "GET /static/js/spare_parts.js?v=1790153983 HTTP/1.1" 200 36027
[2026-09-23 15:59:43,584] WARNING django.server basehttp: "GET /favicon.ico HTTP/1.1" 404 6062
[2026-09-23 16:00:12,147] INFO django.server basehttp: "GET /spare-parts/ HTTP/1.1" 200 61881
[2026-09-23 16:00:12,176] INFO django.server basehttp: "GET /static/css/design-system.css?v=1790154012 HTTP/1.1" 200 7762
[2026-09-23 16:00:12,176] INFO django.server basehttp: "GET /static/css/spare_parts.css?v=1790154012 HTTP/1.1" 200 15406
[2026-09-23 16:00:12,177] INFO django.server basehttp: "GET /static/js/spare_parts.js?v=1790154012 HTTP/1.1" 200 36027
[2026-09-23 16:00:12,177] INFO django.server basehttp: "GET /static/css/app-shell.css?v=1790154012 HTTP/1.1" 200 40556
[2026-09-23 16:00:25,762] INFO django.server basehttp: "GET /internal/ HTTP/1.1" 200 9341
[2026-09-23 16:00:25,786] INFO django.server basehttp: "GET /static/css/app-shell.css?v=1790154025 HTTP/1.1" 200 40556
[2026-09-23 16:00:25,786] INFO django.server basehttp: "GET /static/css/design-system.css?v=1790154025 HTTP/1.1" 200 7762
[2026-09-23 16:01:15,518] INFO django.server basehttp: "GET /spare-parts/ HTTP/1.1" 200 61881
[2026-09-23 16:01:15,554] INFO django.server basehttp: "GET /static/css/design-system.css?v=1790154075 HTTP/1.1" 200 7762
[2026-09-23 16:01:15,554] INFO django.server basehttp: "GET /static/css/spare_parts.css?v=1790154075 HTTP/1.1" 200 15406
[2026-09-23 16:01:15,555] INFO django.server basehttp: "GET /static/css/app-shell.css?v=1790154075 HTTP/1.1" 200 40556
[2026-09-23 16:01:15,555] INFO django.server basehttp: "GET /static/js/spare_parts.js?v=1790154075 HTTP/1.1" 200 36027
[2026-09-23 16:02:43,246] INFO django.server basehttp: "GET /internal/ HTTP/1.1" 200 9341
[2026-09-23 16:02:43,272] INFO django.server basehttp: "GET /static/css/design-system.css?v=1790154163 HTTP/1.1" 200 7762
[2026-09-23 16:02:43,272] INFO django.server basehttp: "GET /static/css/app-shell.css?v=1790154163 HTTP/1.1" 200 40556
[2026-09-23 16:06:58,484] INFO django.server basehttp: "GET /internal/ HTTP/1.1" 200 9341
[2026-09-23 16:06:58,512] INFO django.server basehttp: "GET /static/css/design-system.css?v=1790154418 HTTP/1.1" 200 7762
[2026-09-23 16:06:58,513] INFO django.server basehttp: "GET /static/css/app-shell.css?v=1790154418 HTTP/1.1" 200 40556
[2026-09-23 18:59:03,461] INFO django.server basehttp: "GET / HTTP/1.1" 200 33023
[2026-09-23 18:59:03,636] INFO django.server basehttp: "GET /static/css/design-system.css?v=1790164743 HTTP/1.1" 200 7762
[2026-09-23 18:59:03,637] INFO django.server basehttp: "GET /static/css/home.css?v=1790164743 HTTP/1.1" 200 16370
[2026-09-23 18:59:03,639] INFO django.server basehttp: "GET /static/img/standards/tisi.png HTTP/1.1" 304 0
[2026-09-23 18:59:03,639] INFO django.server basehttp: "GET /static/img/standards/egat-no5.png HTTP/1.1" 304 0
[2026-09-23 18:59:03,682] INFO django.server basehttp: "GET /static/img/standards/ilac-nsc.png HTTP/1.1" 304 0
[2026-09-23 18:59:03,682] INFO django.server basehttp: "GET /static/img/standards/ahri.png HTTP/1.1" 304 0
[2026-09-23 18:59:03,683] INFO django.server basehttp: "GET /media/hero/Gemini_Image.jpg HTTP/1.1" 304 0
[2026-09-23 18:59:03,729] INFO django.server basehttp: "HEAD / HTTP/1.1" 200 0
[2026-09-23 18:59:03,763] INFO django.server basehttp: "GET /media/modules/processed/Doc.gif HTTP/1.1" 304 0
[2026-09-23 18:59:03,764] INFO django.server basehttp: "GET /media/modules/processed/Manpower.gif HTTP/1.1" 304 0
[2026-09-23 18:59:03,765] INFO django.server basehttp: "GET /media/modules/processed/Cer.gif HTTP/1.1" 304 0
[2026-09-23 18:59:03,800] INFO django.server basehttp: "GET /media/modules/processed/Analytics.gif HTTP/1.1" 304 0
[2026-09-23 18:59:03,806] INFO django.server basehttp: "GET /media/modules/processed/Happy.gif HTTP/1.1" 304 0
[2026-09-23 18:59:03,809] INFO django.server basehttp: "GET /media/modules/processed/Tool2.gif HTTP/1.1" 304 0
[2026-09-23 18:59:03,828] WARNING django.server basehttp: "GET /favicon.ico HTTP/1.1" 404 6222
[2026-09-23 18:59:22,591] INFO django.server basehttp: "GET /login/ HTTP/1.1" 200 4891
[2026-09-23 18:59:22,605] INFO django.server basehttp: "GET /static/css/design-system.css?v=1790164762 HTTP/1.1" 200 7762
[2026-09-23 18:59:22,606] INFO django.server basehttp: "GET /static/css/home.css?v=1790164762 HTTP/1.1" 200 16370
[2026-09-23 18:59:22,642] WARNING django.server basehttp: "GET /favicon.ico HTTP/1.1" 404 6222
[2026-09-23 18:59:38,604] INFO django.server basehttp: "POST /login/ HTTP/1.1" 302 0
[2026-09-23 18:59:38,632] INFO django.server basehttp: "GET /dashboard/ HTTP/1.1" 200 8967
[2026-09-23 18:59:38,647] INFO django.server basehttp: "GET /static/css/design-system.css?v=1790164778 HTTP/1.1" 200 7762
[2026-09-23 18:59:39,654] INFO django.server basehttp: "GET /static/css/app-shell.css?v=1790164778 HTTP/1.1" 200 40556
[2026-09-23 18:59:39,678] WARNING django.server basehttp: "GET /favicon.ico HTTP/1.1" 404 6222
[2026-09-23 18:59:41,209] INFO django.server basehttp: "GET /training-history/ HTTP/1.1" 200 52471
[2026-09-23 18:59:41,222] INFO django.server basehttp: "GET /static/css/design-system.css?v=1790164781 HTTP/1.1" 200 7762
[2026-09-23 18:59:41,222] INFO django.server basehttp: "GET /static/css/app-shell.css?v=1790164781 HTTP/1.1" 200 40556
[2026-09-23 18:59:41,241] INFO django.server basehttp: "GET /static/js/training_history.js?v=1790164781 HTTP/1.1" 200 26390
[2026-09-23 18:59:41,488] WARNING django.server basehttp: "GET /favicon.ico HTTP/1.1" 404 6222
[2026-09-23 19:00:43,448] INFO django.server basehttp: "GET /internal/ HTTP/1.1" 200 9233
[2026-09-23 19:00:43,476] INFO django.server basehttp: "GET /static/css/design-system.css?v=1790164843 HTTP/1.1" 200 7762
[2026-09-23 19:00:43,476] INFO django.server basehttp: "GET /static/css/app-shell.css?v=1790164843 HTTP/1.1" 200 40556
[2026-09-23 19:00:50,522] INFO django.server basehttp: "POST /training-history/api/training/create/ HTTP/1.1" 200 274
[2026-09-23 19:02:04,462] INFO django.server basehttp: "GET /training-history/ HTTP/1.1" 200 52471
[2026-09-23 19:02:04,477] INFO django.server basehttp: "GET /static/css/design-system.css?v=1790164924 HTTP/1.1" 200 7762
[2026-09-23 19:02:04,477] INFO django.server basehttp: "GET /static/css/app-shell.css?v=1790164924 HTTP/1.1" 200 40556
[2026-09-23 19:02:04,498] INFO django.server basehttp: "GET /static/js/training_history.js?v=1790164924 HTTP/1.1" 200 26390
[2026-09-23 19:02:04,681] WARNING django.server basehttp: "GET /favicon.ico HTTP/1.1" 404 6222
[2026-09-23 19:04:49,010] INFO django.server basehttp: "GET /training-history/ HTTP/1.1" 200 52471
[2026-09-23 19:04:49,024] INFO django.server basehttp: "GET /static/css/design-system.css?v=1790165089 HTTP/1.1" 200 7762
[2026-09-23 19:04:49,133] INFO django.server basehttp: "GET /static/js/training_history.js?v=1790165089 HTTP/1.1" 200 26390
[2026-09-23 19:04:50,036] INFO django.server basehttp: "GET /static/css/app-shell.css?v=1790165089 HTTP/1.1" 200 40556
[2026-09-23 19:04:50,198] WARNING django.server basehttp: "GET /favicon.ico HTTP/1.1" 404 6222
[2026-09-23 19:08:53,522] INFO django.server basehttp: "GET /training-history/ HTTP/1.1" 200 52456
[2026-09-23 19:08:53,548] INFO django.server basehttp: "GET /static/css/design-system.css?v=1790165333 HTTP/1.1" 200 7762
[2026-09-23 19:08:53,549] INFO django.server basehttp: "GET /static/css/app-shell.css?v=1790165333 HTTP/1.1" 200 40556
[2026-09-23 19:08:53,703] INFO django.server basehttp: "GET /static/js/training_history.js?v=1790165333 HTTP/1.1" 200 26390
[2026-09-23 19:16:09,519] INFO django.server basehttp: "GET /training-history/ HTTP/1.1" 302 0
[2026-09-23 19:16:09,529] INFO django.server basehttp: "GET /login/?next=/training-history/ HTTP/1.1" 200 4909
[2026-09-23 19:16:09,545] INFO django.server basehttp: "GET /static/css/design-system.css?v=1790165769 HTTP/1.1" 200 7762
[2026-09-23 19:16:09,547] INFO django.server basehttp: "GET /static/css/home.css?v=1790165769 HTTP/1.1" 200 16370
[2026-09-23 19:16:09,592] WARNING django.server basehttp: "GET /favicon.ico HTTP/1.1" 404 6222
[2026-09-23 19:16:41,429] INFO django.server basehttp: "POST /login/?next=/training-history/ HTTP/1.1" 302 0
[2026-09-23 19:16:41,448] INFO django.server basehttp: "GET /training-history/ HTTP/1.1" 200 52471
[2026-09-23 19:16:41,462] INFO django.server basehttp: "GET /static/css/design-system.css?v=1790165801 HTTP/1.1" 200 7762
[2026-09-23 19:16:41,462] INFO django.server basehttp: "GET /static/css/app-shell.css?v=1790165801 HTTP/1.1" 200 40556
[2026-09-23 19:16:41,480] INFO django.server basehttp: "GET /static/js/training_history.js?v=1790165801 HTTP/1.1" 200 26390
[2026-09-23 19:16:41,881] WARNING django.server basehttp: "GET /favicon.ico HTTP/1.1" 404 6222
[2026-09-23 19:16:44,253] INFO django.server basehttp: "GET /training-history/ HTTP/1.1" 200 52471
[2026-09-23 19:16:44,266] INFO django.server basehttp: "GET /static/css/app-shell.css?v=1790165804 HTTP/1.1" 200 40556
[2026-09-23 19:16:44,266] INFO django.server basehttp: "GET /static/css/design-system.css?v=1790165804 HTTP/1.1" 200 7762
[2026-09-23 19:16:44,270] INFO django.server basehttp: "GET /static/js/training_history.js?v=1790165804 HTTP/1.1" 200 26390
[2026-09-23 19:16:44,463] WARNING django.server basehttp: "GET /favicon.ico HTTP/1.1" 404 6222
[2026-09-23 19:16:50,313] INFO django.server basehttp: "GET /training-history/ HTTP/1.1" 200 52471
[2026-09-23 19:16:50,324] INFO django.server basehttp: "GET /static/css/design-system.css?v=1790165810 HTTP/1.1" 200 7762
[2026-09-23 19:16:50,324] INFO django.server basehttp: "GET /static/css/app-shell.css?v=1790165810 HTTP/1.1" 200 40556
[2026-09-23 19:16:50,343] INFO django.server basehttp: "GET /static/js/training_history.js?v=1790165810 HTTP/1.1" 200 26390
[2026-09-23 19:16:50,537] WARNING django.server basehttp: "GET /favicon.ico HTTP/1.1" 404 6222
[2026-09-23 19:17:12,919] INFO django.server basehttp: "GET /internal/ HTTP/1.1" 200 9233
[2026-09-23 19:17:12,943] INFO django.server basehttp: "GET /static/css/design-system.css?v=1790165832 HTTP/1.1" 200 7762
[2026-09-23 19:17:12,944] INFO django.server basehttp: "GET /static/css/app-shell.css?v=1790165832 HTTP/1.1" 200 40556
[2026-09-23 19:17:15,210] INFO django.server basehttp: "GET /training-history/ HTTP/1.1" 200 52456
[2026-09-23 19:17:15,237] INFO django.server basehttp: "GET /static/css/design-system.css?v=1790165835 HTTP/1.1" 200 7762
[2026-09-23 19:17:15,238] INFO django.server basehttp: "GET /static/css/app-shell.css?v=1790165835 HTTP/1.1" 200 40556
[2026-09-23 19:17:15,249] INFO django.server basehttp: "GET /static/js/training_history.js?v=1790165835 HTTP/1.1" 200 26390
[2026-09-23 19:18:22,503] INFO django.server basehttp: "HEAD / HTTP/1.1" 200 0
[2026-09-23 19:18:22,863] INFO django.server basehttp: "GET / HTTP/1.1" 200 33377
[2026-09-23 19:18:22,882] INFO django.server basehttp: "GET /static/css/design-system.css?v=1790165902 HTTP/1.1" 200 7762
[2026-09-23 19:18:22,885] INFO django.server basehttp: "GET /static/css/home.css?v=1790165902 HTTP/1.1" 200 16370
[2026-09-23 19:18:22,984] WARNING django.server basehttp: "GET /favicon.ico HTTP/1.1" 404 6222
[2026-09-23 19:18:25,704] INFO django.server basehttp: "GET /training-history/ HTTP/1.1" 200 52501
[2026-09-23 19:18:25,722] INFO django.server basehttp: "GET /static/css/design-system.css?v=1790165905 HTTP/1.1" 200 7762
[2026-09-23 19:18:25,722] INFO django.server basehttp: "GET /static/css/app-shell.css?v=1790165905 HTTP/1.1" 200 40556
[2026-09-23 19:18:25,746] INFO django.server basehttp: "GET /static/js/training_history.js?v=1790165905 HTTP/1.1" 200 26390
[2026-09-23 19:18:25,981] WARNING django.server basehttp: "GET /favicon.ico HTTP/1.1" 404 6222
[2026-09-23 19:19:37,773] INFO django.server basehttp: "GET /training-history/ HTTP/1.1" 200 52486
[2026-09-23 19:19:37,803] INFO django.server basehttp: "GET /static/css/design-system.css?v=1790165977 HTTP/1.1" 200 7762
[2026-09-23 19:19:37,804] INFO django.server basehttp: "GET /static/css/app-shell.css?v=1790165977 HTTP/1.1" 200 40556
[2026-09-23 19:19:37,815] INFO django.server basehttp: "GET /static/js/training_history.js?v=1790165977 HTTP/1.1" 200 26390
[2026-09-23 19:20:24,167] INFO django.server basehttp: "GET /training-history/ HTTP/1.1" 200 52486
[2026-09-23 19:20:24,189] INFO django.server basehttp: "GET /static/css/design-system.css?v=1790166024 HTTP/1.1" 200 7762
[2026-09-23 19:20:24,189] INFO django.server basehttp: "GET /static/css/app-shell.css?v=1790166024 HTTP/1.1" 200 40556
[2026-09-23 19:20:24,197] INFO django.server basehttp: "GET /static/js/training_history.js?v=1790166024 HTTP/1.1" 200 26390
[2026-09-23 19:20:24,968] INFO django.server basehttp: "GET /training-history/ HTTP/1.1" 200 52486
[2026-09-23 19:22:22,743] INFO django.server basehttp: "HEAD / HTTP/1.1" 200 0
[2026-09-23 19:22:23,092] INFO django.server basehttp: "GET / HTTP/1.1" 200 33023
[2026-09-23 19:22:23,106] INFO django.server basehttp: "GET /static/css/design-system.css?v=1790166143 HTTP/1.1" 200 7762
[2026-09-23 19:22:23,109] INFO django.server basehttp: "GET /static/css/home.css?v=1790166143 HTTP/1.1" 200 16370
[2026-09-23 19:22:23,174] WARNING django.server basehttp: "GET /favicon.ico HTTP/1.1" 404 6222
[2026-09-23 19:22:37,561] INFO django.server basehttp: "GET /login/ HTTP/1.1" 200 4891
[2026-09-23 19:22:37,574] INFO django.server basehttp: "GET /static/css/home.css?v=1790166157 HTTP/1.1" 200 16370
[2026-09-23 19:22:37,575] INFO django.server basehttp: "GET /static/css/design-system.css?v=1790166157 HTTP/1.1" 200 7762
[2026-09-23 19:22:37,591] WARNING django.server basehttp: "GET /favicon.ico HTTP/1.1" 404 6222
[2026-09-23 19:22:54,748] INFO django.server basehttp: "POST /login/ HTTP/1.1" 302 0
[2026-09-23 19:22:54,766] INFO django.server basehttp: "GET /dashboard/ HTTP/1.1" 200 9004
[2026-09-23 19:22:54,786] INFO django.server basehttp: "GET /static/css/design-system.css?v=1790166174 HTTP/1.1" 200 7762
[2026-09-23 19:22:54,786] INFO django.server basehttp: "GET /static/css/app-shell.css?v=1790166174 HTTP/1.1" 200 40556
[2026-09-23 19:22:54,855] WARNING django.server basehttp: "GET /favicon.ico HTTP/1.1" 404 6222
[2026-09-23 19:22:58,240] INFO django.server basehttp: "GET /training-history/ HTTP/1.1" 200 52061
[2026-09-23 19:22:58,256] INFO django.server basehttp: "GET /static/css/app-shell.css?v=1790166178 HTTP/1.1" 200 40556
[2026-09-23 19:22:58,338] INFO django.server basehttp: "GET /static/js/training_history.js?v=1790166178 HTTP/1.1" 200 26390
[2026-09-23 19:22:59,258] INFO django.server basehttp: "GET /static/css/design-system.css?v=1790166178 HTTP/1.1" 200 7762
[2026-09-23 19:22:59,576] WARNING django.server basehttp: "GET /favicon.ico HTTP/1.1" 404 6222
[2026-09-23 19:23:47,342] INFO django.server basehttp: "GET /training-history/ HTTP/1.1" 200 52046
[2026-09-23 19:23:47,369] INFO django.server basehttp: "GET /static/css/design-system.css?v=1790166227 HTTP/1.1" 200 7762
[2026-09-23 19:23:47,370] INFO django.server basehttp: "GET /static/css/app-shell.css?v=1790166227 HTTP/1.1" 200 40556
[2026-09-23 19:23:47,377] INFO django.server basehttp: "GET /static/js/training_history.js?v=1790166227 HTTP/1.1" 200 26390
[2026-09-23 19:26:45,400] INFO django.server basehttp: "GET /login/ HTTP/1.1" 200 4891
[2026-09-23 19:26:45,413] INFO django.server basehttp: "GET /static/css/design-system.css?v=1790166405 HTTP/1.1" 200 7762
[2026-09-23 19:26:45,414] INFO django.server basehttp: "GET /static/css/home.css?v=1790166405 HTTP/1.1" 200 16370
[2026-09-23 19:26:45,428] WARNING django.server basehttp: "GET /favicon.ico HTTP/1.1" 404 6222
[2026-09-23 19:27:10,667] INFO django.server basehttp: "GET /training-history/ HTTP/1.1" 200 52046
[2026-09-23 19:27:10,692] INFO django.server basehttp: "GET /static/css/design-system.css?v=1790166430 HTTP/1.1" 200 7762
[2026-09-23 19:27:10,693] INFO django.server basehttp: "GET /static/css/app-shell.css?v=1790166430 HTTP/1.1" 200 40556
[2026-09-23 19:27:10,701] INFO django.server basehttp: "GET /static/js/training_history.js?v=1790166430 HTTP/1.1" 200 26390
[2026-09-23 19:27:17,478] INFO django.server basehttp: "POST /login/ HTTP/1.1" 302 0
[2026-09-23 19:27:17,492] INFO django.server basehttp: "GET /dashboard/ HTTP/1.1" 200 8995
[2026-09-23 19:27:17,510] INFO django.server basehttp: "GET /static/css/design-system.css?v=1790166437 HTTP/1.1" 200 7762
[2026-09-23 19:27:17,510] INFO django.server basehttp: "GET /static/css/app-shell.css?v=1790166437 HTTP/1.1" 200 40556
[2026-09-23 19:27:17,535] WARNING django.server basehttp: "GET /favicon.ico HTTP/1.1" 404 6222
[2026-09-23 19:27:22,917] INFO django.server basehttp: "GET /training-history/ HTTP/1.1" 200 52061
[2026-09-23 19:27:22,930] INFO django.server basehttp: "GET /static/css/design-system.css?v=1790166442 HTTP/1.1" 200 7762
[2026-09-23 19:27:22,930] INFO django.server basehttp: "GET /static/css/app-shell.css?v=1790166442 HTTP/1.1" 200 40556
[2026-09-23 19:27:22,935] INFO django.server basehttp: "GET /static/js/training_history.js?v=1790166442 HTTP/1.1" 200 26390
[2026-09-23 19:27:23,196] WARNING django.server basehttp: "GET /favicon.ico HTTP/1.1" 404 6222
[2026-09-23 19:28:09,516] INFO django.server basehttp: "GET /training-history/ HTTP/1.1" 200 52046
[2026-09-23 19:28:09,547] INFO django.server basehttp: "GET /static/css/design-system.css?v=1790166489 HTTP/1.1" 200 7762
[2026-09-23 19:28:09,548] INFO django.server basehttp: "GET /static/css/app-shell.css?v=1790166489 HTTP/1.1" 200 40556
[2026-09-23 19:28:09,556] INFO django.server basehttp: "GET /static/js/training_history.js?v=1790166489 HTTP/1.1" 200 26390
[2026-09-23 19:28:30,320] INFO django.server basehttp: "HEAD / HTTP/1.1" 200 0
[2026-09-23 19:28:30,671] INFO django.server basehttp: "GET / HTTP/1.1" 200 33377
[2026-09-23 19:28:30,691] INFO django.server basehttp: "GET /static/css/design-system.css?v=1790166510 HTTP/1.1" 200 7762
[2026-09-23 19:28:30,694] INFO django.server basehttp: "GET /static/css/home.css?v=1790166510 HTTP/1.1" 200 16370
[2026-09-23 19:28:30,745] WARNING django.server basehttp: "GET /favicon.ico HTTP/1.1" 404 6222
[2026-09-23 19:28:35,841] INFO django.server basehttp: "GET /training-history/ HTTP/1.1" 200 53570
[2026-09-23 19:28:35,856] INFO django.server basehttp: "GET /static/css/design-system.css?v=1790166515 HTTP/1.1" 200 7762
[2026-09-23 19:28:35,857] INFO django.server basehttp: "GET /static/css/app-shell.css?v=1790166515 HTTP/1.1" 200 40556
[2026-09-23 19:28:35,863] INFO django.server basehttp: "GET /static/js/training_history.js?v=1790166515 HTTP/1.1" 200 26390
[2026-09-23 19:28:36,066] WARNING django.server basehttp: "GET /favicon.ico HTTP/1.1" 404 6222
[2026-09-23 19:28:41,176] INFO django.server basehttp: "GET /training-history/ HTTP/1.1" 200 53555
[2026-09-23 19:28:41,203] INFO django.server basehttp: "GET /static/css/design-system.css?v=1790166521 HTTP/1.1" 200 7762
[2026-09-23 19:28:41,203] INFO django.server basehttp: "GET /static/css/app-shell.css?v=1790166521 HTTP/1.1" 200 40556
[2026-09-23 19:28:41,212] INFO django.server basehttp: "GET /static/js/training_history.js?v=1790166521 HTTP/1.1" 200 26390
[2026-09-23 19:30:28,316] INFO django.server basehttp: "GET /training-history/ HTTP/1.1" 200 53555
[2026-09-23 19:30:28,343] INFO django.server basehttp: "GET /static/css/design-system.css?v=1790166628 HTTP/1.1" 200 7762
[2026-09-23 19:30:28,343] INFO django.server basehttp: "GET /static/css/app-shell.css?v=1790166628 HTTP/1.1" 200 40556
[2026-09-23 19:30:28,350] INFO django.server basehttp: "GET /static/js/training_history.js?v=1790166628 HTTP/1.1" 200 26390
[2026-09-23 19:33:29,526] INFO django.server basehttp: "HEAD / HTTP/1.1" 200 0
[2026-09-23 19:33:29,884] INFO django.server basehttp: "GET / HTTP/1.1" 200 33023
[2026-09-23 19:33:29,901] INFO django.server basehttp: "GET /static/css/design-system.css?v=1790166809 HTTP/1.1" 200 7762
[2026-09-23 19:33:29,905] INFO django.server basehttp: "GET /static/css/home.css?v=1790166809 HTTP/1.1" 200 16370
[2026-09-23 19:33:30,033] WARNING django.server basehttp: "GET /favicon.ico HTTP/1.1" 404 6222
[2026-09-23 19:33:34,981] INFO django.server basehttp: "GET /login/ HTTP/1.1" 200 4891
[2026-09-23 19:33:34,994] INFO django.server basehttp: "GET /static/css/home.css?v=1790166814 HTTP/1.1" 200 16370
[2026-09-23 19:33:34,994] INFO django.server basehttp: "GET /static/css/design-system.css?v=1790166814 HTTP/1.1" 200 7762
[2026-09-23 19:33:35,009] WARNING django.server basehttp: "GET /favicon.ico HTTP/1.1" 404 6222
[2026-09-23 19:33:40,315] INFO django.server basehttp: "GET /training-history/ HTTP/1.1" 200 54018
[2026-09-23 19:33:40,347] INFO django.server basehttp: "GET /static/css/design-system.css?v=1790166820 HTTP/1.1" 200 7762
[2026-09-23 19:33:40,348] INFO django.server basehttp: "GET /static/css/app-shell.css?v=1790166820 HTTP/1.1" 200 40556
[2026-09-23 19:33:40,357] INFO django.server basehttp: "GET /static/js/training_history.js?v=1790166820 HTTP/1.1" 200 26643
[2026-09-23 19:33:57,732] INFO django.server basehttp: "POST /login/ HTTP/1.1" 302 0
[2026-09-23 19:33:57,750] INFO django.server basehttp: "GET /dashboard/ HTTP/1.1" 200 8993
[2026-09-23 19:33:57,770] INFO django.server basehttp: "GET /static/css/design-system.css?v=1790166837 HTTP/1.1" 200 7762
[2026-09-23 19:33:57,771] INFO django.server basehttp: "GET /static/css/app-shell.css?v=1790166837 HTTP/1.1" 200 40556
[2026-09-23 19:33:57,813] WARNING django.server basehttp: "GET /favicon.ico HTTP/1.1" 404 6222
[2026-09-23 19:34:07,349] INFO django.server basehttp: "GET /training-history/ HTTP/1.1" 200 54033
[2026-09-23 19:34:07,361] INFO django.server basehttp: "GET /static/css/design-system.css?v=1790166847 HTTP/1.1" 200 7762
[2026-09-23 19:34:07,361] INFO django.server basehttp: "GET /static/css/app-shell.css?v=1790166847 HTTP/1.1" 200 40556
[2026-09-23 19:34:07,376] INFO django.server basehttp: "GET /static/js/training_history.js?v=1790166847 HTTP/1.1" 200 26643
[2026-09-23 19:34:07,639] WARNING django.server basehttp: "GET /favicon.ico HTTP/1.1" 404 6222
[2026-09-23 19:35:30,063] INFO django.server basehttp: "GET /training-history/ HTTP/1.1" 200 54018
[2026-09-23 19:35:30,091] INFO django.server basehttp: "GET /static/css/design-system.css?v=1790166930 HTTP/1.1" 200 7762
[2026-09-23 19:35:30,092] INFO django.server basehttp: "GET /static/css/app-shell.css?v=1790166930 HTTP/1.1" 200 40556
[2026-09-23 19:35:30,102] INFO django.server basehttp: "GET /static/js/training_history.js?v=1790166930 HTTP/1.1" 200 26828
[2026-09-23 19:35:51,580] INFO django.server basehttp: "GET /training-history/ HTTP/1.1" 200 54033
[2026-09-23 19:35:51,594] INFO django.server basehttp: "GET /static/css/design-system.css?v=1790166951 HTTP/1.1" 200 7762
[2026-09-23 19:35:51,594] INFO django.server basehttp: "GET /static/css/app-shell.css?v=1790166951 HTTP/1.1" 200 40556
[2026-09-23 19:35:51,599] INFO django.server basehttp: "GET /static/js/training_history.js?v=1790166951 HTTP/1.1" 200 26828
[2026-09-23 19:35:51,741] WARNING django.server basehttp: "GET /favicon.ico HTTP/1.1" 404 6222
[2026-09-23 19:37:13,154] INFO django.server basehttp: "GET /spare-parts/ HTTP/1.1" 200 61896
[2026-09-23 19:37:13,169] INFO django.server basehttp: "GET /static/css/design-system.css?v=1790167033 HTTP/1.1" 200 7762
[2026-09-23 19:37:13,170] INFO django.server basehttp: "GET /static/css/app-shell.css?v=1790167033 HTTP/1.1" 200 40556
[2026-09-23 19:37:13,173] INFO django.server basehttp: "GET /static/css/spare_parts.css?v=1790167033 HTTP/1.1" 200 15406
[2026-09-23 19:37:13,174] INFO django.server basehttp: "GET /static/js/spare_parts.js?v=1790167033 HTTP/1.1" 200 36365
[2026-09-23 19:37:13,294] WARNING django.server basehttp: "GET /favicon.ico HTTP/1.1" 404 6222
[2026-09-23 19:37:18,075] INFO django.server basehttp: "GET /training-history/ HTTP/1.1" 200 54018
[2026-09-23 19:37:18,104] INFO django.server basehttp: "GET /static/css/design-system.css?v=1790167038 HTTP/1.1" 200 7762
[2026-09-23 19:37:18,104] INFO django.server basehttp: "GET /static/css/app-shell.css?v=1790167038 HTTP/1.1" 200 40556
[2026-09-23 19:37:18,113] INFO django.server basehttp: "GET /static/js/training_history.js?v=1790167038 HTTP/1.1" 200 26828
[2026-09-23 19:39:52,153] INFO django.server basehttp: "GET /training-history/ HTTP/1.1" 200 54018
[2026-09-23 19:39:52,180] INFO django.server basehttp: "GET /static/css/design-system.css?v=1790167192 HTTP/1.1" 200 7762
[2026-09-23 19:39:52,182] INFO django.server basehttp: "GET /static/css/app-shell.css?v=1790167192 HTTP/1.1" 200 40556
[2026-09-23 19:39:52,190] INFO django.server basehttp: "GET /static/js/training_history.js?v=1790167192 HTTP/1.1" 200 26828
[2026-09-24 07:14:14,090] INFO django.server basehttp: "GET / HTTP/1.1" 200 33023
[2026-09-24 07:14:14,158] INFO django.server basehttp: "HEAD / HTTP/1.1" 200 0
[2026-09-24 07:14:14,257] INFO django.server basehttp: "GET /static/css/home.css?v=1790208854 HTTP/1.1" 200 16370
[2026-09-24 07:14:14,258] INFO django.server basehttp: "GET /static/img/standards/egat-no5.png HTTP/1.1" 304 0
[2026-09-24 07:14:14,260] INFO django.server basehttp: "GET /static/img/standards/tisi.png HTTP/1.1" 304 0
[2026-09-24 07:14:14,260] INFO django.server basehttp: "GET /static/css/design-system.css?v=1790208854 HTTP/1.1" 200 7762
[2026-09-24 07:14:14,263] INFO django.server basehttp: "GET /static/img/standards/ahri.png HTTP/1.1" 304 0
[2026-09-24 07:14:14,263] INFO django.server basehttp: "GET /static/img/standards/ilac-nsc.png HTTP/1.1" 304 0
[2026-09-24 07:14:14,382] INFO django.server basehttp: "GET /media/hero/Gemini_Image.jpg HTTP/1.1" 304 0
[2026-09-24 07:14:14,383] INFO django.server basehttp: "GET /media/modules/processed/Doc.gif HTTP/1.1" 304 0
[2026-09-24 07:14:14,385] INFO django.server basehttp: "GET /media/modules/processed/Manpower.gif HTTP/1.1" 304 0
[2026-09-24 07:14:14,449] INFO django.server basehttp: "GET /media/modules/processed/Cer.gif HTTP/1.1" 304 0
[2026-09-24 07:14:14,452] INFO django.server basehttp: "GET /media/modules/processed/Analytics.gif HTTP/1.1" 304 0
[2026-09-24 07:14:14,465] INFO django.server basehttp: "GET /media/modules/processed/Happy.gif HTTP/1.1" 304 0
[2026-09-24 07:14:14,466] INFO django.server basehttp: "GET /media/modules/processed/Tool2.gif HTTP/1.1" 304 0
[2026-09-24 07:14:14,495] WARNING django.server basehttp: "GET /favicon.ico HTTP/1.1" 404 6222
[2026-09-24 07:14:16,240] INFO django.server basehttp: "GET /accounts/login/ HTTP/1.1" 200 4891
[2026-09-24 07:14:16,252] INFO django.server basehttp: "GET /static/css/design-system.css?v=1790208856 HTTP/1.1" 200 7762
[2026-09-24 07:14:16,253] INFO django.server basehttp: "GET /static/css/home.css?v=1790208856 HTTP/1.1" 200 16370
[2026-09-24 07:14:16,289] WARNING django.server basehttp: "GET /favicon.ico HTTP/1.1" 404 6222
[2026-09-24 07:14:22,031] INFO django.server basehttp: "POST /accounts/login/ HTTP/1.1" 302 0
[2026-09-24 07:14:22,055] INFO django.server basehttp: "GET /dashboard/ HTTP/1.1" 200 8982
[2026-09-24 07:14:22,073] INFO django.server basehttp: "GET /static/css/design-system.css?v=1790208862 HTTP/1.1" 200 7762
[2026-09-24 07:14:22,074] INFO django.server basehttp: "GET /static/css/app-shell.css?v=1790208862 HTTP/1.1" 200 40556
[2026-09-24 07:14:22,164] WARNING django.server basehttp: "GET /favicon.ico HTTP/1.1" 404 6222
[2026-09-24 07:14:24,260] WARNING django.server basehttp: "GET /internal/training-history/ HTTP/1.1" 404 6371
[2026-09-24 07:14:24,302] WARNING django.server basehttp: "GET /favicon.ico HTTP/1.1" 404 6222
[2026-09-24 07:14:31,508] INFO django.server basehttp: "GET /training-history/ HTTP/1.1" 200 54258
[2026-09-24 07:14:31,522] INFO django.server basehttp: "GET /static/css/design-system.css?v=1790208871 HTTP/1.1" 200 7762
[2026-09-24 07:14:31,522] INFO django.server basehttp: "GET /static/css/app-shell.css?v=1790208871 HTTP/1.1" 200 40556
[2026-09-24 07:14:31,536] INFO django.server basehttp: "GET /static/js/training_history.js?v=1790208871 HTTP/1.1" 200 36903
[2026-09-24 07:14:31,761] WARNING django.server basehttp: "GET /favicon.ico HTTP/1.1" 404 6222
[2026-09-24 07:15:17,732] INFO django.server basehttp: "POST /training-history/api/employee/1/update/ HTTP/1.1" 200 693
[2026-09-24 07:15:36,584] INFO django.server basehttp: "GET /training-history/ HTTP/1.1" 200 54246
[2026-09-24 07:15:36,598] INFO django.server basehttp: "GET /static/css/design-system.css?v=1790208936 HTTP/1.1" 200 7762
[2026-09-24 07:15:36,599] INFO django.server basehttp: "GET /static/css/app-shell.css?v=1790208936 HTTP/1.1" 200 40556
[2026-09-24 07:15:36,605] INFO django.server basehttp: "GET /static/js/training_history.js?v=1790208936 HTTP/1.1" 200 36903
[2026-09-24 07:15:36,760] WARNING django.server basehttp: "GET /favicon.ico HTTP/1.1" 404 6222
[2026-09-24 07:16:02,963] INFO django.server basehttp: "GET /training-history/ HTTP/1.1" 200 54234
[2026-09-24 07:16:02,975] INFO django.server basehttp: "GET /static/css/design-system.css?v=1790208962 HTTP/1.1" 200 7762
[2026-09-24 07:16:02,976] INFO django.server basehttp: "GET /static/css/app-shell.css?v=1790208962 HTTP/1.1" 200 40556
[2026-09-24 07:16:02,980] INFO django.server basehttp: "GET /static/js/training_history.js?v=1790208962 HTTP/1.1" 200 36903
[2026-09-24 07:16:03,073] WARNING django.server basehttp: "GET /favicon.ico HTTP/1.1" 404 6222
[2026-09-24 07:16:33,262] INFO django.server basehttp: "POST /training-history/api/training/create/ HTTP/1.1" 200 267
[2026-09-24 07:17:07,370] INFO django.server basehttp: "POST /training-history/api/training/18/delete/ HTTP/1.1" 200 22
[2026-09-24 07:17:14,551] INFO django.server basehttp: "GET /training-history/ HTTP/1.1" 200 54234
[2026-09-24 07:17:14,565] INFO django.server basehttp: "GET /static/css/design-system.css?v=1790209034 HTTP/1.1" 200 7762
[2026-09-24 07:17:14,566] INFO django.server basehttp: "GET /static/css/app-shell.css?v=1790209034 HTTP/1.1" 200 40556
[2026-09-24 07:17:14,571] INFO django.server basehttp: "GET /static/js/training_history.js?v=1790209034 HTTP/1.1" 200 36903
[2026-09-24 07:17:14,686] WARNING django.server basehttp: "GET /favicon.ico HTTP/1.1" 404 6222
[2026-09-24 07:17:43,905] INFO django.server basehttp: "POST /training-history/api/employee/create/ HTTP/1.1" 200 520
[2026-09-24 07:17:53,745] INFO django.server basehttp: "POST /training-history/api/employee/13/delete/ HTTP/1.1" 200 35
[2026-09-24 07:18:34,517] INFO django.server basehttp: "GET /logout/ HTTP/1.1" 302 0
[2026-09-24 07:18:34,554] INFO django.server basehttp: "GET / HTTP/1.1" 200 33023
[2026-09-24 07:18:34,567] INFO django.server basehttp: "GET /static/css/home.css?v=1790209114 HTTP/1.1" 200 16370
[2026-09-24 07:18:34,567] INFO django.server basehttp: "GET /static/css/design-system.css?v=1790209114 HTTP/1.1" 200 7762
[2026-09-24 07:18:34,637] WARNING django.server basehttp: "GET /favicon.ico HTTP/1.1" 404 6222
[2026-09-24 07:18:37,231] INFO django.server basehttp: "GET /login/ HTTP/1.1" 200 5030
[2026-09-24 07:18:37,241] INFO django.server basehttp: "GET /static/css/design-system.css?v=1790209117 HTTP/1.1" 200 7762
[2026-09-24 07:18:37,241] INFO django.server basehttp: "GET /static/css/home.css?v=1790209117 HTTP/1.1" 200 16370
[2026-09-24 07:18:37,257] WARNING django.server basehttp: "GET /favicon.ico HTTP/1.1" 404 6222
[2026-09-24 07:18:50,949] INFO django.server basehttp: "POST /login/ HTTP/1.1" 302 0
[2026-09-24 07:18:50,987] INFO django.server basehttp: "GET / HTTP/1.1" 200 33367
[2026-09-24 07:18:51,003] INFO django.server basehttp: "GET /static/css/design-system.css?v=1790209130 HTTP/1.1" 200 7762
[2026-09-24 07:18:51,003] INFO django.server basehttp: "GET /static/css/home.css?v=1790209130 HTTP/1.1" 200 16370
[2026-09-24 07:18:51,020] WARNING django.server basehttp: "GET /favicon.ico HTTP/1.1" 404 6222
[2026-09-24 07:18:52,891] INFO django.server basehttp: "GET /training-history/ HTTP/1.1" 200 38765
[2026-09-24 07:18:52,905] INFO django.server basehttp: "GET /static/css/design-system.css?v=1790209132 HTTP/1.1" 200 7762
[2026-09-24 07:18:52,906] INFO django.server basehttp: "GET /static/css/app-shell.css?v=1790209132 HTTP/1.1" 200 40556
[2026-09-24 07:18:52,911] INFO django.server basehttp: "GET /static/js/training_history.js?v=1790209132 HTTP/1.1" 200 36903
[2026-09-24 07:18:53,050] WARNING django.server basehttp: "GET /favicon.ico HTTP/1.1" 404 6222
[2026-09-24 07:19:00,641] WARNING django.server basehttp: "POST /training-history/api/employee/1/update/ HTTP/1.1" 403 2753
[2026-09-24 07:19:03,974] INFO django.server basehttp: "GET /logout/ HTTP/1.1" 302 0
[2026-09-24 07:19:04,009] INFO django.server basehttp: "GET / HTTP/1.1" 200 33023
[2026-09-24 07:19:04,023] INFO django.server basehttp: "GET /static/css/home.css?v=1790209143 HTTP/1.1" 200 16370
[2026-09-24 07:19:04,023] INFO django.server basehttp: "GET /static/css/design-system.css?v=1790209143 HTTP/1.1" 200 7762
[2026-09-24 07:19:04,044] WARNING django.server basehttp: "GET /favicon.ico HTTP/1.1" 404 6222
[2026-09-24 07:51:35,556] INFO django.server basehttp: "GET /training-history/ HTTP/1.1" 302 0
[2026-09-24 07:51:35,571] INFO django.server basehttp: "GET /login/?next=/training-history/ HTTP/1.1" 200 4909
[2026-09-24 07:51:35,602] INFO django.server basehttp: "GET /static/css/design-system.css?v=1790211095 HTTP/1.1" 200 7762
[2026-09-24 07:51:35,603] INFO django.server basehttp: "GET /static/css/home.css?v=1790211095 HTTP/1.1" 200 16370
[2026-09-24 07:51:43,015] INFO django.server basehttp: "GET / HTTP/1.1" 200 33023
[2026-09-24 07:51:43,042] INFO django.server basehttp: "GET /static/css/home.css?v=1790211102 HTTP/1.1" 200 16370
[2026-09-24 07:51:43,042] INFO django.server basehttp: "GET /static/css/design-system.css?v=1790211102 HTTP/1.1" 200 7762
[2026-09-24 07:51:43,046] INFO django.server basehttp: "GET /static/img/standards/egat-no5.png HTTP/1.1" 304 0
[2026-09-24 07:51:43,047] INFO django.server basehttp: "GET /static/img/standards/tisi.png HTTP/1.1" 304 0
[2026-09-24 07:51:43,047] INFO django.server basehttp: "GET /static/img/standards/ahri.png HTTP/1.1" 304 0
[2026-09-24 07:51:43,047] INFO django.server basehttp: "GET /static/img/standards/ilac-nsc.png HTTP/1.1" 304 0
[2026-09-24 07:51:43,058] INFO django.server basehttp: "GET /media/modules/processed/Doc.gif HTTP/1.1" 304 0
[2026-09-24 07:51:43,059] INFO django.server basehttp: "GET /media/hero/Gemini_Image.jpg HTTP/1.1" 304 0
[2026-09-24 07:51:43,059] INFO django.server basehttp: "GET /media/modules/processed/Analytics.gif HTTP/1.1" 304 0
[2026-09-24 07:51:43,058] INFO django.server basehttp: "GET /media/modules/processed/Manpower.gif HTTP/1.1" 304 0
[2026-09-24 07:51:43,059] INFO django.server basehttp: "GET /media/modules/processed/Cer.gif HTTP/1.1" 304 0
[2026-09-24 07:51:43,060] INFO django.server basehttp: "GET /media/modules/processed/Happy.gif HTTP/1.1" 304 0
[2026-09-24 07:51:43,081] INFO django.server basehttp: "GET /media/modules/processed/Tool2.gif HTTP/1.1" 304 0
[2026-09-24 07:51:44,606] INFO django.server basehttp: "GET /login/ HTTP/1.1" 200 4891
[2026-09-24 07:51:44,630] INFO django.server basehttp: "GET /static/css/home.css?v=1790211104 HTTP/1.1" 200 16370
[2026-09-24 07:51:44,630] INFO django.server basehttp: "GET /static/css/design-system.css?v=1790211104 HTTP/1.1" 200 7762
[2026-09-24 07:51:53,828] INFO django.server basehttp: "GET / HTTP/1.1" 200 33023
[2026-09-24 07:51:53,851] INFO django.server basehttp: "GET /static/css/design-system.css?v=1790211113 HTTP/1.1" 200 7762
[2026-09-24 07:51:53,854] INFO django.server basehttp: "GET /static/css/home.css?v=1790211113 HTTP/1.1" 200 16370
[2026-09-24 07:51:55,654] INFO django.server basehttp: "GET /internal/ HTTP/1.1" 302 0
[2026-09-24 07:51:55,667] INFO django.server basehttp: "GET /login/?next=/internal/ HTTP/1.1" 200 4901
[2026-09-24 07:51:55,692] INFO django.server basehttp: "GET /static/css/design-system.css?v=1790211115 HTTP/1.1" 200 7762
[2026-09-24 07:51:55,692] INFO django.server basehttp: "GET /static/css/home.css?v=1790211115 HTTP/1.1" 200 16370
[2026-09-24 07:52:09,470] INFO django.server basehttp: "POST /login/?next=/internal/ HTTP/1.1" 302 0
[2026-09-24 07:52:09,481] INFO django.server basehttp: "GET /internal/ HTTP/1.1" 200 9233
[2026-09-24 07:52:09,505] INFO django.server basehttp: "GET /static/css/design-system.css?v=1790211129 HTTP/1.1" 200 7762
[2026-09-24 07:52:09,506] INFO django.server basehttp: "GET /static/css/app-shell.css?v=1790211129 HTTP/1.1" 200 40556
[2026-09-24 07:52:12,923] INFO django.server basehttp: "GET /training-history/ HTTP/1.1" 200 54219
[2026-09-24 07:52:12,951] INFO django.server basehttp: "GET /static/css/design-system.css?v=1790211132 HTTP/1.1" 200 7762
[2026-09-24 07:52:12,951] INFO django.server basehttp: "GET /static/css/app-shell.css?v=1790211132 HTTP/1.1" 200 40556
[2026-09-24 07:52:13,006] INFO django.server basehttp: "GET /static/js/training_history.js?v=1790211132 HTTP/1.1" 200 36903
[2026-09-24 09:50:10,461] INFO django.server basehttp: "HEAD / HTTP/1.1" 200 0
[2026-09-24 09:50:10,647] INFO django.server basehttp: "GET / HTTP/1.1" 200 33023
[2026-09-24 09:50:10,828] INFO django.server basehttp: "GET /static/css/design-system.css?v=1790218210 HTTP/1.1" 200 7762
[2026-09-24 09:50:10,832] INFO django.server basehttp: "GET /static/css/home.css?v=1790218210 HTTP/1.1" 200 16370
[2026-09-24 09:50:10,841] INFO django.server basehttp: "GET /static/img/standards/egat-no5.png HTTP/1.1" 200 209103
[2026-09-24 09:50:10,846] INFO django.server basehttp: "GET /static/img/standards/tisi.png HTTP/1.1" 200 3253
[2026-09-24 09:50:10,851] INFO django.server basehttp: "GET /static/img/standards/ahri.png HTTP/1.1" 200 6411
[2026-09-24 09:50:10,857] INFO django.server basehttp: "GET /static/img/standards/ilac-nsc.png HTTP/1.1" 200 102245
[2026-09-24 09:50:11,038] INFO django.server basehttp: "GET /media/hero/Gemini_Image.jpg HTTP/1.1" 200 747319
[2026-09-24 09:50:11,053] INFO django.server basehttp: "GET /media/modules/processed/Doc.gif HTTP/1.1" 200 925983
[2026-09-24 09:50:11,074] INFO django.server basehttp: "GET /media/modules/processed/Manpower.gif HTTP/1.1" 200 1581887
[2026-09-24 09:50:11,090] INFO django.server basehttp: "GET /media/modules/processed/Cer.gif HTTP/1.1" 200 1286837
[2026-09-24 09:50:11,109] INFO django.server basehttp: "GET /media/modules/processed/Analytics.gif HTTP/1.1" 200 1552807
[2026-09-24 09:50:11,134] INFO django.server basehttp: "GET /media/modules/processed/Happy.gif HTTP/1.1" 200 2320924
[2026-09-24 09:50:11,168] INFO django.server basehttp: "GET /media/modules/processed/Tool2.gif HTTP/1.1" 200 1119879
[2026-09-24 09:50:11,508] WARNING django.server basehttp: "GET /favicon.ico HTTP/1.1" 404 6222
[2026-09-24 09:50:46,563] INFO django.server basehttp: "GET / HTTP/1.1" 200 33023
[2026-09-24 09:50:46,872] INFO django.server basehttp: "GET /static/css/design-system.css?v=1790218246 HTTP/1.1" 200 7762
[2026-09-24 09:50:46,872] INFO django.server basehttp: "GET /static/css/home.css?v=1790218246 HTTP/1.1" 200 16370
[2026-09-24 09:50:46,877] INFO django.server basehttp: "GET /static/img/standards/tisi.png HTTP/1.1" 200 3253
[2026-09-24 09:50:46,879] INFO django.server basehttp: "GET /static/img/standards/ahri.png HTTP/1.1" 200 6411
[2026-09-24 09:50:46,880] INFO django.server basehttp: "GET /static/img/standards/egat-no5.png HTTP/1.1" 200 209103
[2026-09-24 09:50:46,883] INFO django.server basehttp: "GET /static/img/standards/ilac-nsc.png HTTP/1.1" 200 102245
[2026-09-24 09:50:46,906] INFO django.server basehttp: "GET /media/hero/Gemini_Image.jpg HTTP/1.1" 200 747319
[2026-09-24 09:50:46,914] INFO django.server basehttp: "GET /media/modules/processed/Doc.gif HTTP/1.1" 200 925983
[2026-09-24 09:50:46,924] INFO django.server basehttp: "GET /media/modules/processed/Cer.gif HTTP/1.1" 200 1286837
[2026-09-24 09:50:46,929] INFO django.server basehttp: "GET /media/modules/processed/Analytics.gif HTTP/1.1" 200 1552807
[2026-09-24 09:50:46,935] INFO django.server basehttp: "GET /media/modules/processed/Manpower.gif HTTP/1.1" 200 1581887
[2026-09-24 09:50:46,952] INFO django.server basehttp: "GET /media/modules/processed/Tool2.gif HTTP/1.1" 200 1119879
[2026-09-24 09:50:46,953] INFO django.server basehttp: "GET /media/modules/processed/Happy.gif HTTP/1.1" 200 2320924
[2026-09-24 09:50:47,200] WARNING django.server basehttp: "GET /favicon.ico HTTP/1.1" 404 6222
[2026-09-24 09:51:47,367] INFO django.server basehttp: "GET /login/ HTTP/1.1" 200 4891
[2026-09-24 09:51:47,392] INFO django.server basehttp: "GET /static/css/design-system.css?v=1790218307 HTTP/1.1" 200 7762
[2026-09-24 09:51:47,392] INFO django.server basehttp: "GET /static/css/home.css?v=1790218307 HTTP/1.1" 200 16370
[2026-09-24 09:52:00,794] INFO django.server basehttp: "POST /login/ HTTP/1.1" 302 0
[2026-09-24 09:52:00,823] INFO django.server basehttp: "GET /dashboard/ HTTP/1.1" 200 8888
[2026-09-24 09:52:00,847] INFO django.server basehttp: "GET /static/css/design-system.css?v=1790218320 HTTP/1.1" 200 7762
[2026-09-24 09:52:00,850] INFO django.server basehttp: "GET /static/css/app-shell.css?v=1790218320 HTTP/1.1" 200 40556
[2026-09-24 09:52:04,152] INFO django.server basehttp: "GET / HTTP/1.1" 200 33362
[2026-09-24 09:52:04,180] INFO django.server basehttp: "GET /static/css/home.css?v=1790218324 HTTP/1.1" 200 16370
[2026-09-24 09:52:04,180] INFO django.server basehttp: "GET /static/css/design-system.css?v=1790218324 HTTP/1.1" 200 7762
[2026-09-24 09:52:06,864] INFO django.server basehttp: "GET /internal/ HTTP/1.1" 200 9233
[2026-09-24 09:52:06,885] INFO django.server basehttp: "GET /static/css/design-system.css?v=1790218326 HTTP/1.1" 200 7762
[2026-09-24 09:52:06,886] INFO django.server basehttp: "GET /static/css/app-shell.css?v=1790218326 HTTP/1.1" 200 40556
[2026-09-24 09:52:08,940] INFO django.server basehttp: "GET /training-history/ HTTP/1.1" 200 54219
[2026-09-24 09:52:08,967] INFO django.server basehttp: "GET /static/css/design-system.css?v=1790218328 HTTP/1.1" 200 7762
[2026-09-24 09:52:08,969] INFO django.server basehttp: "GET /static/css/app-shell.css?v=1790218328 HTTP/1.1" 200 40556
[2026-09-24 09:52:09,071] INFO django.server basehttp: "GET /static/js/training_history.js?v=1790218328 HTTP/1.1" 200 36903
[2026-09-24 09:55:56,119] INFO django.server basehttp: "HEAD / HTTP/1.1" 200 0
[2026-09-24 09:55:56,483] INFO django.server basehttp: "GET / HTTP/1.1" 200 33023
[2026-09-24 09:55:56,505] INFO django.server basehttp: "GET /static/css/design-system.css?v=1790218556 HTTP/1.1" 200 7762
[2026-09-24 09:55:56,508] INFO django.server basehttp: "GET /static/css/home.css?v=1790218556 HTTP/1.1" 200 16370
[2026-09-24 09:55:56,623] WARNING django.server basehttp: "GET /favicon.ico HTTP/1.1" 404 6222
[2026-09-24 09:56:24,260] INFO django.server basehttp: "GET /training-history/ HTTP/1.1" 200 54891
[2026-09-24 09:56:24,292] INFO django.server basehttp: "GET /static/css/design-system.css?v=1790218584 HTTP/1.1" 200 7762
[2026-09-24 09:56:24,292] INFO django.server basehttp: "GET /static/css/app-shell.css?v=1790218584 HTTP/1.1" 200 40556
[2026-09-24 09:56:24,302] INFO django.server basehttp: "GET /static/js/training_history.js?v=1790218584 HTTP/1.1" 200 37381
[2026-09-24 09:56:37,754] INFO django.server basehttp: "POST /training-history/api/employee/1/update/ HTTP/1.1" 200 709
[2026-09-24 09:56:43,387] INFO django.server basehttp: "POST /training-history/api/employee/1/update/ HTTP/1.1" 200 705
[2026-09-24 09:59:01,494] INFO django.server basehttp: "GET /training-history/ HTTP/1.1" 200 54891
[2026-09-24 09:59:01,531] INFO django.server basehttp: "GET /static/css/design-system.css?v=1790218741 HTTP/1.1" 200 7762
[2026-09-24 09:59:01,532] INFO django.server basehttp: "GET /static/css/app-shell.css?v=1790218741 HTTP/1.1" 200 40556
[2026-09-24 09:59:01,542] INFO django.server basehttp: "GET /static/js/training_history.js?v=1790218741 HTTP/1.1" 200 37381
[2026-09-24 09:59:15,309] INFO django.server basehttp: "HEAD / HTTP/1.1" 200 0
[2026-09-24 09:59:15,677] INFO django.server basehttp: "GET / HTTP/1.1" 200 33023
[2026-09-24 09:59:15,692] INFO django.server basehttp: "GET /static/css/design-system.css?v=1790218755 HTTP/1.1" 200 7762
[2026-09-24 09:59:15,695] INFO django.server basehttp: "GET /static/css/home.css?v=1790218755 HTTP/1.1" 200 16370
[2026-09-24 09:59:15,827] WARNING django.server basehttp: "GET /favicon.ico HTTP/1.1" 404 6222
[2026-09-24 09:59:35,337] INFO django.server basehttp: "GET /training-history/ HTTP/1.1" 200 54915
[2026-09-24 09:59:35,369] INFO django.server basehttp: "GET /static/css/design-system.css?v=1790218775 HTTP/1.1" 200 7762
[2026-09-24 09:59:35,373] INFO django.server basehttp: "GET /static/css/app-shell.css?v=1790218775 HTTP/1.1" 200 40556
[2026-09-24 09:59:35,377] INFO django.server basehttp: "GET /static/js/training_history.js?v=1790218775 HTTP/1.1" 200 37381
[2026-09-24 10:01:10,037] WARNING django.server basehttp: "GET /favicon.ico HTTP/1.1" 404 6222
[2026-09-24 10:01:14,604] INFO django.server basehttp: "GET /training-history/ HTTP/1.1" 200 54915
[2026-09-24 10:01:14,640] INFO django.server basehttp: "GET /static/css/design-system.css?v=1790218874 HTTP/1.1" 200 7762
[2026-09-24 10:01:14,641] INFO django.server basehttp: "GET /static/css/app-shell.css?v=1790218874 HTTP/1.1" 200 40556
[2026-09-24 10:01:14,656] INFO django.server basehttp: "GET /static/js/training_history.js?v=1790218874 HTTP/1.1" 200 37381
[2026-09-24 10:01:20,480] INFO django.server basehttp: "GET / HTTP/1.1" 200 33023
[2026-09-24 10:01:20,499] INFO django.server basehttp: "GET /static/css/design-system.css?v=1790218880 HTTP/1.1" 200 7762
[2026-09-24 10:01:20,504] INFO django.server basehttp: "GET /static/css/home.css?v=1790218880 HTTP/1.1" 200 16370
[2026-09-24 10:01:20,591] WARNING django.server basehttp: "GET /favicon.ico HTTP/1.1" 404 6222
[2026-09-24 10:01:29,052] INFO django.server basehttp: "GET /training-history/ HTTP/1.1" 200 54915
[2026-09-24 10:01:29,085] INFO django.server basehttp: "GET /static/css/design-system.css?v=1790218889 HTTP/1.1" 200 7762
[2026-09-24 10:01:29,085] INFO django.server basehttp: "GET /static/css/app-shell.css?v=1790218889 HTTP/1.1" 200 40556
[2026-09-24 10:01:29,100] INFO django.server basehttp: "GET /static/js/training_history.js?v=1790218889 HTTP/1.1" 200 37381
[2026-09-24 10:01:39,472] INFO django.server basehttp: "GET /training-history/ HTTP/1.1" 200 54915
[2026-09-24 10:01:39,499] INFO django.server basehttp: "GET /static/css/design-system.css?v=1790218899 HTTP/1.1" 200 7762
[2026-09-24 10:01:39,499] INFO django.server basehttp: "GET /static/css/app-shell.css?v=1790218899 HTTP/1.1" 200 40556
[2026-09-24 10:01:39,509] INFO django.server basehttp: "GET /static/js/training_history.js?v=1790218899 HTTP/1.1" 200 37381
[2026-09-24 10:02:20,049] INFO django.server basehttp: "GET /training-history/ HTTP/1.1" 200 54915
[2026-09-24 10:02:20,077] INFO django.server basehttp: "GET /static/css/design-system.css?v=1790218940 HTTP/1.1" 200 7762
[2026-09-24 10:02:20,077] INFO django.server basehttp: "GET /static/css/app-shell.css?v=1790218940 HTTP/1.1" 200 40556
[2026-09-24 10:02:20,087] INFO django.server basehttp: "GET /static/js/training_history.js?v=1790218940 HTTP/1.1" 200 37381
[2026-09-24 10:03:07,311] INFO django.server basehttp: "HEAD / HTTP/1.1" 200 0
[2026-09-24 10:03:07,661] INFO django.server basehttp: "GET / HTTP/1.1" 200 33023
[2026-09-24 10:03:07,678] INFO django.server basehttp: "GET /static/css/design-system.css?v=1790218987 HTTP/1.1" 200 7762
[2026-09-24 10:03:07,681] INFO django.server basehttp: "GET /static/css/home.css?v=1790218987 HTTP/1.1" 200 16370
[2026-09-24 10:03:07,735] WARNING django.server basehttp: "GET /favicon.ico HTTP/1.1" 404 6222
[2026-09-24 10:03:07,902] INFO django.server basehttp: "GET /accounts/users/ HTTP/1.1" 200 8263
[2026-09-24 10:03:07,943] INFO django.server basehttp: "GET /static/css/design-system.css?v=1790218987 HTTP/1.1" 200 7762
[2026-09-24 10:03:07,944] INFO django.server basehttp: "GET /static/css/app-shell.css?v=1790218987 HTTP/1.1" 200 40556
[2026-09-24 10:03:10,410] INFO django.server basehttp: "GET /accounts/users/33/edit/ HTTP/1.1" 200 17761
[2026-09-24 10:03:10,442] INFO django.server basehttp: "GET /static/css/design-system.css?v=1790218990 HTTP/1.1" 200 7762
[2026-09-24 10:03:11,443] INFO django.server basehttp: "GET /static/css/app-shell.css?v=1790218990 HTTP/1.1" 200 40556
[2026-09-24 10:03:29,637] INFO django.server basehttp: "GET /accounts/users/ HTTP/1.1" 200 8263
[2026-09-24 10:03:29,666] INFO django.server basehttp: "GET /static/css/design-system.css?v=1790219009 HTTP/1.1" 200 7762
[2026-09-24 10:03:29,667] INFO django.server basehttp: "GET /static/css/app-shell.css?v=1790219009 HTTP/1.1" 200 40556
[2026-09-24 10:03:31,288] INFO django.server basehttp: "GET / HTTP/1.1" 200 33362
[2026-09-24 10:03:31,320] INFO django.server basehttp: "GET /static/css/home.css?v=1790219011 HTTP/1.1" 200 16370
[2026-09-24 10:03:32,322] INFO django.server basehttp: "GET /static/css/design-system.css?v=1790219011 HTTP/1.1" 200 7762
[2026-09-24 10:03:35,635] INFO django.server basehttp: "GET /internal/ HTTP/1.1" 200 9233
[2026-09-24 10:03:35,663] INFO django.server basehttp: "GET /static/css/design-system.css?v=1790219015 HTTP/1.1" 200 7762
[2026-09-24 10:03:35,664] INFO django.server basehttp: "GET /static/css/app-shell.css?v=1790219015 HTTP/1.1" 200 40556
[2026-09-24 10:03:36,605] INFO django.server basehttp: "GET /spare-parts/ HTTP/1.1" 200 61881
[2026-09-24 10:03:36,632] INFO django.server basehttp: "GET /static/css/design-system.css?v=1790219016 HTTP/1.1" 200 7762
[2026-09-24 10:03:36,635] INFO django.server basehttp: "GET /static/css/app-shell.css?v=1790219016 HTTP/1.1" 200 40556
[2026-09-24 10:03:36,637] INFO django.server basehttp: "GET /static/css/spare_parts.css?v=1790219016 HTTP/1.1" 200 15406
[2026-09-24 10:03:36,637] INFO django.server basehttp: "GET /static/js/spare_parts.js?v=1790219016 HTTP/1.1" 200 36365
[2026-09-24 10:03:46,395] INFO django.server basehttp: "GET /accounts/users/ HTTP/1.1" 200 8263
[2026-09-24 10:03:46,423] INFO django.server basehttp: "GET /static/css/design-system.css?v=1790219026 HTTP/1.1" 200 7762
[2026-09-24 10:03:46,424] INFO django.server basehttp: "GET /static/css/app-shell.css?v=1790219026 HTTP/1.1" 200 40556
[2026-09-24 10:03:48,895] INFO django.server basehttp: "POST /logout/ HTTP/1.1" 302 0
[2026-09-24 10:03:48,934] INFO django.server basehttp: "GET / HTTP/1.1" 200 33023
[2026-09-24 10:03:48,964] INFO django.server basehttp: "GET /static/css/design-system.css?v=1790219028 HTTP/1.1" 200 7762
[2026-09-24 10:03:48,964] INFO django.server basehttp: "GET /static/css/home.css?v=1790219028 HTTP/1.1" 200 16370
[2026-09-24 10:03:51,860] INFO django.server basehttp: "GET /login/ HTTP/1.1" 200 5030
[2026-09-24 10:03:51,899] INFO django.server basehttp: "GET /static/css/design-system.css?v=1790219031 HTTP/1.1" 200 7762
[2026-09-24 10:03:51,899] INFO django.server basehttp: "GET /static/css/home.css?v=1790219031 HTTP/1.1" 200 16370
[2026-09-24 10:03:57,597] INFO django.server basehttp: "POST /login/ HTTP/1.1" 200 5375
[2026-09-24 10:03:57,621] INFO django.server basehttp: "GET /static/css/design-system.css?v=1790219037 HTTP/1.1" 200 7762
[2026-09-24 10:03:57,621] INFO django.server basehttp: "GET /static/css/home.css?v=1790219037 HTTP/1.1" 200 16370
[2026-09-24 10:04:01,169] INFO django.server basehttp: "POST /login/ HTTP/1.1" 200 5375
[2026-09-24 10:04:01,192] INFO django.server basehttp: "GET /static/css/design-system.css?v=1790219041 HTTP/1.1" 200 7762
[2026-09-24 10:04:02,194] INFO django.server basehttp: "GET /static/css/home.css?v=1790219041 HTTP/1.1" 200 16370
[2026-09-24 10:04:06,465] INFO django.server basehttp: "POST /login/ HTTP/1.1" 302 0
[2026-09-24 10:04:06,510] INFO django.server basehttp: "GET / HTTP/1.1" 200 33351
[2026-09-24 10:04:06,538] INFO django.server basehttp: "GET /static/css/design-system.css?v=1790219046 HTTP/1.1" 200 7762
[2026-09-24 10:04:06,538] INFO django.server basehttp: "GET /static/css/home.css?v=1790219046 HTTP/1.1" 200 16370
[2026-09-24 10:04:08,933] WARNING django.server basehttp: "GET /internal/ HTTP/1.1" 403 2753
[2026-09-24 10:04:08,962] INFO django.server basehttp: "GET /static/css/design-system.css?v=1790219048 HTTP/1.1" 200 7762
[2026-09-24 10:04:08,962] INFO django.server basehttp: "GET /static/css/home.css?v=1790219048 HTTP/1.1" 200 16370
[2026-09-24 10:04:10,333] INFO django.server basehttp: "GET / HTTP/1.1" 200 33351
[2026-09-24 10:04:10,362] INFO django.server basehttp: "GET /static/css/design-system.css?v=1790219050 HTTP/1.1" 200 7762
[2026-09-24 10:04:10,363] INFO django.server basehttp: "GET /static/css/home.css?v=1790219050 HTTP/1.1" 200 16370
[2026-09-24 10:04:12,955] INFO django.server basehttp: "POST /logout/ HTTP/1.1" 302 0
[2026-09-24 10:04:13,012] INFO django.server basehttp: "GET / HTTP/1.1" 200 33023
[2026-09-24 10:04:13,048] INFO django.server basehttp: "GET /static/css/design-system.css?v=1790219052 HTTP/1.1" 200 7762
[2026-09-24 10:04:13,049] INFO django.server basehttp: "GET /static/css/home.css?v=1790219052 HTTP/1.1" 200 16370
[2026-09-24 10:04:14,918] INFO django.server basehttp: "GET /login/ HTTP/1.1" 200 5030
[2026-09-24 10:04:14,947] INFO django.server basehttp: "GET /static/css/home.css?v=1790219054 HTTP/1.1" 200 16370
[2026-09-24 10:04:15,960] INFO django.server basehttp: "GET /static/css/design-system.css?v=1790219054 HTTP/1.1" 200 7762
[2026-09-24 10:04:23,869] INFO django.server basehttp: "POST /login/ HTTP/1.1" 302 0
[2026-09-24 10:04:23,886] INFO django.server basehttp: "GET /dashboard/ HTTP/1.1" 200 8861
[2026-09-24 10:04:23,913] INFO django.server basehttp: "GET /static/css/design-system.css?v=1790219063 HTTP/1.1" 200 7762
[2026-09-24 10:04:24,926] INFO django.server basehttp: "GET /static/css/app-shell.css?v=1790219063 HTTP/1.1" 200 40556
[2026-09-24 10:04:27,764] INFO django.server basehttp: "GET /accounts/users/ HTTP/1.1" 200 8263
[2026-09-24 10:04:27,791] INFO django.server basehttp: "GET /static/css/design-system.css?v=1790219067 HTTP/1.1" 200 7762
[2026-09-24 10:04:27,792] INFO django.server basehttp: "GET /static/css/app-shell.css?v=1790219067 HTTP/1.1" 200 40556
[2026-09-24 10:04:29,732] INFO django.server basehttp: "GET /accounts/users/new/ HTTP/1.1" 200 18043
[2026-09-24 10:04:29,763] INFO django.server basehttp: "GET /static/css/design-system.css?v=1790219069 HTTP/1.1" 200 7762
[2026-09-24 10:04:29,763] INFO django.server basehttp: "GET /static/css/app-shell.css?v=1790219069 HTTP/1.1" 200 40556
[2026-09-24 10:04:41,442] INFO django.server basehttp: "POST /accounts/users/new/ HTTP/1.1" 302 0
[2026-09-24 10:04:41,458] INFO django.server basehttp: "GET /accounts/users/ HTTP/1.1" 200 9742
[2026-09-24 10:04:41,490] INFO django.server basehttp: "GET /static/css/design-system.css?v=1790219081 HTTP/1.1" 200 7762
[2026-09-24 10:04:41,490] INFO django.server basehttp: "GET /static/css/app-shell.css?v=1790219081 HTTP/1.1" 200 40556
[2026-09-24 10:04:45,079] INFO django.server basehttp: "GET /accounts/users/new/ HTTP/1.1" 200 18043
[2026-09-24 10:04:45,108] INFO django.server basehttp: "GET /static/css/design-system.css?v=1790219085 HTTP/1.1" 200 7762
[2026-09-24 10:04:45,108] INFO django.server basehttp: "GET /static/css/app-shell.css?v=1790219085 HTTP/1.1" 200 40556
[2026-09-24 10:05:00,893] INFO django.server basehttp: "POST /accounts/users/new/ HTTP/1.1" 302 0
[2026-09-24 10:05:00,910] INFO django.server basehttp: "GET /accounts/users/ HTTP/1.1" 200 11048
[2026-09-24 10:05:00,940] INFO django.server basehttp: "GET /static/css/design-system.css?v=1790219100 HTTP/1.1" 200 7762
[2026-09-24 10:05:00,940] INFO django.server basehttp: "GET /static/css/app-shell.css?v=1790219100 HTTP/1.1" 200 40556
[2026-09-24 10:05:02,826] INFO django.server basehttp: "GET /accounts/users/66/edit/ HTTP/1.1" 200 17763
[2026-09-24 10:05:02,856] INFO django.server basehttp: "GET /static/css/design-system.css?v=1790219102 HTTP/1.1" 200 7762
[2026-09-24 10:05:02,857] INFO django.server basehttp: "GET /static/css/app-shell.css?v=1790219102 HTTP/1.1" 200 40556
[2026-09-24 10:05:06,926] INFO django.server basehttp: "POST /accounts/users/66/edit/ HTTP/1.1" 302 0
[2026-09-24 10:05:06,945] INFO django.server basehttp: "GET /accounts/users/ HTTP/1.1" 200 11042
[2026-09-24 10:05:06,976] INFO django.server basehttp: "GET /static/css/design-system.css?v=1790219106 HTTP/1.1" 200 7762
[2026-09-24 10:05:06,977] INFO django.server basehttp: "GET /static/css/app-shell.css?v=1790219106 HTTP/1.1" 200 40556
[2026-09-24 10:05:09,653] INFO django.server basehttp: "GET /accounts/users/new/ HTTP/1.1" 200 18043
[2026-09-24 10:05:09,681] INFO django.server basehttp: "GET /static/css/design-system.css?v=1790219109 HTTP/1.1" 200 7762
[2026-09-24 10:05:09,684] INFO django.server basehttp: "GET /static/css/app-shell.css?v=1790219109 HTTP/1.1" 200 40556
[2026-09-24 10:05:18,775] INFO django.server basehttp: "POST /accounts/users/new/ HTTP/1.1" 302 0
[2026-09-24 10:05:18,793] INFO django.server basehttp: "GET /accounts/users/ HTTP/1.1" 200 12354
[2026-09-24 10:05:18,824] INFO django.server basehttp: "GET /static/css/design-system.css?v=1790219118 HTTP/1.1" 200 7762
[2026-09-24 10:05:18,824] INFO django.server basehttp: "GET /static/css/app-shell.css?v=1790219118 HTTP/1.1" 200 40556
[2026-09-24 10:05:21,334] INFO django.server basehttp: "POST /logout/ HTTP/1.1" 302 0
[2026-09-24 10:05:21,375] INFO django.server basehttp: "GET / HTTP/1.1" 200 33023
[2026-09-24 10:05:21,406] INFO django.server basehttp: "GET /static/css/design-system.css?v=1790219121 HTTP/1.1" 200 7762
[2026-09-24 10:05:21,406] INFO django.server basehttp: "GET /static/css/home.css?v=1790219121 HTTP/1.1" 200 16370
[2026-09-24 10:05:23,177] INFO django.server basehttp: "GET /login/ HTTP/1.1" 200 5030
[2026-09-24 10:05:23,205] INFO django.server basehttp: "GET /static/css/design-system.css?v=1790219123 HTTP/1.1" 200 7762
[2026-09-24 10:05:23,205] INFO django.server basehttp: "GET /static/css/home.css?v=1790219123 HTTP/1.1" 200 16370
[2026-09-24 10:05:28,659] INFO django.server basehttp: "POST /login/ HTTP/1.1" 302 0
[2026-09-24 10:05:28,716] INFO django.server basehttp: "GET / HTTP/1.1" 200 33352
[2026-09-24 10:05:28,747] INFO django.server basehttp: "GET /static/css/home.css?v=1790219128 HTTP/1.1" 200 16370
[2026-09-24 10:05:28,747] INFO django.server basehttp: "GET /static/css/design-system.css?v=1790219128 HTTP/1.1" 200 7762
[2026-09-24 10:05:30,992] INFO django.server basehttp: "GET /internal/ HTTP/1.1" 200 8536
[2026-09-24 10:05:31,020] INFO django.server basehttp: "GET /static/css/design-system.css?v=1790219130 HTTP/1.1" 200 7762
[2026-09-24 10:05:31,021] INFO django.server basehttp: "GET /static/css/app-shell.css?v=1790219130 HTTP/1.1" 200 40556
[2026-09-24 10:05:32,409] INFO django.server basehttp: "GET /spare-parts/ HTTP/1.1" 200 51358
[2026-09-24 10:05:32,444] INFO django.server basehttp: "GET /static/css/design-system.css?v=1790219132 HTTP/1.1" 200 7762
[2026-09-24 10:05:32,445] INFO django.server basehttp: "GET /static/css/spare_parts.css?v=1790219132 HTTP/1.1" 200 15406
[2026-09-24 10:05:32,445] INFO django.server basehttp: "GET /static/js/spare_parts.js?v=1790219132 HTTP/1.1" 200 36365
[2026-09-24 10:05:32,446] INFO django.server basehttp: "GET /static/css/app-shell.css?v=1790219132 HTTP/1.1" 200 40556
[2026-09-24 10:05:47,968] INFO django.server basehttp: "GET /internal/ HTTP/1.1" 200 8536
[2026-09-24 10:05:47,994] INFO django.server basehttp: "GET /static/css/design-system.css?v=1790219147 HTTP/1.1" 200 7762
[2026-09-24 10:05:47,995] INFO django.server basehttp: "GET /static/css/app-shell.css?v=1790219147 HTTP/1.1" 200 40556
[2026-09-24 10:05:49,251] INFO django.server basehttp: "GET /training-history/ HTTP/1.1" 200 39040
[2026-09-24 10:05:49,283] INFO django.server basehttp: "GET /static/css/design-system.css?v=1790219149 HTTP/1.1" 200 7762
[2026-09-24 10:05:49,284] INFO django.server basehttp: "GET /static/css/app-shell.css?v=1790219149 HTTP/1.1" 200 40556
[2026-09-24 10:05:49,307] INFO django.server basehttp: "GET /static/js/training_history.js?v=1790219149 HTTP/1.1" 200 37381
[2026-09-24 10:05:55,547] INFO django.server basehttp: "GET /internal/ HTTP/1.1" 200 8536
[2026-09-24 10:05:55,574] INFO django.server basehttp: "GET /static/css/design-system.css?v=1790219155 HTTP/1.1" 200 7762
[2026-09-24 10:05:55,574] INFO django.server basehttp: "GET /static/css/app-shell.css?v=1790219155 HTTP/1.1" 200 40556
[2026-09-24 10:05:57,825] INFO django.server basehttp: "POST /logout/ HTTP/1.1" 302 0
[2026-09-24 10:05:57,869] INFO django.server basehttp: "GET / HTTP/1.1" 200 33023
[2026-09-24 10:05:57,899] INFO django.server basehttp: "GET /static/css/design-system.css?v=1790219157 HTTP/1.1" 200 7762
[2026-09-24 10:05:57,899] INFO django.server basehttp: "GET /static/css/home.css?v=1790219157 HTTP/1.1" 200 16370
[2026-09-24 10:06:00,113] INFO django.server basehttp: "GET /internal/ HTTP/1.1" 302 0
[2026-09-24 10:06:00,126] INFO django.server basehttp: "GET /login/?next=/internal/ HTTP/1.1" 200 5040
[2026-09-24 10:06:00,165] INFO django.server basehttp: "GET /static/css/design-system.css?v=1790219160 HTTP/1.1" 200 7762
[2026-09-24 10:06:00,166] INFO django.server basehttp: "GET /static/css/home.css?v=1790219160 HTTP/1.1" 200 16370
[2026-09-24 10:06:06,494] INFO django.server basehttp: "POST /login/?next=/internal/ HTTP/1.1" 302 0
[2026-09-24 10:06:06,509] WARNING django.server basehttp: "GET /internal/ HTTP/1.1" 403 2753
[2026-09-24 10:06:06,538] INFO django.server basehttp: "GET /static/css/design-system.css?v=1790219166 HTTP/1.1" 200 7762
[2026-09-24 10:06:06,538] INFO django.server basehttp: "GET /static/css/home.css?v=1790219166 HTTP/1.1" 200 16370
[2026-09-24 10:06:07,516] INFO django.server basehttp: "GET / HTTP/1.1" 200 33352
[2026-09-24 10:06:07,548] INFO django.server basehttp: "GET /static/css/home.css?v=1790219167 HTTP/1.1" 200 16370
[2026-09-24 10:06:07,548] INFO django.server basehttp: "GET /static/css/design-system.css?v=1790219167 HTTP/1.1" 200 7762
[2026-09-24 10:06:10,538] WARNING django.server basehttp: "GET /internal/ HTTP/1.1" 403 2753
[2026-09-24 10:06:10,567] INFO django.server basehttp: "GET /static/css/home.css?v=1790219170 HTTP/1.1" 200 16370
[2026-09-24 10:06:10,568] INFO django.server basehttp: "GET /static/css/design-system.css?v=1790219170 HTTP/1.1" 200 7762
[2026-09-24 10:06:11,434] INFO django.server basehttp: "GET / HTTP/1.1" 200 33352
[2026-09-24 10:06:11,464] INFO django.server basehttp: "GET /static/css/design-system.css?v=1790219171 HTTP/1.1" 200 7762
[2026-09-24 10:06:11,464] INFO django.server basehttp: "GET /static/css/home.css?v=1790219171 HTTP/1.1" 200 16370
[2026-09-24 10:06:14,320] INFO django.server basehttp: "POST /logout/ HTTP/1.1" 302 0
[2026-09-24 10:06:14,371] INFO django.server basehttp: "GET / HTTP/1.1" 200 33023
[2026-09-24 10:06:14,410] INFO django.server basehttp: "GET /static/css/design-system.css?v=1790219174 HTTP/1.1" 200 7762
[2026-09-24 10:06:14,410] INFO django.server basehttp: "GET /static/css/home.css?v=1790219174 HTTP/1.1" 200 16370
[2026-09-24 10:06:16,449] INFO django.server basehttp: "GET /internal/ HTTP/1.1" 302 0
[2026-09-24 10:06:16,460] INFO django.server basehttp: "GET /login/?next=/internal/ HTTP/1.1" 200 5040
[2026-09-24 10:06:16,497] INFO django.server basehttp: "GET /static/css/design-system.css?v=1790219176 HTTP/1.1" 200 7762
[2026-09-24 10:06:16,497] INFO django.server basehttp: "GET /static/css/home.css?v=1790219176 HTTP/1.1" 200 16370
[2026-09-24 10:06:21,346] INFO django.server basehttp: "POST /login/?next=/internal/ HTTP/1.1" 302 0
[2026-09-24 10:06:21,360] INFO django.server basehttp: "GET /internal/ HTTP/1.1" 200 8536
[2026-09-24 10:06:21,392] INFO django.server basehttp: "GET /static/css/design-system.css?v=1790219181 HTTP/1.1" 200 7762
[2026-09-24 10:06:21,392] INFO django.server basehttp: "GET /static/css/app-shell.css?v=1790219181 HTTP/1.1" 200 40556
[2026-09-24 10:06:23,974] INFO django.server basehttp: "GET /training-history/ HTTP/1.1" 200 39040
[2026-09-24 10:06:24,004] INFO django.server basehttp: "GET /static/css/design-system.css?v=1790219183 HTTP/1.1" 200 7762
[2026-09-24 10:06:24,004] INFO django.server basehttp: "GET /static/css/app-shell.css?v=1790219183 HTTP/1.1" 200 40556
[2026-09-24 10:06:24,011] INFO django.server basehttp: "GET /static/js/training_history.js?v=1790219183 HTTP/1.1" 200 37381
[2026-09-24 10:06:29,080] INFO django.server basehttp: "GET /internal/ HTTP/1.1" 200 8536
[2026-09-24 10:06:29,107] INFO django.server basehttp: "GET /static/css/design-system.css?v=1790219189 HTTP/1.1" 200 7762
[2026-09-24 10:06:29,107] INFO django.server basehttp: "GET /static/css/app-shell.css?v=1790219189 HTTP/1.1" 200 40556
[2026-09-24 10:06:29,959] INFO django.server basehttp: "GET /spare-parts/ HTTP/1.1" 200 61184
[2026-09-24 10:06:29,989] INFO django.server basehttp: "GET /static/css/spare_parts.css?v=1790219189 HTTP/1.1" 200 15406
[2026-09-24 10:06:29,991] INFO django.server basehttp: "GET /static/js/spare_parts.js?v=1790219189 HTTP/1.1" 200 36365
[2026-09-24 10:06:51,569] INFO django.server basehttp: "GET / HTTP/1.1" 200 33352
[2026-09-24 10:06:51,864] INFO django.server basehttp: "GET /static/css/design-system.css?v=1790219211 HTTP/1.1" 200 7762
[2026-09-24 10:06:51,865] INFO django.server basehttp: "GET /static/css/home.css?v=1790219211 HTTP/1.1" 200 16370
[2026-09-24 10:06:57,029] INFO django.server basehttp: "GET / HTTP/1.1" 200 33352
[2026-09-24 10:06:57,060] INFO django.server basehttp: "GET /static/css/design-system.css?v=1790219216 HTTP/1.1" 200 7762
[2026-09-24 10:06:57,060] INFO django.server basehttp: "GET /static/css/home.css?v=1790219216 HTTP/1.1" 200 16370
[2026-09-24 10:06:59,426] INFO django.server basehttp: "POST /logout/ HTTP/1.1" 302 0
[2026-09-24 10:06:59,491] INFO django.server basehttp: "GET / HTTP/1.1" 200 33023
[2026-09-24 10:06:59,526] INFO django.server basehttp: "GET /static/css/design-system.css?v=1790219219 HTTP/1.1" 200 7762
[2026-09-24 10:06:59,527] INFO django.server basehttp: "GET /static/css/home.css?v=1790219219 HTTP/1.1" 200 16370
[2026-09-24 10:07:01,508] INFO django.server basehttp: "GET /login/ HTTP/1.1" 200 5030
[2026-09-24 10:07:01,543] INFO django.server basehttp: "GET /static/css/home.css?v=1790219221 HTTP/1.1" 200 16370
[2026-09-24 10:07:01,543] INFO django.server basehttp: "GET /static/css/design-system.css?v=1790219221 HTTP/1.1" 200 7762
[2026-09-24 10:07:09,492] INFO django.server basehttp: "POST /login/ HTTP/1.1" 302 0
[2026-09-24 10:07:09,509] INFO django.server basehttp: "GET /dashboard/ HTTP/1.1" 200 8834
[2026-09-24 10:07:09,535] INFO django.server basehttp: "GET /static/css/design-system.css?v=1790219229 HTTP/1.1" 200 7762
[2026-09-24 10:07:09,535] INFO django.server basehttp: "GET /static/css/app-shell.css?v=1790219229 HTTP/1.1" 200 40556
[2026-09-24 10:07:12,678] INFO django.server basehttp: "GET /accounts/users/ HTTP/1.1" 200 12148
[2026-09-24 10:07:12,704] INFO django.server basehttp: "GET /static/css/design-system.css?v=1790219232 HTTP/1.1" 200 7762
[2026-09-24 10:07:12,705] INFO django.server basehttp: "GET /static/css/app-shell.css?v=1790219232 HTTP/1.1" 200 40556
[2026-09-24 10:07:31,207] INFO django.server basehttp: "GET /accounts/users/67/edit/ HTTP/1.1" 200 17763
[2026-09-24 10:07:31,237] INFO django.server basehttp: "GET /static/css/design-system.css?v=1790219251 HTTP/1.1" 200 7762
[2026-09-24 10:07:31,237] INFO django.server basehttp: "GET /static/css/app-shell.css?v=1790219251 HTTP/1.1" 200 40556
[2026-09-24 10:07:39,480] INFO django.server basehttp: "POST /accounts/users/67/edit/ HTTP/1.1" 302 0
[2026-09-24 10:07:39,497] INFO django.server basehttp: "GET /accounts/users/ HTTP/1.1" 200 12315
[2026-09-24 10:07:39,528] INFO django.server basehttp: "GET /static/css/design-system.css?v=1790219259 HTTP/1.1" 200 7762
[2026-09-24 10:07:39,528] INFO django.server basehttp: "GET /static/css/app-shell.css?v=1790219259 HTTP/1.1" 200 40556
[2026-09-24 10:07:41,791] INFO django.server basehttp: "GET /accounts/users/66/edit/ HTTP/1.1" 200 17763
[2026-09-24 10:07:41,821] INFO django.server basehttp: "GET /static/css/design-system.css?v=1790219261 HTTP/1.1" 200 7762
[2026-09-24 10:07:41,821] INFO django.server basehttp: "GET /static/css/app-shell.css?v=1790219261 HTTP/1.1" 200 40556
[2026-09-24 10:07:49,545] INFO django.server basehttp: "POST /accounts/users/66/edit/ HTTP/1.1" 302 0
[2026-09-24 10:07:49,563] INFO django.server basehttp: "GET /accounts/users/ HTTP/1.1" 200 12315
[2026-09-24 10:07:49,593] INFO django.server basehttp: "GET /static/css/design-system.css?v=1790219269 HTTP/1.1" 200 7762
[2026-09-24 10:07:49,594] INFO django.server basehttp: "GET /static/css/app-shell.css?v=1790219269 HTTP/1.1" 200 40556
[2026-09-24 10:08:07,832] INFO django.server basehttp: "GET / HTTP/1.1" 200 33362
[2026-09-24 10:08:07,860] INFO django.server basehttp: "GET /static/css/design-system.css?v=1790219287 HTTP/1.1" 200 7762
[2026-09-24 10:08:07,863] INFO django.server basehttp: "GET /static/css/home.css?v=1790219287 HTTP/1.1" 200 16370
[2026-09-24 10:08:10,633] INFO django.server basehttp: "GET /internal/ HTTP/1.1" 200 9233
[2026-09-24 10:08:10,658] INFO django.server basehttp: "GET /static/css/design-system.css?v=1790219290 HTTP/1.1" 200 7762
[2026-09-24 10:08:10,659] INFO django.server basehttp: "GET /static/css/app-shell.css?v=1790219290 HTTP/1.1" 200 40556
[2026-09-24 10:08:11,240] INFO django.server basehttp: "GET /spare-parts/ HTTP/1.1" 200 61881
[2026-09-24 10:08:11,271] INFO django.server basehttp: "GET /static/css/design-system.css?v=1790219291 HTTP/1.1" 200 7762
[2026-09-24 10:08:11,271] INFO django.server basehttp: "GET /static/css/spare_parts.css?v=1790219291 HTTP/1.1" 200 15406
[2026-09-24 10:08:11,272] INFO django.server basehttp: "GET /static/js/spare_parts.js?v=1790219291 HTTP/1.1" 200 36365
[2026-09-24 10:08:11,272] INFO django.server basehttp: "GET /static/css/app-shell.css?v=1790219291 HTTP/1.1" 200 40556
[2026-09-24 10:08:14,514] INFO django.server basehttp: "GET / HTTP/1.1" 200 33362
[2026-09-24 10:08:14,541] INFO django.server basehttp: "GET /static/css/design-system.css?v=1790219294 HTTP/1.1" 200 7762
[2026-09-24 10:08:14,547] INFO django.server basehttp: "GET /static/css/home.css?v=1790219294 HTTP/1.1" 200 16370
[2026-09-24 10:08:17,163] INFO django.server basehttp: "GET /internal/ HTTP/1.1" 200 9233
[2026-09-24 10:08:17,190] INFO django.server basehttp: "GET /static/css/design-system.css?v=1790219297 HTTP/1.1" 200 7762
[2026-09-24 10:08:17,191] INFO django.server basehttp: "GET /static/css/app-shell.css?v=1790219297 HTTP/1.1" 200 40556
[2026-09-24 10:08:18,141] INFO django.server basehttp: "GET /training-history/ HTTP/1.1" 200 54941
[2026-09-24 10:08:18,172] INFO django.server basehttp: "GET /static/css/design-system.css?v=1790219298 HTTP/1.1" 200 7762
[2026-09-24 10:08:18,173] INFO django.server basehttp: "GET /static/css/app-shell.css?v=1790219298 HTTP/1.1" 200 40556
[2026-09-24 10:08:18,198] INFO django.server basehttp: "GET /static/js/training_history.js?v=1790219298 HTTP/1.1" 200 37381
[2026-09-24 10:11:59,881] INFO django.server basehttp: "HEAD / HTTP/1.1" 200 0
[2026-09-24 10:12:00,259] INFO django.server basehttp: "GET / HTTP/1.1" 200 33023
[2026-09-24 10:12:00,274] INFO django.server basehttp: "GET /static/css/design-system.css?v=1790219520 HTTP/1.1" 200 7762
[2026-09-24 10:12:00,277] INFO django.server basehttp: "GET /static/css/home.css?v=1790219520 HTTP/1.1" 200 16370
[2026-09-24 10:12:00,392] WARNING django.server basehttp: "GET /favicon.ico HTTP/1.1" 404 6222
[2026-09-24 10:12:04,862] INFO django.server basehttp: "GET /static/_tmp_th_preview.html HTTP/1.1" 200 55803
[2026-09-24 10:12:04,875] INFO django.server basehttp: "GET /static/css/app-shell.css?v=1790219511 HTTP/1.1" 200 40556
[2026-09-24 10:12:04,875] INFO django.server basehttp: "GET /static/css/design-system.css?v=1790219511 HTTP/1.1" 200 7762
[2026-09-24 10:12:05,094] INFO django.server basehttp: "GET /static/js/training_history.js?v=1790219511 HTTP/1.1" 200 41176
[2026-09-24 10:12:05,480] WARNING django.server basehttp: "GET /favicon.ico HTTP/1.1" 404 6222
[2026-09-24 10:12:14,104] WARNING django.server basehttp: "GET /favicon.ico HTTP/1.1" 404 6222
[2026-09-24 10:12:14,305] INFO django.server basehttp: "GET /static/_tmp_th_preview.html HTTP/1.1" 304 0
[2026-09-24 10:12:25,620] WARNING django.server basehttp: "GET /favicon.ico HTTP/1.1" 404 6222
[2026-09-24 10:12:25,872] WARNING django.server basehttp: "GET /favicon.ico HTTP/1.1" 404 6222
[2026-09-24 10:12:36,983] WARNING django.server basehttp: "GET /favicon.ico HTTP/1.1" 404 6222
[2026-09-24 10:12:37,288] INFO django.server basehttp: "GET /static/_tmp_th_preview.html HTTP/1.1" 304 0
[2026-09-24 10:12:37,588] WARNING django.server basehttp: "GET /favicon.ico HTTP/1.1" 404 6222
[2026-09-24 10:12:37,608] WARNING django.server basehttp: "GET /favicon.ico HTTP/1.1" 404 6222
[2026-09-24 10:12:38,400] INFO django.server basehttp: "GET /training-history/ HTTP/1.1" 302 0
[2026-09-24 10:12:38,437] INFO django.server basehttp: "GET /login/?next=/training-history/ HTTP/1.1" 200 4909
[2026-09-24 10:12:38,466] INFO django.server basehttp: "GET /static/css/design-system.css?v=1790219558 HTTP/1.1" 200 7762
[2026-09-24 10:12:38,466] INFO django.server basehttp: "GET /static/css/home.css?v=1790219558 HTTP/1.1" 200 16370
[2026-09-24 10:12:46,711] INFO django.server basehttp: "GET / HTTP/1.1" 200 33023
[2026-09-24 10:12:46,736] INFO django.server basehttp: "GET /static/css/design-system.css?v=1790219566 HTTP/1.1" 200 7762
[2026-09-24 10:12:46,736] INFO django.server basehttp: "GET /static/css/home.css?v=1790219566 HTTP/1.1" 200 16370
[2026-09-24 10:12:47,736] INFO django.server basehttp: "GET / HTTP/1.1" 200 33023
[2026-09-24 10:12:47,767] INFO django.server basehttp: "GET /static/css/design-system.css?v=1790219567 HTTP/1.1" 200 7762
[2026-09-24 10:12:47,767] INFO django.server basehttp: "GET /static/css/home.css?v=1790219567 HTTP/1.1" 200 16370
[2026-09-24 10:12:47,900] WARNING django.server basehttp: "GET /favicon.ico HTTP/1.1" 404 6222
[2026-09-24 10:12:48,512] INFO django.server basehttp: "GET /login/ HTTP/1.1" 200 4891
[2026-09-24 10:12:48,562] INFO django.server basehttp: "GET /static/css/design-system.css?v=1790219568 HTTP/1.1" 200 7762
[2026-09-24 10:12:48,562] INFO django.server basehttp: "GET /static/css/home.css?v=1790219568 HTTP/1.1" 200 16370
[2026-09-24 10:12:57,417] INFO django.server basehttp: "POST /login/ HTTP/1.1" 302 0
[2026-09-24 10:12:57,442] INFO django.server basehttp: "GET /dashboard/ HTTP/1.1" 200 8833
[2026-09-24 10:12:57,471] INFO django.server basehttp: "GET /static/css/design-system.css?v=1790219577 HTTP/1.1" 200 7762
[2026-09-24 10:12:57,472] INFO django.server basehttp: "GET /static/css/app-shell.css?v=1790219577 HTTP/1.1" 200 40556
[2026-09-24 10:13:04,621] INFO django.server basehttp: "GET / HTTP/1.1" 200 33362
[2026-09-24 10:13:04,652] INFO django.server basehttp: "GET /static/css/design-system.css?v=1790219584 HTTP/1.1" 200 7762
[2026-09-24 10:13:04,653] INFO django.server basehttp: "GET /static/css/home.css?v=1790219584 HTTP/1.1" 200 16370
[2026-09-24 10:13:08,320] INFO django.server basehttp: "GET /internal/ HTTP/1.1" 200 9233
[2026-09-24 10:13:08,346] INFO django.server basehttp: "GET /static/css/design-system.css?v=1790219588 HTTP/1.1" 200 7762
[2026-09-24 10:13:08,346] INFO django.server basehttp: "GET /static/css/app-shell.css?v=1790219588 HTTP/1.1" 200 40556
[2026-09-24 10:13:12,389] INFO django.server basehttp: "GET /training-history/ HTTP/1.1" 200 55167
[2026-09-24 10:13:12,420] INFO django.server basehttp: "GET /static/css/design-system.css?v=1790219592 HTTP/1.1" 200 7762
[2026-09-24 10:13:12,420] INFO django.server basehttp: "GET /static/css/app-shell.css?v=1790219592 HTTP/1.1" 200 40556
[2026-09-24 10:13:12,481] INFO django.server basehttp: "GET /static/js/training_history.js?v=1790219592 HTTP/1.1" 200 41176
[2026-09-24 10:13:16,135] INFO django.server basehttp: "GET /training-history/ HTTP/1.1" 200 55167
[2026-09-24 10:15:16,442] INFO django.server basehttp: "GET /training-history/ HTTP/1.1" 200 55167
[2026-09-24 10:15:16,477] INFO django.server basehttp: "GET /static/css/design-system.css?v=1790219716 HTTP/1.1" 200 7762
[2026-09-24 10:15:16,477] INFO django.server basehttp: "GET /static/css/app-shell.css?v=1790219716 HTTP/1.1" 200 40556
[2026-09-24 10:15:16,486] INFO django.server basehttp: "GET /static/js/training_history.js?v=1790219716 HTTP/1.1" 200 43226
[2026-09-24 10:15:30,331] INFO django.server basehttp: "HEAD / HTTP/1.1" 200 0
[2026-09-24 10:15:30,697] INFO django.server basehttp: "GET / HTTP/1.1" 200 33023
[2026-09-24 10:15:30,717] INFO django.server basehttp: "GET /static/css/design-system.css?v=1790219730 HTTP/1.1" 200 7762
[2026-09-24 10:15:30,721] INFO django.server basehttp: "GET /static/css/home.css?v=1790219730 HTTP/1.1" 200 16370
[2026-09-24 10:15:30,851] WARNING django.server basehttp: "GET /favicon.ico HTTP/1.1" 404 6222
[2026-09-24 10:15:34,563] INFO django.server basehttp: "GET /static/_tmp_th_preview.html HTTP/1.1" 200 57609
[2026-09-24 10:15:34,577] INFO django.server basehttp: "GET /static/css/design-system.css?v=1790219723 HTTP/1.1" 200 7762
[2026-09-24 10:15:34,577] INFO django.server basehttp: "GET /static/css/app-shell.css?v=1790219723 HTTP/1.1" 200 40556
[2026-09-24 10:15:34,628] INFO django.server basehttp: "GET /static/js/training_history.js?v=1790219723 HTTP/1.1" 200 43226
[2026-09-24 10:15:34,841] WARNING django.server basehttp: "GET /favicon.ico HTTP/1.1" 404 6222
[2026-09-24 10:15:38,325] WARNING django.server basehttp: "GET /favicon.ico HTTP/1.1" 404 6222
[2026-09-24 10:15:38,539] INFO django.server basehttp: "GET /static/_tmp_th_preview.html HTTP/1.1" 304 0
[2026-09-24 10:15:39,025] WARNING django.server basehttp: "GET /favicon.ico HTTP/1.1" 404 6222
[2026-09-24 10:15:39,259] WARNING django.server basehttp: "GET /favicon.ico HTTP/1.1" 404 6222
[2026-09-24 10:16:20,345] INFO django.server basehttp: "GET /static/_tmp_th_preview.html?r=2 HTTP/1.1" 200 57609
[2026-09-24 10:16:20,365] INFO django.server basehttp: "GET /static/css/design-system.css?v=1790219775 HTTP/1.1" 200 7762
[2026-09-24 10:16:20,365] INFO django.server basehttp: "GET /static/css/app-shell.css?v=1790219775 HTTP/1.1" 200 40556
[2026-09-24 10:16:20,398] INFO django.server basehttp: "GET /static/js/training_history.js?v=1790219775 HTTP/1.1" 200 43489
[2026-09-24 10:16:20,609] WARNING django.server basehttp: "GET /favicon.ico HTTP/1.1" 404 6222
[2026-09-24 10:16:25,943] WARNING django.server basehttp: "GET /favicon.ico HTTP/1.1" 404 6222
[2026-09-24 10:16:25,955] WARNING django.server basehttp: "GET /favicon.ico HTTP/1.1" 404 6222
[2026-09-24 10:16:26,661] INFO django.server basehttp: "GET /static/_tmp_th_preview.html?r=2 HTTP/1.1" 304 0
[2026-09-24 10:16:27,261] WARNING django.server basehttp: "GET /favicon.ico HTTP/1.1" 404 6222
[2026-09-24 10:16:27,279] WARNING django.server basehttp: "GET /favicon.ico HTTP/1.1" 404 6222
[2026-09-24 10:16:29,100] INFO django.server basehttp: "POST /training-history/api/employee/2/update/ HTTP/1.1" 200 695
[2026-09-24 10:16:30,286] INFO django.server basehttp: "GET /media/training_history/employees/image_4.png HTTP/1.1" 200 3005207
[2026-09-24 10:16:40,811] INFO django.server basehttp: "POST /training-history/api/employee/2/update/ HTTP/1.1" 200 695
[2026-09-24 10:16:42,384] WARNING django.server basehttp: "GET /favicon.ico HTTP/1.1" 404 6222
[2026-09-24 10:16:43,213] WARNING django.server basehttp: "GET /favicon.ico HTTP/1.1" 404 6222
[2026-09-24 10:16:43,378] INFO django.server basehttp: "GET /static/_tmp_th_preview.html?r=2 HTTP/1.1" 304 0
[2026-09-24 10:16:43,529] WARNING django.server basehttp: "GET /favicon.ico HTTP/1.1" 404 6222
[2026-09-24 10:16:44,879] INFO django.server basehttp: "GET /training-history/ HTTP/1.1" 200 56991
[2026-09-24 10:16:44,906] INFO django.server basehttp: "GET /static/css/design-system.css?v=1790219804 HTTP/1.1" 200 7762
[2026-09-24 10:16:44,907] INFO django.server basehttp: "GET /static/css/app-shell.css?v=1790219804 HTTP/1.1" 200 40556
[2026-09-24 10:16:44,916] INFO django.server basehttp: "GET /static/js/training_history.js?v=1790219804 HTTP/1.1" 200 43489
[2026-09-24 10:16:45,026] INFO django.server basehttp: "GET /media/training_history/employees/image_4.png HTTP/1.1" 304 0
[2026-09-24 10:16:51,985] WARNING django.server basehttp: "GET /favicon.ico HTTP/1.1" 404 6222
[2026-09-24 10:16:52,172] INFO django.server basehttp: "GET /static/_tmp_th_preview.html?r=2 HTTP/1.1" 304 0
[2026-09-24 10:16:52,299] WARNING django.server basehttp: "GET /favicon.ico HTTP/1.1" 404 6222
[2026-09-24 10:16:52,309] WARNING django.server basehttp: "GET /favicon.ico HTTP/1.1" 404 6222
[2026-09-24 10:16:55,659] INFO django.server basehttp: "POST /training-history/api/employee/2/update/ HTTP/1.1" 200 695
[2026-09-24 10:17:01,856] INFO django.server basehttp: "GET / HTTP/1.1" 200 33023
[2026-09-24 10:17:01,873] INFO django.server basehttp: "GET /static/css/design-system.css?v=1790219821 HTTP/1.1" 200 7762
[2026-09-24 10:17:01,873] INFO django.server basehttp: "GET /static/css/home.css?v=1790219821 HTTP/1.1" 200 16370
[2026-09-24 10:17:01,946] WARNING django.server basehttp: "GET /favicon.ico HTTP/1.1" 404 6222
[2026-09-24 10:17:11,542] INFO django.server basehttp: "GET /media/training_history/employees/image_4.png HTTP/1.1" 304 0
[2026-09-24 10:19:24,037] INFO django.server basehttp: "GET / HTTP/1.1" 200 33362
[2026-09-24 10:19:24,332] INFO django.server basehttp: "GET /static/css/design-system.css?v=1790219963 HTTP/1.1" 200 7762
[2026-09-24 10:19:24,332] INFO django.server basehttp: "GET /static/css/home.css?v=1790219963 HTTP/1.1" 200 16370
[2026-09-24 10:20:39,425] INFO django.server basehttp: "HEAD / HTTP/1.1" 200 0
[2026-09-24 10:20:39,777] INFO django.server basehttp: "GET / HTTP/1.1" 200 33023
[2026-09-24 10:20:39,792] INFO django.server basehttp: "GET /static/css/design-system.css?v=1790220039 HTTP/1.1" 200 7762
[2026-09-24 10:20:39,794] INFO django.server basehttp: "GET /static/css/home.css?v=1790220039 HTTP/1.1" 200 16370
[2026-09-24 10:20:39,926] WARNING django.server basehttp: "GET /favicon.ico HTTP/1.1" 404 6222
[2026-09-24 10:20:44,635] INFO django.server basehttp: "GET /static/_tmp_th_preview.html?r=3 HTTP/1.1" 200 57680
[2026-09-24 10:20:44,652] INFO django.server basehttp: "GET /static/css/design-system.css?v=1790220031 HTTP/1.1" 200 7762
[2026-09-24 10:20:44,653] INFO django.server basehttp: "GET /static/css/app-shell.css?v=1790220031 HTTP/1.1" 200 40556
[2026-09-24 10:20:44,706] INFO django.server basehttp: "GET /static/js/training_history.js?v=1790220031 HTTP/1.1" 200 44178
[2026-09-24 10:20:44,882] INFO django.server basehttp: "GET /media/training_history/employees/image_4.png HTTP/1.1" 200 3005207
[2026-09-24 10:20:44,903] WARNING django.server basehttp: "GET /favicon.ico HTTP/1.1" 404 6222
[2026-09-24 10:21:22,997] INFO django.server basehttp: "GET /media/training_history/employees/image_4.png HTTP/1.1" 304 0
[2026-09-24 10:21:23,000] WARNING django.server basehttp: "GET /favicon.ico HTTP/1.1" 404 6222
[2026-09-24 10:21:23,593] WARNING django.server basehttp: "GET /favicon.ico HTTP/1.1" 404 6222
[2026-09-24 10:21:23,831] WARNING django.server basehttp: "GET /favicon.ico HTTP/1.1" 404 6222
[2026-09-24 10:21:35,362] INFO django.server basehttp: "GET / HTTP/1.1" 200 33023
[2026-09-24 10:21:35,382] INFO django.server basehttp: "GET /static/css/design-system.css?v=1790220095 HTTP/1.1" 200 7762
[2026-09-24 10:21:35,382] INFO django.server basehttp: "GET /static/css/home.css?v=1790220095 HTTP/1.1" 200 16370
[2026-09-24 10:21:35,501] WARNING django.server basehttp: "GET /favicon.ico HTTP/1.1" 404 6222
[2026-09-24 10:21:46,852] INFO django.server basehttp: "GET /training-history/ HTTP/1.1" 200 57017
[2026-09-24 10:21:46,878] INFO django.server basehttp: "GET /static/css/design-system.css?v=1790220106 HTTP/1.1" 200 7762
[2026-09-24 10:21:46,878] INFO django.server basehttp: "GET /static/css/app-shell.css?v=1790220106 HTTP/1.1" 200 40556
[2026-09-24 10:21:46,890] INFO django.server basehttp: "GET /static/js/training_history.js?v=1790220106 HTTP/1.1" 200 44178
[2026-09-24 10:21:46,993] INFO django.server basehttp: "GET /media/training_history/employees/image_4.png HTTP/1.1" 304 0
[2026-09-24 10:21:52,051] INFO django.server basehttp: "GET /training-history/ HTTP/1.1" 200 57017
[2026-09-24 10:21:52,077] INFO django.server basehttp: "GET /static/css/design-system.css?v=1790220112 HTTP/1.1" 200 7762
[2026-09-24 10:21:52,078] INFO django.server basehttp: "GET /static/css/app-shell.css?v=1790220112 HTTP/1.1" 200 40556
[2026-09-24 10:21:52,086] INFO django.server basehttp: "GET /static/js/training_history.js?v=1790220112 HTTP/1.1" 200 44178
[2026-09-24 10:21:52,527] INFO django.server basehttp: "GET /training-history/ HTTP/1.1" 200 57017
[2026-09-24 10:21:59,650] INFO django.server basehttp: "POST /training-history/api/employee/2/update/ HTTP/1.1" 200 695
[2026-09-24 10:22:04,475] INFO django.server basehttp: "POST /training-history/api/employee/2/update/ HTTP/1.1" 200 650
[2026-09-24 10:22:11,169] INFO django.server basehttp: "POST /training-history/api/employee/2/update/ HTTP/1.1" 200 695
[2026-09-24 10:22:22,766] INFO django.server basehttp: "POST /training-history/api/employee/2/update/ HTTP/1.1" 200 650
[2026-09-24 10:23:01,492] INFO django.server basehttp: "GET /utilities/ HTTP/1.1" 200 13870
[2026-09-24 10:23:01,537] INFO django.server basehttp: "GET /static/css/design-system.css?v=1790220181 HTTP/1.1" 200 7762
[2026-09-24 10:23:01,538] INFO django.server basehttp: "GET /static/css/app-shell.css?v=1790220181 HTTP/1.1" 200 40556
[2026-09-24 10:23:04,410] INFO django.server basehttp: "GET /utilities/calculators/?tab=unit HTTP/1.1" 200 13527
[2026-09-24 10:23:04,435] INFO django.server basehttp: "GET /static/css/design-system.css?v=1790220184 HTTP/1.1" 200 7762
[2026-09-24 10:23:04,436] INFO django.server basehttp: "GET /static/css/app-shell.css?v=1790220184 HTTP/1.1" 200 40556
[2026-09-24 10:23:04,437] INFO django.server basehttp: "GET /static/js/tools_calculators.js?v=1790220184 HTTP/1.1" 200 11566
[2026-09-24 10:23:15,774] INFO django.server basehttp: "GET /utilities/ HTTP/1.1" 200 13870
[2026-09-24 10:23:15,798] INFO django.server basehttp: "GET /static/css/design-system.css?v=1790220195 HTTP/1.1" 200 7762
[2026-09-24 10:23:15,798] INFO django.server basehttp: "GET /static/css/app-shell.css?v=1790220195 HTTP/1.1" 200 40556
[2026-09-24 10:23:27,773] INFO django.server basehttp: "GET / HTTP/1.1" 200 33362
[2026-09-24 10:23:27,813] INFO django.server basehttp: "GET /static/css/design-system.css?v=1790220207 HTTP/1.1" 200 7762
[2026-09-24 10:23:27,813] INFO django.server basehttp: "GET /static/css/home.css?v=1790220207 HTTP/1.1" 200 16370
[2026-09-24 10:24:52,974] INFO django.server basehttp: "HEAD / HTTP/1.1" 200 0
[2026-09-24 10:24:53,343] INFO django.server basehttp: "GET / HTTP/1.1" 200 33328
[2026-09-24 10:24:53,365] INFO django.server basehttp: "GET /static/css/design-system.css?v=1790220293 HTTP/1.1" 200 7762
[2026-09-24 10:24:53,369] INFO django.server basehttp: "GET /static/css/home.css?v=1790220293 HTTP/1.1" 200 16580
[2026-09-24 10:24:53,380] INFO django.server basehttp: "GET /media/standards/egat-no5.png HTTP/1.1" 200 209103
[2026-09-24 10:24:53,387] INFO django.server basehttp: "GET /media/standards/tisi.png HTTP/1.1" 200 3253
[2026-09-24 10:24:53,397] INFO django.server basehttp: "GET /media/standards/ahri.png HTTP/1.1" 200 6411
[2026-09-24 10:24:53,423] INFO django.server basehttp: "GET /media/standards/ilac-nsc.png HTTP/1.1" 200 102245
[2026-09-24 10:24:53,495] WARNING django.server basehttp: "GET /favicon.ico HTTP/1.1" 404 6222
[2026-09-24 10:24:58,797] INFO django.server basehttp: "GET /?r=1 HTTP/1.1" 200 33328
[2026-09-24 10:24:58,814] INFO django.server basehttp: "GET /media/standards/tisi.png HTTP/1.1" 304 0
[2026-09-24 10:24:58,815] INFO django.server basehttp: "GET /media/standards/egat-no5.png HTTP/1.1" 304 0
[2026-09-24 10:24:58,815] INFO django.server basehttp: "GET /media/standards/ilac-nsc.png HTTP/1.1" 304 0
[2026-09-24 10:24:58,815] INFO django.server basehttp: "GET /media/standards/ahri.png HTTP/1.1" 304 0
[2026-09-24 10:24:58,818] INFO django.server basehttp: "GET /static/css/home.css?v=1790220298 HTTP/1.1" 200 16580
[2026-09-24 10:24:58,818] INFO django.server basehttp: "GET /static/css/design-system.css?v=1790220298 HTTP/1.1" 200 7762
[2026-09-24 10:24:58,896] WARNING django.server basehttp: "GET /favicon.ico HTTP/1.1" 404 6222
[2026-09-24 10:25:38,928] INFO django.server basehttp: "GET /?r=2 HTTP/1.1" 200 33731
[2026-09-24 10:25:38,942] INFO django.server basehttp: "GET /media/standards/egat-no5.png HTTP/1.1" 304 0
[2026-09-24 10:25:38,942] INFO django.server basehttp: "GET /media/standards/tisi.png HTTP/1.1" 304 0
[2026-09-24 10:25:38,943] INFO django.server basehttp: "GET /static/css/home.css?v=1790220338 HTTP/1.1" 200 16580
[2026-09-24 10:25:38,943] INFO django.server basehttp: "GET /static/css/design-system.css?v=1790220338 HTTP/1.1" 200 7762
[2026-09-24 10:25:38,945] INFO django.server basehttp: "GET /media/standards/ahri.png HTTP/1.1" 304 0
[2026-09-24 10:25:38,947] INFO django.server basehttp: "GET /media/standards/ilac-nsc.png HTTP/1.1" 304 0
[2026-09-24 10:25:38,953] INFO django.server basehttp: "GET /media/standards/claude-test-std.png HTTP/1.1" 200 6411
[2026-09-24 10:25:38,965] WARNING django.server basehttp: "GET /favicon.ico HTTP/1.1" 404 6222
[2026-09-24 10:25:50,138] INFO django.server basehttp: "GET /documents/ HTTP/1.1" 200 22239
[2026-09-24 10:25:50,189] INFO django.server basehttp: "GET /static/css/design-system.css?v=1790220350 HTTP/1.1" 200 7762
[2026-09-24 10:25:50,191] INFO django.server basehttp: "GET /static/css/app-shell.css?v=1790220350 HTTP/1.1" 200 40556
[2026-09-24 10:25:51,956] INFO django.server basehttp: "GET /documents/specs/ HTTP/1.1" 200 11960
[2026-09-24 10:25:51,987] INFO django.server basehttp: "GET /static/css/app-shell.css?v=1790220351 HTTP/1.1" 200 40556
[2026-09-24 10:25:53,002] INFO django.server basehttp: "GET /static/css/design-system.css?v=1790220351 HTTP/1.1" 200 7762
[2026-09-24 10:25:54,384] INFO django.server basehttp: "GET /datasources/browse/ HTTP/1.1" 200 15327
[2026-09-24 10:25:54,406] INFO django.server basehttp: "GET /static/css/design-system.css?v=1790220354 HTTP/1.1" 200 7762
[2026-09-24 10:25:54,407] INFO django.server basehttp: "GET /static/css/app-shell.css?v=1790220354 HTTP/1.1" 200 40556
[2026-09-24 10:25:54,411] INFO django.server basehttp: "GET /static/js/datasources_browse.js?v=1790220354 HTTP/1.1" 200 4406
[2026-09-24 10:25:54,428] INFO django.server basehttp: "GET /datasources/browse/tables/?source=sqlite HTTP/1.1" 200 1101
[2026-09-24 10:25:58,849] INFO django.server basehttp: "GET /accounts/users/ HTTP/1.1" 200 12148
[2026-09-24 10:25:58,875] INFO django.server basehttp: "GET /static/css/design-system.css?v=1790220358 HTTP/1.1" 200 7762
[2026-09-24 10:25:58,878] INFO django.server basehttp: "GET /static/css/app-shell.css?v=1790220358 HTTP/1.1" 200 40556
[2026-09-24 10:26:05,987] INFO django.server basehttp: "GET /audit/ HTTP/1.1" 200 14580
[2026-09-24 10:26:06,012] INFO django.server basehttp: "GET /static/css/design-system.css?v=1790220365 HTTP/1.1" 200 7762
[2026-09-24 10:26:06,012] INFO django.server basehttp: "GET /static/css/app-shell.css?v=1790220365 HTTP/1.1" 200 40556
[2026-09-24 10:26:08,356] INFO django.server basehttp: "GET /settings/home-appearance/ HTTP/1.1" 200 19919
[2026-09-24 10:26:08,390] INFO django.server basehttp: "GET /static/css/design-system.css?v=1790220368 HTTP/1.1" 200 7762
[2026-09-24 10:26:08,390] INFO django.server basehttp: "GET /static/css/app-shell.css?v=1790220368 HTTP/1.1" 200 40556
[2026-09-24 10:26:11,924] INFO django.server basehttp: "GET /settings/about-topics/ HTTP/1.1" 200 15689
[2026-09-24 10:26:11,952] INFO django.server basehttp: "GET /static/css/design-system.css?v=1790220371 HTTP/1.1" 200 7762
[2026-09-24 10:26:11,954] INFO django.server basehttp: "GET /static/css/app-shell.css?v=1790220371 HTTP/1.1" 200 40556
[2026-09-24 10:26:11,959] INFO django.server basehttp: "GET /media/about/Policy.jpg HTTP/1.1" 200 160627
[2026-09-24 10:26:11,972] INFO django.server basehttp: "GET /media/about/ChatGPT_Image_Sep_23_2026_10_22_00_AM.png HTTP/1.1" 200 1777207
[2026-09-24 10:26:15,792] INFO django.server basehttp: "GET /settings/home-appearance/ HTTP/1.1" 200 19919
[2026-09-24 10:26:15,825] INFO django.server basehttp: "GET /static/css/design-system.css?v=1790220375 HTTP/1.1" 200 7762
[2026-09-24 10:26:15,825] INFO django.server basehttp: "GET /static/css/app-shell.css?v=1790220375 HTTP/1.1" 200 40556
[2026-09-24 10:26:16,159] INFO django.server basehttp: "GET /monitoring/ HTTP/1.1" 200 4860
[2026-09-24 10:26:16,189] INFO django.server basehttp: "GET /static/css/design-system.css?v=1790220376 HTTP/1.1" 200 7762
[2026-09-24 10:26:16,189] INFO django.server basehttp: "GET /static/css/app-shell.css?v=1790220376 HTTP/1.1" 200 40556
[2026-09-24 10:26:16,974] INFO django.server basehttp: "GET / HTTP/1.1" 200 34070
[2026-09-24 10:26:17,019] INFO django.server basehttp: "GET /static/css/home.css?v=1790220376 HTTP/1.1" 200 16580
[2026-09-24 10:26:17,024] INFO django.server basehttp: "GET /media/standards/tisi.png HTTP/1.1" 200 3253
[2026-09-24 10:26:17,025] INFO django.server basehttp: "GET /media/standards/ahri.png HTTP/1.1" 200 6411
[2026-09-24 10:26:17,028] INFO django.server basehttp: "GET /media/standards/ilac-nsc.png HTTP/1.1" 200 102245
[2026-09-24 10:26:17,029] INFO django.server basehttp: "GET /media/standards/egat-no5.png HTTP/1.1" 200 209103
[2026-09-24 10:26:17,031] INFO django.server basehttp: "GET /media/standards/claude-test-std.png HTTP/1.1" 200 6411
[2026-09-24 10:26:22,665] INFO django.server basehttp: "GET /internal/ HTTP/1.1" 200 9233
[2026-09-24 10:26:22,698] INFO django.server basehttp: "GET /static/css/design-system.css?v=1790220382 HTTP/1.1" 200 7762
[2026-09-24 10:26:22,698] INFO django.server basehttp: "GET /static/css/app-shell.css?v=1790220382 HTTP/1.1" 200 40556
[2026-09-24 10:26:24,408] INFO django.server basehttp: "GET / HTTP/1.1" 200 33667
[2026-09-24 10:26:24,436] INFO django.server basehttp: "GET /static/css/design-system.css?v=1790220384 HTTP/1.1" 200 7762
[2026-09-24 10:26:24,438] INFO django.server basehttp: "GET /static/css/home.css?v=1790220384 HTTP/1.1" 200 16580
[2026-09-24 10:26:42,835] INFO django.server basehttp: "GET /dashboard/ HTTP/1.1" 200 8875
[2026-09-24 10:26:42,860] INFO django.server basehttp: "GET /static/css/design-system.css?v=1790220402 HTTP/1.1" 200 7762
[2026-09-24 10:26:42,861] INFO django.server basehttp: "GET /static/css/app-shell.css?v=1790220402 HTTP/1.1" 200 40556
[2026-09-24 10:28:09,592] INFO django.server basehttp: "GET /dashboard/ HTTP/1.1" 200 8875
[2026-09-24 10:28:09,619] INFO django.server basehttp: "GET /static/css/design-system.css?v=1790220489 HTTP/1.1" 200 7762
[2026-09-24 10:28:09,619] INFO django.server basehttp: "GET /static/css/app-shell.css?v=1790220489 HTTP/1.1" 200 40556
[2026-09-24 10:28:13,652] INFO django.server basehttp: "GET / HTTP/1.1" 200 33667
[2026-09-24 10:28:13,682] INFO django.server basehttp: "GET /media/standards/ilac-nsc.png HTTP/1.1" 304 0
[2026-09-24 10:28:13,682] INFO django.server basehttp: "GET /media/standards/egat-no5.png HTTP/1.1" 304 0
[2026-09-24 10:28:13,683] INFO django.server basehttp: "GET /media/standards/ahri.png HTTP/1.1" 304 0
[2026-09-24 10:28:13,683] INFO django.server basehttp: "GET /static/css/design-system.css?v=1790220493 HTTP/1.1" 200 7762
[2026-09-24 10:28:13,682] INFO django.server basehttp: "GET /media/standards/tisi.png HTTP/1.1" 304 0
[2026-09-24 10:28:13,685] INFO django.server basehttp: "GET /static/css/home.css?v=1790220493 HTTP/1.1" 200 16580
[2026-09-24 10:28:30,459] INFO django.server basehttp: "GET /dashboard/ HTTP/1.1" 200 8875
[2026-09-24 10:28:30,483] INFO django.server basehttp: "GET /static/css/design-system.css?v=1790220510 HTTP/1.1" 200 7762
[2026-09-24 10:28:30,484] INFO django.server basehttp: "GET /static/css/app-shell.css?v=1790220510 HTTP/1.1" 200 40556
[2026-09-24 10:28:51,890] INFO django.server basehttp: "GET /?r=2 HTTP/1.1" 200 33667
[2026-09-24 10:28:51,934] INFO django.server basehttp: "GET /static/css/design-system.css?v=1790220531 HTTP/1.1" 200 7762
[2026-09-24 10:28:51,942] INFO django.server basehttp: "GET /media/standards/egat-no5.png HTTP/1.1" 304 0
[2026-09-24 10:28:51,942] INFO django.server basehttp: "GET /media/standards/ilac-nsc.png HTTP/1.1" 304 0
[2026-09-24 10:28:51,942] INFO django.server basehttp: "GET /media/standards/tisi.png HTTP/1.1" 304 0
[2026-09-24 10:28:51,943] INFO django.server basehttp: "GET /media/standards/ahri.png HTTP/1.1" 304 0
[2026-09-24 10:28:51,943] INFO django.server basehttp: "GET /static/css/home.css?v=1790220531 HTTP/1.1" 200 16580
[2026-09-24 10:28:55,066] INFO django.server basehttp: "POST /logout/ HTTP/1.1" 302 0
[2026-09-24 10:28:55,116] INFO django.server basehttp: "GET / HTTP/1.1" 200 33328
[2026-09-24 10:28:55,152] INFO django.server basehttp: "GET /static/css/home.css?v=1790220535 HTTP/1.1" 200 16580
[2026-09-24 10:28:55,152] INFO django.server basehttp: "GET /static/css/design-system.css?v=1790220535 HTTP/1.1" 200 7762
[2026-09-24 10:28:56,662] INFO django.server basehttp: "GET /login/ HTTP/1.1" 200 5030
[2026-09-24 10:28:56,694] INFO django.server basehttp: "GET /static/css/home.css?v=1790220536 HTTP/1.1" 200 16580
[2026-09-24 10:28:56,694] INFO django.server basehttp: "GET /static/css/design-system.css?v=1790220536 HTTP/1.1" 200 7762
[2026-09-24 10:29:05,146] INFO django.server basehttp: "POST /login/ HTTP/1.1" 302 0
[2026-09-24 10:29:05,161] INFO django.server basehttp: "GET /dashboard/ HTTP/1.1" 200 8867
[2026-09-24 10:29:05,186] INFO django.server basehttp: "GET /static/css/design-system.css?v=1790220545 HTTP/1.1" 200 7762
[2026-09-24 10:29:05,188] INFO django.server basehttp: "GET /static/css/app-shell.css?v=1790220545 HTTP/1.1" 200 40556
[2026-09-24 10:29:10,061] INFO django.server basehttp: "GET /settings/about-topics/ HTTP/1.1" 200 15689
[2026-09-24 10:29:10,087] INFO django.server basehttp: "GET /static/css/design-system.css?v=1790220550 HTTP/1.1" 200 7762
[2026-09-24 10:29:10,087] INFO django.server basehttp: "GET /static/css/app-shell.css?v=1790220550 HTTP/1.1" 200 40556
[2026-09-24 10:29:11,118] INFO django.server basehttp: "GET /settings/home-appearance/ HTTP/1.1" 200 19919
[2026-09-24 10:29:11,147] INFO django.server basehttp: "GET /static/css/design-system.css?v=1790220551 HTTP/1.1" 200 7762
[2026-09-24 10:29:11,148] INFO django.server basehttp: "GET /static/css/app-shell.css?v=1790220551 HTTP/1.1" 200 40556
[2026-09-24 10:29:19,883] INFO django.server basehttp: "GET / HTTP/1.1" 200 33667
[2026-09-24 10:29:19,917] INFO django.server basehttp: "GET /media/standards/tisi.png HTTP/1.1" 304 0
[2026-09-24 10:29:19,918] INFO django.server basehttp: "GET /media/standards/ahri.png HTTP/1.1" 304 0
[2026-09-24 10:29:19,918] INFO django.server basehttp: "GET /media/standards/ilac-nsc.png HTTP/1.1" 304 0
[2026-09-24 10:29:19,919] INFO django.server basehttp: "GET /media/standards/egat-no5.png HTTP/1.1" 304 0
[2026-09-24 10:29:19,920] INFO django.server basehttp: "GET /static/css/design-system.css?v=1790220559 HTTP/1.1" 200 7762
[2026-09-24 10:29:19,920] INFO django.server basehttp: "GET /static/css/home.css?v=1790220559 HTTP/1.1" 200 16580
[2026-09-24 10:29:45,193] INFO django.server basehttp: "GET /dashboard/ HTTP/1.1" 200 8867
[2026-09-24 10:29:45,223] INFO django.server basehttp: "GET /static/css/app-shell.css?v=1790220585 HTTP/1.1" 200 40556
[2026-09-24 10:29:46,232] INFO django.server basehttp: "GET /static/css/design-system.css?v=1790220585 HTTP/1.1" 200 7762
[2026-09-24 10:29:51,079] INFO django.server basehttp: "GET /monitoring/ HTTP/1.1" 200 4860
[2026-09-24 10:29:51,103] INFO django.server basehttp: "GET /static/css/design-system.css?v=1790220591 HTTP/1.1" 200 7762
[2026-09-24 10:29:51,104] INFO django.server basehttp: "GET /static/css/app-shell.css?v=1790220591 HTTP/1.1" 200 40556
[2026-09-24 10:29:52,133] INFO django.server basehttp: "GET /certificates/ HTTP/1.1" 200 4830
[2026-09-24 10:29:52,161] INFO django.server basehttp: "GET /static/css/design-system.css?v=1790220592 HTTP/1.1" 200 7762
[2026-09-24 10:29:52,162] INFO django.server basehttp: "GET /static/css/app-shell.css?v=1790220592 HTTP/1.1" 200 40556
[2026-09-24 10:29:52,885] INFO django.server basehttp: "GET /employees/ HTTP/1.1" 200 4912
[2026-09-24 10:29:53,827] INFO django.server basehttp: "GET /documents/ HTTP/1.1" 200 22239
[2026-09-24 10:29:53,855] INFO django.server basehttp: "GET /static/css/design-system.css?v=1790220593 HTTP/1.1" 200 7762
[2026-09-24 10:29:53,858] INFO django.server basehttp: "GET /static/css/app-shell.css?v=1790220593 HTTP/1.1" 200 40556
[2026-09-24 10:29:54,512] INFO django.server basehttp: "GET /dashboard/ HTTP/1.1" 200 8867
[2026-09-24 10:29:54,541] INFO django.server basehttp: "GET /static/css/design-system.css?v=1790220594 HTTP/1.1" 200 7762
[2026-09-24 10:29:54,542] INFO django.server basehttp: "GET /static/css/app-shell.css?v=1790220594 HTTP/1.1" 200 40556
[2026-09-24 10:29:55,370] INFO django.server basehttp: "GET /documents/ HTTP/1.1" 200 22239
[2026-09-24 10:29:55,399] INFO django.server basehttp: "GET /static/css/design-system.css?v=1790220595 HTTP/1.1" 200 7762
[2026-09-24 10:29:55,400] INFO django.server basehttp: "GET /static/css/app-shell.css?v=1790220595 HTTP/1.1" 200 40556
[2026-09-24 10:29:56,298] INFO django.server basehttp: "GET /employees/ HTTP/1.1" 200 4912
[2026-09-24 10:29:56,327] INFO django.server basehttp: "GET /static/css/design-system.css?v=1790220596 HTTP/1.1" 200 7762
[2026-09-24 10:29:56,328] INFO django.server basehttp: "GET /static/css/app-shell.css?v=1790220596 HTTP/1.1" 200 40556
[2026-09-24 10:29:57,284] INFO django.server basehttp: "GET /certificates/ HTTP/1.1" 200 4830
[2026-09-24 10:29:57,311] INFO django.server basehttp: "GET /static/css/app-shell.css?v=1790220597 HTTP/1.1" 200 40556
[2026-09-24 10:29:58,315] INFO django.server basehttp: "GET /static/css/design-system.css?v=1790220597 HTTP/1.1" 200 7762
[2026-09-24 10:29:58,571] INFO django.server basehttp: "GET /monitoring/ HTTP/1.1" 200 4860
[2026-09-24 10:29:58,598] INFO django.server basehttp: "GET /static/css/design-system.css?v=1790220598 HTTP/1.1" 200 7762
[2026-09-24 10:29:58,598] INFO django.server basehttp: "GET /static/css/app-shell.css?v=1790220598 HTTP/1.1" 200 40556
[2026-09-24 10:29:59,593] INFO django.server basehttp: "GET /utilities/ HTTP/1.1" 200 13870
[2026-09-24 10:29:59,619] INFO django.server basehttp: "GET /static/css/design-system.css?v=1790220599 HTTP/1.1" 200 7762
[2026-09-24 10:29:59,620] INFO django.server basehttp: "GET /static/css/app-shell.css?v=1790220599 HTTP/1.1" 200 40556
[2026-09-24 10:30:03,190] INFO django.server basehttp: "GET /datasources/browse/ HTTP/1.1" 200 15327
[2026-09-24 10:30:03,217] INFO django.server basehttp: "GET /static/css/design-system.css?v=1790220603 HTTP/1.1" 200 7762
[2026-09-24 10:30:03,217] INFO django.server basehttp: "GET /static/css/app-shell.css?v=1790220603 HTTP/1.1" 200 40556
[2026-09-24 10:30:03,221] INFO django.server basehttp: "GET /static/js/datasources_browse.js?v=1790220603 HTTP/1.1" 200 4406
[2026-09-24 10:30:03,232] INFO django.server basehttp: "GET /datasources/browse/tables/?source=sqlite HTTP/1.1" 200 1101
[2026-09-24 10:30:04,560] INFO django.server basehttp: "GET /accounts/users/ HTTP/1.1" 200 12148
[2026-09-24 10:30:04,586] INFO django.server basehttp: "GET /static/css/design-system.css?v=1790220604 HTTP/1.1" 200 7762
[2026-09-24 10:30:04,587] INFO django.server basehttp: "GET /static/css/app-shell.css?v=1790220604 HTTP/1.1" 200 40556
[2026-09-24 10:30:05,717] INFO django.server basehttp: "GET /audit/ HTTP/1.1" 200 14479
[2026-09-24 10:30:05,741] INFO django.server basehttp: "GET /static/css/design-system.css?v=1790220605 HTTP/1.1" 200 7762
[2026-09-24 10:30:05,742] INFO django.server basehttp: "GET /static/css/app-shell.css?v=1790220605 HTTP/1.1" 200 40556
[2026-09-24 10:30:06,910] INFO django.server basehttp: "GET /settings/home-appearance/ HTTP/1.1" 200 19919
[2026-09-24 10:30:06,941] INFO django.server basehttp: "GET /static/css/design-system.css?v=1790220606 HTTP/1.1" 200 7762
[2026-09-24 10:30:06,945] INFO django.server basehttp: "GET /static/css/app-shell.css?v=1790220606 HTTP/1.1" 200 40556
[2026-09-24 10:30:08,338] INFO django.server basehttp: "GET /settings/about-topics/ HTTP/1.1" 200 15689
[2026-09-24 10:30:08,371] INFO django.server basehttp: "GET /static/css/design-system.css?v=1790220608 HTTP/1.1" 200 7762
[2026-09-24 10:30:08,372] INFO django.server basehttp: "GET /static/css/app-shell.css?v=1790220608 HTTP/1.1" 200 40556
[2026-09-24 10:35:07,290] INFO django.server basehttp: "HEAD / HTTP/1.1" 200 0
[2026-09-24 10:35:07,656] INFO django.server basehttp: "GET / HTTP/1.1" 200 33328
[2026-09-24 10:35:07,675] INFO django.server basehttp: "GET /static/css/design-system.css?v=1790220907 HTTP/1.1" 200 7762
[2026-09-24 10:35:07,679] INFO django.server basehttp: "GET /static/css/home.css?v=1790220907 HTTP/1.1" 200 16580
[2026-09-24 10:35:07,680] INFO django.server basehttp: "GET /media/standards/egat-no5.png HTTP/1.1" 304 0
[2026-09-24 10:35:07,682] INFO django.server basehttp: "GET /media/standards/tisi.png HTTP/1.1" 304 0
[2026-09-24 10:35:07,682] INFO django.server basehttp: "GET /media/standards/ahri.png HTTP/1.1" 304 0
[2026-09-24 10:35:07,684] INFO django.server basehttp: "GET /media/standards/ilac-nsc.png HTTP/1.1" 304 0
[2026-09-24 10:35:07,795] WARNING django.server basehttp: "GET /favicon.ico HTTP/1.1" 404 6501
[2026-09-24 10:35:11,231] INFO django.server basehttp: "GET /static/_tmp_std_preview.html HTTP/1.1" 200 22721
[2026-09-24 10:35:11,251] INFO django.server basehttp: "GET /static/css/design-system.css?v=1790220898 HTTP/1.1" 200 7762
[2026-09-24 10:35:11,252] INFO django.server basehttp: "GET /static/css/app-shell.css?v=1790220898 HTTP/1.1" 200 40556
[2026-09-24 10:35:11,396] WARNING django.server basehttp: "GET /favicon.ico HTTP/1.1" 404 6501
[2026-09-24 10:36:11,958] INFO django.server basehttp: "GET /settings/about-topics/ HTTP/1.1" 200 15763
[2026-09-24 10:36:11,994] INFO django.server basehttp: "GET /static/css/app-shell.css?v=1790220971 HTTP/1.1" 200 40556
[2026-09-24 10:36:12,997] INFO django.server basehttp: "GET /static/css/design-system.css?v=1790220971 HTTP/1.1" 200 7762
[2026-09-24 10:36:15,115] INFO django.server basehttp: "GET /settings/standards/ HTTP/1.1" 200 22288
[2026-09-24 10:36:15,146] INFO django.server basehttp: "GET /static/css/design-system.css?v=1790220975 HTTP/1.1" 200 7762
[2026-09-24 10:36:15,147] INFO django.server basehttp: "GET /static/css/app-shell.css?v=1790220975 HTTP/1.1" 200 40710
[2026-09-24 10:36:15,154] INFO django.server basehttp: "GET /media/standards/tisi.png HTTP/1.1" 304 0
[2026-09-24 10:36:15,155] INFO django.server basehttp: "GET /media/standards/egat-no5.png HTTP/1.1" 304 0
[2026-09-24 10:36:15,154] INFO django.server basehttp: "GET /media/standards/ahri.png HTTP/1.1" 304 0
[2026-09-24 10:36:15,155] INFO django.server basehttp: "GET /media/standards/ilac-nsc.png HTTP/1.1" 304 0
[2026-09-24 10:36:18,562] INFO django.server basehttp: "GET /settings/about-topics/ HTTP/1.1" 200 15763
[2026-09-24 10:36:18,591] INFO django.server basehttp: "GET /static/css/design-system.css?v=1790220978 HTTP/1.1" 200 7762
[2026-09-24 10:36:18,591] INFO django.server basehttp: "GET /static/css/app-shell.css?v=1790220978 HTTP/1.1" 200 40710
[2026-09-24 10:36:19,995] INFO django.server basehttp: "GET /static/_tmp_std_preview.html?r=2 HTTP/1.1" 200 22721
[2026-09-24 10:36:20,021] INFO django.server basehttp: "GET /media/standards/egat-no5.png HTTP/1.1" 304 0
[2026-09-24 10:36:20,021] INFO django.server basehttp: "GET /media/standards/tisi.png HTTP/1.1" 304 0
[2026-09-24 10:36:20,028] INFO django.server basehttp: "GET /media/standards/ahri.png HTTP/1.1" 304 0
[2026-09-24 10:36:20,028] INFO django.server basehttp: "GET /media/standards/ilac-nsc.png HTTP/1.1" 304 0
[2026-09-24 10:36:20,040] WARNING django.server basehttp: "GET /favicon.ico HTTP/1.1" 404 6501
[2026-09-24 10:36:22,188] INFO django.server basehttp: "GET /static/css/app-shell.css?v=1790220898 HTTP/1.1" 200 40710
[2026-09-24 10:36:47,831] INFO django.server basehttp: "GET /static/_tmp_std_preview.html?r=3 HTTP/1.1" 200 22721
[2026-09-24 10:36:47,850] INFO django.server basehttp: "GET /static/css/design-system.css?v=1790220997 HTTP/1.1" 200 7762
[2026-09-24 10:36:47,851] INFO django.server basehttp: "GET /static/css/app-shell.css?v=1790220997 HTTP/1.1" 200 40710
[2026-09-24 10:36:47,869] WARNING django.server basehttp: "GET /favicon.ico HTTP/1.1" 404 6501
[2026-09-24 10:37:43,011] INFO django.server basehttp: "GET / HTTP/1.1" 200 33328
[2026-09-24 10:37:43,027] INFO django.server basehttp: "GET /static/css/design-system.css?v=1790221062 HTTP/1.1" 200 7762
[2026-09-24 10:37:43,028] INFO django.server basehttp: "GET /static/css/home.css?v=1790221062 HTTP/1.1" 200 16580
[2026-09-24 10:37:43,030] INFO django.server basehttp: "GET /media/standards/egat-no5.png HTTP/1.1" 304 0
[2026-09-24 10:37:43,031] INFO django.server basehttp: "GET /media/standards/tisi.png HTTP/1.1" 304 0
[2026-09-24 10:37:43,032] INFO django.server basehttp: "GET /media/standards/ahri.png HTTP/1.1" 304 0
[2026-09-24 10:37:43,032] INFO django.server basehttp: "GET /media/standards/ilac-nsc.png HTTP/1.1" 304 0
[2026-09-24 10:37:43,089] WARNING django.server basehttp: "GET /favicon.ico HTTP/1.1" 404 6501
[2026-09-24 10:40:10,280] INFO django.server basehttp: "GET / HTTP/1.1" 200 33667
[2026-09-24 10:40:10,309] INFO django.server basehttp: "GET /media/standards/egat-no5.png HTTP/1.1" 304 0
[2026-09-24 10:40:10,309] INFO django.server basehttp: "GET /media/standards/tisi.png HTTP/1.1" 304 0
[2026-09-24 10:40:10,310] INFO django.server basehttp: "GET /media/standards/ahri.png HTTP/1.1" 304 0
[2026-09-24 10:40:10,310] INFO django.server basehttp: "GET /static/css/design-system.css?v=1790221210 HTTP/1.1" 200 7762
[2026-09-24 10:40:10,311] INFO django.server basehttp: "GET /static/css/home.css?v=1790221210 HTTP/1.1" 200 16580
[2026-09-24 10:40:10,311] INFO django.server basehttp: "GET /media/standards/ilac-nsc.png HTTP/1.1" 304 0
[2026-09-24 10:40:15,555] INFO django.server basehttp: "GET /internal/ HTTP/1.1" 200 9307
[2026-09-24 10:40:15,580] INFO django.server basehttp: "GET /static/css/design-system.css?v=1790221215 HTTP/1.1" 200 7762
[2026-09-24 10:40:15,581] INFO django.server basehttp: "GET /static/css/app-shell.css?v=1790221215 HTTP/1.1" 200 40710
[2026-09-24 10:41:03,101] INFO django.server basehttp: "GET /settings/standards/ HTTP/1.1" 200 22288
[2026-09-24 10:41:03,130] INFO django.server basehttp: "GET /static/css/design-system.css?v=1790221263 HTTP/1.1" 200 7762
[2026-09-24 10:41:03,131] INFO django.server basehttp: "GET /static/css/app-shell.css?v=1790221263 HTTP/1.1" 200 40710
[2026-09-24 10:41:42,409] INFO django.server basehttp: "HEAD / HTTP/1.1" 200 0
[2026-09-24 10:41:42,765] INFO django.server basehttp: "GET / HTTP/1.1" 200 33329
[2026-09-24 10:41:42,781] INFO django.server basehttp: "GET /static/css/design-system.css?v=1790221302 HTTP/1.1" 200 7762
[2026-09-24 10:41:42,783] INFO django.server basehttp: "GET /static/css/home.css?v=1790221302 HTTP/1.1" 200 16580
[2026-09-24 10:41:42,785] INFO django.server basehttp: "GET /media/standards/egat-no5.png HTTP/1.1" 304 0
[2026-09-24 10:41:42,786] INFO django.server basehttp: "GET /media/standards/tisi.png HTTP/1.1" 304 0
[2026-09-24 10:41:42,787] INFO django.server basehttp: "GET /media/standards/ahri.png HTTP/1.1" 304 0
[2026-09-24 10:41:42,788] INFO django.server basehttp: "GET /media/standards/ilac-nsc.png HTTP/1.1" 304 0
[2026-09-24 10:41:42,803] WARNING django.server basehttp: "GET /favicon.ico HTTP/1.1" 404 6501
[2026-09-24 10:42:15,271] INFO django.server basehttp: "GET /settings/standards/ HTTP/1.1" 200 22267
[2026-09-24 10:42:15,298] INFO django.server basehttp: "GET /media/standards/egat-no5.png HTTP/1.1" 304 0
[2026-09-24 10:42:15,299] INFO django.server basehttp: "GET /static/css/design-system.css?v=1790221335 HTTP/1.1" 200 7762
[2026-09-24 10:42:15,299] INFO django.server basehttp: "GET /static/css/app-shell.css?v=1790221335 HTTP/1.1" 200 40710
[2026-09-24 10:42:15,304] INFO django.server basehttp: "GET /media/standards/ahri.png HTTP/1.1" 304 0
[2026-09-24 10:42:15,304] INFO django.server basehttp: "GET /media/standards/tisi.png HTTP/1.1" 304 0
[2026-09-24 10:42:15,304] INFO django.server basehttp: "GET /media/standards/ilac-nsc.png HTTP/1.1" 304 0
[2026-09-24 10:42:17,271] INFO django.server basehttp: "GET /settings/about-topics/ HTTP/1.1" 200 15742
[2026-09-24 10:42:17,292] INFO django.server basehttp: "GET /static/css/design-system.css?v=1790221337 HTTP/1.1" 200 7762
[2026-09-24 10:42:17,292] INFO django.server basehttp: "GET /static/css/app-shell.css?v=1790221337 HTTP/1.1" 200 40710
[2026-09-24 10:42:18,189] INFO django.server basehttp: "GET /settings/standards/ HTTP/1.1" 200 22267
[2026-09-24 10:42:18,217] INFO django.server basehttp: "GET /static/css/design-system.css?v=1790221338 HTTP/1.1" 200 7762
[2026-09-24 10:42:18,218] INFO django.server basehttp: "GET /static/css/app-shell.css?v=1790221338 HTTP/1.1" 200 40710
[2026-09-24 10:50:45,155] INFO django.server basehttp: "GET / HTTP/1.1" 200 33668
[2026-09-24 10:50:45,185] INFO django.server basehttp: "GET /static/css/design-system.css?v=1790221845 HTTP/1.1" 200 7762
[2026-09-24 10:50:45,185] INFO django.server basehttp: "GET /static/css/home.css?v=1790221845 HTTP/1.1" 200 16580
[2026-09-24 10:50:45,186] INFO django.server basehttp: "GET /media/standards/egat-no5.png HTTP/1.1" 304 0
[2026-09-24 10:50:45,189] INFO django.server basehttp: "GET /media/standards/tisi.png HTTP/1.1" 304 0
[2026-09-24 10:50:45,191] INFO django.server basehttp: "GET /media/standards/ahri.png HTTP/1.1" 304 0
[2026-09-24 10:50:45,191] INFO django.server basehttp: "GET /media/standards/ilac-nsc.png HTTP/1.1" 304 0
[2026-09-24 10:50:53,186] INFO django.server basehttp: "GET /dashboard/ HTTP/1.1" 200 8884
[2026-09-24 10:50:53,214] INFO django.server basehttp: "GET /static/css/design-system.css?v=1790221853 HTTP/1.1" 200 7762
[2026-09-24 10:50:53,215] INFO django.server basehttp: "GET /static/css/app-shell.css?v=1790221853 HTTP/1.1" 200 40710
[2026-09-24 10:50:55,219] INFO django.server basehttp: "GET /settings/standards/ HTTP/1.1" 200 22267
[2026-09-24 10:50:55,246] INFO django.server basehttp: "GET /static/css/design-system.css?v=1790221855 HTTP/1.1" 200 7762
[2026-09-24 10:50:55,247] INFO django.server basehttp: "GET /static/css/app-shell.css?v=1790221855 HTTP/1.1" 200 40710
[2026-09-24 10:53:07,228] INFO django.server basehttp: "POST /settings/standards/ HTTP/1.1" 302 0
[2026-09-24 10:53:07,262] INFO django.server basehttp: "GET /settings/standards/ HTTP/1.1" 200 27951
[2026-09-24 10:53:07,290] INFO django.server basehttp: "GET /static/css/design-system.css?v=1790221987 HTTP/1.1" 200 7762
[2026-09-24 10:53:07,291] INFO django.server basehttp: "GET /static/css/app-shell.css?v=1790221987 HTTP/1.1" 200 40710
[2026-09-24 10:53:07,293] INFO django.server basehttp: "GET /media/standards/Screenshot_2026-09-24_105254.jpg HTTP/1.1" 200 9351
[2026-09-24 10:53:07,293] INFO django.server basehttp: "GET /media/standards/Screenshot_2026-09-24_105204.jpg HTTP/1.1" 200 3207
[2026-09-24 10:53:08,769] INFO django.server basehttp: "GET / HTTP/1.1" 200 34386
[2026-09-24 10:53:08,795] INFO django.server basehttp: "GET /media/standards/Screenshot_2026-09-24_105204.jpg HTTP/1.1" 304 0
[2026-09-24 10:53:08,795] INFO django.server basehttp: "GET /media/standards/Screenshot_2026-09-24_105254.jpg HTTP/1.1" 304 0
[2026-09-24 10:53:08,797] INFO django.server basehttp: "GET /static/css/design-system.css?v=1790221988 HTTP/1.1" 200 7762
[2026-09-24 10:53:08,797] INFO django.server basehttp: "GET /static/css/home.css?v=1790221988 HTTP/1.1" 200 16580
[2026-09-24 10:56:07,085] INFO django.server basehttp: "GET /?r=6 HTTP/1.1" 200 34047
[2026-09-24 10:56:07,135] INFO django.server basehttp: "GET /static/css/design-system.css?v=1790222167 HTTP/1.1" 200 7762
[2026-09-24 10:56:07,151] INFO django.server basehttp: "GET /static/css/home.css?v=1790222167 HTTP/1.1" 200 16683
[2026-09-24 10:56:07,155] INFO django.server basehttp: "GET /media/standards/egat-no5.png HTTP/1.1" 304 0
[2026-09-24 10:56:07,156] INFO django.server basehttp: "GET /media/standards/tisi.png HTTP/1.1" 304 0
[2026-09-24 10:56:07,157] INFO django.server basehttp: "GET /media/standards/ahri.png HTTP/1.1" 304 0
[2026-09-24 10:56:07,159] INFO django.server basehttp: "GET /media/standards/ilac-nsc.png HTTP/1.1" 304 0
[2026-09-24 10:56:07,165] INFO django.server basehttp: "GET /media/standards/Screenshot_2026-09-24_105204.jpg HTTP/1.1" 200 3207
[2026-09-24 10:56:07,175] INFO django.server basehttp: "GET /media/standards/Screenshot_2026-09-24_105254.jpg HTTP/1.1" 200 9351
[2026-09-24 10:56:07,270] WARNING django.server basehttp: "GET /favicon.ico HTTP/1.1" 404 6501
[2026-09-24 10:56:58,245] INFO django.server basehttp: "GET / HTTP/1.1" 200 34386
[2026-09-24 10:56:58,277] INFO django.server basehttp: "GET /media/standards/egat-no5.png HTTP/1.1" 304 0
[2026-09-24 10:56:58,278] INFO django.server basehttp: "GET /media/standards/tisi.png HTTP/1.1" 304 0
[2026-09-24 10:56:58,283] INFO django.server basehttp: "GET /media/standards/ahri.png HTTP/1.1" 304 0
[2026-09-24 10:56:58,284] INFO django.server basehttp: "GET /media/standards/Screenshot_2026-09-24_105254.jpg HTTP/1.1" 304 0
[2026-09-24 10:56:58,284] INFO django.server basehttp: "GET /static/css/home.css?v=1790222218 HTTP/1.1" 200 16683
[2026-09-24 10:56:58,285] INFO django.server basehttp: "GET /media/standards/ilac-nsc.png HTTP/1.1" 304 0
[2026-09-24 10:56:58,283] INFO django.server basehttp: "GET /static/css/design-system.css?v=1790222218 HTTP/1.1" 200 7762
[2026-09-24 10:56:58,283] INFO django.server basehttp: "GET /media/standards/Screenshot_2026-09-24_105204.jpg HTTP/1.1" 304 0
[2026-09-24 10:57:25,561] INFO django.server basehttp: "GET /utilities/ HTTP/1.1" 200 13923
[2026-09-24 10:57:25,600] INFO django.server basehttp: "GET /static/css/design-system.css?v=1790222245 HTTP/1.1" 200 7762
[2026-09-24 10:57:25,600] INFO django.server basehttp: "GET /static/css/app-shell.css?v=1790222245 HTTP/1.1" 200 40710
[2026-09-24 10:57:30,023] INFO django.server basehttp: "GET /utilities/engineering/?tab=takt HTTP/1.1" 200 10501
[2026-09-24 10:57:30,046] INFO django.server basehttp: "GET /static/css/design-system.css?v=1790222250 HTTP/1.1" 200 7762
[2026-09-24 10:57:30,047] INFO django.server basehttp: "GET /static/css/app-shell.css?v=1790222250 HTTP/1.1" 200 40710
[2026-09-24 10:57:30,047] INFO django.server basehttp: "GET /static/js/tools_engineering.js?v=1790222250 HTTP/1.1" 200 7071
[2026-09-24 10:57:39,867] INFO django.server basehttp: "GET /utilities/ HTTP/1.1" 200 13923
[2026-09-24 10:57:39,893] INFO django.server basehttp: "GET /static/css/design-system.css?v=1790222259 HTTP/1.1" 200 7762
[2026-09-24 10:57:39,894] INFO django.server basehttp: "GET /static/css/app-shell.css?v=1790222259 HTTP/1.1" 200 40710
[2026-09-24 10:57:48,298] INFO django.server basehttp: "GET /utilities/engineering/?tab=power HTTP/1.1" 200 10501
[2026-09-24 10:57:48,323] INFO django.server basehttp: "GET /static/css/design-system.css?v=1790222268 HTTP/1.1" 200 7762
[2026-09-24 10:57:48,323] INFO django.server basehttp: "GET /static/js/tools_engineering.js?v=1790222268 HTTP/1.1" 200 7071
[2026-09-24 10:57:48,323] INFO django.server basehttp: "GET /static/css/app-shell.css?v=1790222268 HTTP/1.1" 200 40710
[2026-09-24 10:57:52,743] INFO django.server basehttp: "GET /utilities/ HTTP/1.1" 200 13923
[2026-09-24 10:57:52,766] INFO django.server basehttp: "GET /static/css/design-system.css?v=1790222272 HTTP/1.1" 200 7762
[2026-09-24 10:57:52,768] INFO django.server basehttp: "GET /static/css/app-shell.css?v=1790222272 HTTP/1.1" 200 40710
[2026-09-24 10:59:24,734] INFO django.server basehttp: "GET /utilities/engineering/?tab=pressure HTTP/1.1" 200 10501
[2026-09-24 10:59:24,767] INFO django.server basehttp: "GET /static/css/design-system.css?v=1790222364 HTTP/1.1" 200 7762
[2026-09-24 10:59:24,767] INFO django.server basehttp: "GET /static/js/tools_engineering.js?v=1790222364 HTTP/1.1" 200 7071
[2026-09-24 10:59:24,768] INFO django.server basehttp: "GET /static/css/app-shell.css?v=1790222364 HTTP/1.1" 200 40710
[2026-09-24 10:59:29,728] INFO django.server basehttp: "GET /utilities/ HTTP/1.1" 200 13923
[2026-09-24 10:59:29,751] INFO django.server basehttp: "GET /static/css/design-system.css?v=1790222369 HTTP/1.1" 200 7762
[2026-09-24 10:59:29,751] INFO django.server basehttp: "GET /static/css/app-shell.css?v=1790222369 HTTP/1.1" 200 40710
[2026-09-24 10:59:49,866] INFO django.server basehttp: "GET /utilities/calculators/?tab=unit HTTP/1.1" 200 13580
[2026-09-24 10:59:49,897] INFO django.server basehttp: "GET /static/css/design-system.css?v=1790222389 HTTP/1.1" 200 7762
[2026-09-24 10:59:49,898] INFO django.server basehttp: "GET /static/js/tools_calculators.js?v=1790222389 HTTP/1.1" 200 11566
[2026-09-24 10:59:49,899] INFO django.server basehttp: "GET /static/css/app-shell.css?v=1790222389 HTTP/1.1" 200 40710
[2026-09-24 10:59:59,339] INFO django.server basehttp: "GET /utilities/ HTTP/1.1" 200 13923
[2026-09-24 10:59:59,365] INFO django.server basehttp: "GET /static/css/design-system.css?v=1790222399 HTTP/1.1" 200 7762
[2026-09-24 10:59:59,366] INFO django.server basehttp: "GET /static/css/app-shell.css?v=1790222399 HTTP/1.1" 200 40710
[2026-09-24 11:00:06,947] INFO django.server basehttp: "GET /utilities/engineering/?tab=power HTTP/1.1" 200 10501
[2026-09-24 11:00:06,973] INFO django.server basehttp: "GET /static/css/design-system.css?v=1790222406 HTTP/1.1" 200 7762
[2026-09-24 11:00:06,974] INFO django.server basehttp: "GET /static/js/tools_engineering.js?v=1790222406 HTTP/1.1" 200 7071
[2026-09-24 11:00:06,974] INFO django.server basehttp: "GET /static/css/app-shell.css?v=1790222406 HTTP/1.1" 200 40710
[2026-09-24 11:00:11,747] INFO django.server basehttp: "GET /utilities/ HTTP/1.1" 200 13923
[2026-09-24 11:00:11,773] INFO django.server basehttp: "GET /static/css/design-system.css?v=1790222411 HTTP/1.1" 200 7762
[2026-09-24 11:00:11,774] INFO django.server basehttp: "GET /static/css/app-shell.css?v=1790222411 HTTP/1.1" 200 40710
[2026-09-24 11:02:25,211] INFO django.server basehttp: "HEAD / HTTP/1.1" 200 0
[2026-09-24 11:02:25,570] INFO django.server basehttp: "GET / HTTP/1.1" 200 34047
[2026-09-24 11:02:25,586] INFO django.server basehttp: "GET /static/css/design-system.css?v=1790222545 HTTP/1.1" 200 7762
[2026-09-24 11:02:25,590] INFO django.server basehttp: "GET /static/css/home.css?v=1790222545 HTTP/1.1" 200 16683
[2026-09-24 11:02:25,591] INFO django.server basehttp: "GET /media/standards/egat-no5.png HTTP/1.1" 304 0
[2026-09-24 11:02:25,592] INFO django.server basehttp: "GET /media/standards/tisi.png HTTP/1.1" 304 0
[2026-09-24 11:02:25,593] INFO django.server basehttp: "GET /media/standards/ahri.png HTTP/1.1" 304 0
[2026-09-24 11:02:25,594] INFO django.server basehttp: "GET /media/standards/ilac-nsc.png HTTP/1.1" 304 0
[2026-09-24 11:02:25,595] INFO django.server basehttp: "GET /media/standards/Screenshot_2026-09-24_105204.jpg HTTP/1.1" 304 0
[2026-09-24 11:02:25,597] INFO django.server basehttp: "GET /media/standards/Screenshot_2026-09-24_105254.jpg HTTP/1.1" 304 0
[2026-09-24 11:02:25,734] WARNING django.server basehttp: "GET /favicon.ico HTTP/1.1" 404 6501
[2026-09-24 11:02:31,538] INFO django.server basehttp: "GET /static/_tmp_eng_preview.html?tab=takt HTTP/1.1" 200 9530
[2026-09-24 11:02:31,553] INFO django.server basehttp: "GET /static/css/app-shell.css?v=1790222536 HTTP/1.1" 200 40710
[2026-09-24 11:02:31,554] INFO django.server basehttp: "GET /static/css/design-system.css?v=1790222536 HTTP/1.1" 200 7762
[2026-09-24 11:02:31,554] INFO django.server basehttp: "GET /static/js/tools_engineering.js?v=1790222536 HTTP/1.1" 200 6357
[2026-09-24 11:02:31,592] WARNING django.server basehttp: "GET /favicon.ico HTTP/1.1" 404 6501
[2026-09-24 11:02:32,744] WARNING django.server basehttp: "GET /favicon.ico HTTP/1.1" 404 6501
[2026-09-24 11:02:40,027] INFO django.server basehttp: "GET / HTTP/1.1" 200 34047
[2026-09-24 11:02:40,057] INFO django.server basehttp: "GET /static/css/design-system.css?v=1790222559 HTTP/1.1" 200 7762
[2026-09-24 11:02:40,057] INFO django.server basehttp: "GET /static/css/home.css?v=1790222559 HTTP/1.1" 200 16683
[2026-09-24 11:02:40,087] WARNING django.server basehttp: "GET /favicon.ico HTTP/1.1" 404 6501
[2026-09-24 11:05:05,299] INFO django.server basehttp: "GET / HTTP/1.1" 200 34386
[2026-09-24 11:05:05,341] INFO django.server basehttp: "GET /media/standards/egat-no5.png HTTP/1.1" 304 0
[2026-09-24 11:05:05,342] INFO django.server basehttp: "GET /static/css/design-system.css?v=1790222705 HTTP/1.1" 200 7762
[2026-09-24 11:05:05,344] INFO django.server basehttp: "GET /static/css/home.css?v=1790222705 HTTP/1.1" 200 16683
[2026-09-24 11:05:05,347] INFO django.server basehttp: "GET /media/standards/tisi.png HTTP/1.1" 304 0
[2026-09-24 11:05:05,347] INFO django.server basehttp: "GET /media/standards/ahri.png HTTP/1.1" 304 0
[2026-09-24 11:05:05,356] INFO django.server basehttp: "GET /media/standards/ilac-nsc.png HTTP/1.1" 304 0
[2026-09-24 11:05:05,357] INFO django.server basehttp: "GET /media/standards/Screenshot_2026-09-24_105204.jpg HTTP/1.1" 304 0
[2026-09-24 11:05:05,356] INFO django.server basehttp: "GET /media/standards/Screenshot_2026-09-24_105254.jpg HTTP/1.1" 304 0
[2026-09-24 11:05:07,494] INFO django.server basehttp: "GET /internal/ HTTP/1.1" 200 9286
[2026-09-24 11:05:07,525] INFO django.server basehttp: "GET /static/css/design-system.css?v=1790222707 HTTP/1.1" 200 7762
[2026-09-24 11:05:07,525] INFO django.server basehttp: "GET /static/css/app-shell.css?v=1790222707 HTTP/1.1" 200 40710
[2026-09-24 11:06:27,491] INFO django.server basehttp: "GET / HTTP/1.1" 200 34386
[2026-09-24 11:06:27,522] INFO django.server basehttp: "GET /media/standards/Screenshot_2026-09-24_105204.jpg HTTP/1.1" 304 0
[2026-09-24 11:06:27,522] INFO django.server basehttp: "GET /media/standards/Screenshot_2026-09-24_105254.jpg HTTP/1.1" 304 0
[2026-09-24 11:06:27,524] INFO django.server basehttp: "GET /static/css/design-system.css?v=1790222787 HTTP/1.1" 200 7762
[2026-09-24 11:06:27,524] INFO django.server basehttp: "GET /static/css/home.css?v=1790222787 HTTP/1.1" 200 16683
[2026-09-24 11:06:49,303] INFO django.server basehttp: "GET /happy-workplace/ HTTP/1.1" 200 17556
[2026-09-24 11:06:49,361] INFO django.server basehttp: "GET /static/css/design-system.css?v=1790222809 HTTP/1.1" 200 7762
[2026-09-24 11:06:49,364] INFO django.server basehttp: "GET /static/css/happy_workplace.css?v=1790222809 HTTP/1.1" 200 38401
[2026-09-24 11:06:49,364] INFO django.server basehttp: "GET /static/css/app-shell.css?v=1790222809 HTTP/1.1" 200 40710
[2026-09-24 11:06:49,402] INFO django.server basehttp: "GET /media/happy_workplace/posters/DT_Birthday_SSbYLAI.png HTTP/1.1" 200 1881326
[2026-09-24 11:06:49,414] INFO django.server basehttp: "GET /media/happy_workplace/posters/image_2.png HTTP/1.1" 200 2640225
[2026-09-24 11:06:49,415] INFO django.server basehttp: "GET /media/happy_workplace/posters/image_4.png HTTP/1.1" 200 3005207
[2026-09-24 11:06:50,138] INFO django.server basehttp: "GET /happy-workplace/manage/ HTTP/1.1" 200 26135
[2026-09-24 11:06:50,177] INFO django.server basehttp: "GET /static/css/design-system.css?v=1790222810 HTTP/1.1" 200 7762
[2026-09-24 11:06:50,182] INFO django.server basehttp: "GET /static/css/app-shell.css?v=1790222810 HTTP/1.1" 200 40710
[2026-09-24 11:06:50,182] INFO django.server basehttp: "GET /static/css/happy_workplace.css?v=1790222810 HTTP/1.1" 200 38401
[2026-09-24 11:06:50,189] INFO django.server basehttp: "GET /media/happy_workplace/fortunes/p-2.jpg HTTP/1.1" 200 157930
[2026-09-24 11:06:50,191] INFO django.server basehttp: "GET /media/happy_workplace/fortunes/p-1.jpg HTTP/1.1" 200 156028
[2026-09-24 11:06:50,192] INFO django.server basehttp: "GET /media/happy_workplace/fortunes/p-3.jpg HTTP/1.1" 200 157127
[2026-09-24 11:06:50,195] INFO django.server basehttp: "GET /media/happy_workplace/fortunes/p-4.jpg HTTP/1.1" 200 161419
[2026-09-24 11:06:50,197] INFO django.server basehttp: "GET /media/happy_workplace/fortunes/p-5.jpg HTTP/1.1" 200 156107
[2026-09-24 11:06:50,202] INFO django.server basehttp: "GET /media/happy_workplace/fortunes/p-6.jpg HTTP/1.1" 200 155260
[2026-09-24 11:06:50,207] INFO django.server basehttp: "GET /media/happy_workplace/fortunes/p-7.jpg HTTP/1.1" 200 156407
[2026-09-24 11:06:50,214] INFO django.server basehttp: "GET /media/happy_workplace/fortunes/p-8.jpg HTTP/1.1" 200 151466
[2026-09-24 11:06:50,221] INFO django.server basehttp: "GET /media/happy_workplace/fortunes/p-9.jpg HTTP/1.1" 200 172498
[2026-09-24 11:06:50,231] INFO django.server basehttp: "GET /media/happy_workplace/fortunes/p-10.jpg HTTP/1.1" 200 138889
[2026-09-24 11:06:50,238] INFO django.server basehttp: "GET /media/happy_workplace/fortunes/p-11.jpg HTTP/1.1" 200 155558
[2026-09-24 11:06:50,245] INFO django.server basehttp: "GET /media/happy_workplace/fortunes/p-12.jpg HTTP/1.1" 200 152040
[2026-09-24 11:06:50,255] INFO django.server basehttp: "GET /media/happy_workplace/fortunes/p-13.jpg HTTP/1.1" 200 152718
[2026-09-24 11:06:50,261] INFO django.server basehttp: "GET /media/happy_workplace/fortunes/p-14.jpg HTTP/1.1" 200 174853
[2026-09-24 11:06:50,266] INFO django.server basehttp: "GET /media/happy_workplace/fortunes/p-15.jpg HTTP/1.1" 200 148557
[2026-09-24 11:06:50,277] INFO django.server basehttp: "GET /media/happy_workplace/fortunes/p-16.jpg HTTP/1.1" 200 127111
[2026-09-24 11:06:50,289] INFO django.server basehttp: "GET /media/happy_workplace/fortunes/p-17.jpg HTTP/1.1" 200 156009
[2026-09-24 11:06:50,294] INFO django.server basehttp: "GET /media/happy_workplace/fortunes/p-18.jpg HTTP/1.1" 200 129251
[2026-09-24 11:06:50,300] INFO django.server basehttp: "GET /media/happy_workplace/fortunes/p-19.jpg HTTP/1.1" 200 156639
[2026-09-24 11:06:50,306] INFO django.server basehttp: "GET /media/happy_workplace/fortunes/p-20.jpg HTTP/1.1" 200 155003
[2026-09-24 11:06:50,311] INFO django.server basehttp: "GET /media/happy_workplace/fortunes/p-21.jpg HTTP/1.1" 200 148851
[2026-09-24 11:06:50,317] INFO django.server basehttp: "GET /media/happy_workplace/fortunes/p-22.jpg HTTP/1.1" 200 151413
[2026-09-24 11:06:50,320] INFO django.server basehttp: "GET /media/happy_workplace/fortunes/p-23.jpg HTTP/1.1" 200 155558
[2026-09-24 11:06:50,324] INFO django.server basehttp: "GET /media/happy_workplace/fortunes/p-24.jpg HTTP/1.1" 200 162730
[2026-09-24 11:06:50,327] INFO django.server basehttp: "GET /media/happy_workplace/fortunes/p-25.jpg HTTP/1.1" 200 159355
[2026-09-24 11:06:50,333] INFO django.server basehttp: "GET /media/happy_workplace/fortunes/p-26.jpg HTTP/1.1" 200 155634
[2026-09-24 11:06:50,338] INFO django.server basehttp: "GET /media/happy_workplace/fortunes/p-27.jpg HTTP/1.1" 200 160106
[2026-09-24 11:06:50,341] INFO django.server basehttp: "GET /media/happy_workplace/fortunes/p-28.jpg HTTP/1.1" 200 158678
[2026-09-24 11:06:58,688] INFO django.server basehttp: "GET /utilities/ HTTP/1.1" 200 13506
[2026-09-24 11:06:58,716] INFO django.server basehttp: "GET /static/css/design-system.css?v=1790222818 HTTP/1.1" 200 7762
[2026-09-24 11:06:58,716] INFO django.server basehttp: "GET /static/css/app-shell.css?v=1790222818 HTTP/1.1" 200 40710
[2026-09-24 11:07:38,007] INFO django.server basehttp: "GET /utilities/ HTTP/1.1" 200 13506
[2026-09-24 11:07:38,042] INFO django.server basehttp: "GET /static/css/design-system.css?v=1790222857 HTTP/1.1" 200 7762
[2026-09-24 11:07:38,042] INFO django.server basehttp: "GET /static/css/app-shell.css?v=1790222857 HTTP/1.1" 200 40914
[2026-09-24 11:07:46,608] INFO django.server basehttp: "GET /utilities/pdf-edit/ HTTP/1.1" 200 22041
[2026-09-24 11:07:46,640] INFO django.server basehttp: "GET /static/css/design-system.css?v=1790222866 HTTP/1.1" 200 7762
[2026-09-24 11:07:46,641] INFO django.server basehttp: "GET /static/css/app-shell.css?v=1790222866 HTTP/1.1" 200 40914
[2026-09-24 11:07:46,642] INFO django.server basehttp: "GET /static/js/tools_pdf_edit.js?v=1790222866 HTTP/1.1" 200 30411
[2026-09-24 11:07:49,720] INFO django.server basehttp: "GET /dashboard/ HTTP/1.1" 200 8884
[2026-09-24 11:07:49,750] INFO django.server basehttp: "GET /static/css/design-system.css?v=1790222869 HTTP/1.1" 200 7762
[2026-09-24 11:07:49,750] INFO django.server basehttp: "GET /static/css/app-shell.css?v=1790222869 HTTP/1.1" 200 40914
[2026-09-24 11:07:52,219] INFO django.server basehttp: "GET /utilities/ HTTP/1.1" 200 13506
[2026-09-24 11:07:52,248] INFO django.server basehttp: "GET /static/css/design-system.css?v=1790222872 HTTP/1.1" 200 7762
[2026-09-24 11:07:52,249] INFO django.server basehttp: "GET /static/css/app-shell.css?v=1790222872 HTTP/1.1" 200 40914
[2026-09-24 11:08:51,537] INFO django.server basehttp: "HEAD / HTTP/1.1" 200 0
[2026-09-24 11:08:51,902] INFO django.server basehttp: "GET / HTTP/1.1" 200 34047
[2026-09-24 11:08:51,919] INFO django.server basehttp: "GET /static/css/design-system.css?v=1790222931 HTTP/1.1" 200 7762
[2026-09-24 11:08:51,922] INFO django.server basehttp: "GET /static/css/home.css?v=1790222931 HTTP/1.1" 200 16683
[2026-09-24 11:08:51,924] INFO django.server basehttp: "GET /media/standards/egat-no5.png HTTP/1.1" 304 0
[2026-09-24 11:08:51,925] INFO django.server basehttp: "GET /media/standards/tisi.png HTTP/1.1" 304 0
[2026-09-24 11:08:51,927] INFO django.server basehttp: "GET /media/standards/ahri.png HTTP/1.1" 304 0
[2026-09-24 11:08:51,929] INFO django.server basehttp: "GET /media/standards/ilac-nsc.png HTTP/1.1" 304 0
[2026-09-24 11:08:51,930] INFO django.server basehttp: "GET /media/standards/Screenshot_2026-09-24_105204.jpg HTTP/1.1" 304 0
[2026-09-24 11:08:51,931] INFO django.server basehttp: "GET /media/standards/Screenshot_2026-09-24_105254.jpg HTTP/1.1" 304 0
[2026-09-24 11:08:51,950] WARNING django.server basehttp: "GET /favicon.ico HTTP/1.1" 404 6501
[2026-09-24 11:08:55,174] INFO django.server basehttp: "GET /utilities/ HTTP/1.1" 200 13849
[2026-09-24 11:08:55,202] INFO django.server basehttp: "GET /static/css/design-system.css?v=1790222935 HTTP/1.1" 200 7762
[2026-09-24 11:08:55,202] INFO django.server basehttp: "GET /static/css/app-shell.css?v=1790222935 HTTP/1.1" 200 40914
[2026-09-24 11:08:57,039] INFO django.server basehttp: "GET /utilities/ HTTP/1.1" 200 11557
[2026-09-24 11:08:57,056] INFO django.server basehttp: "GET /static/css/design-system.css?v=1790222937 HTTP/1.1" 200 7762
[2026-09-24 11:08:57,057] INFO django.server basehttp: "GET /static/css/app-shell.css?v=1790222937 HTTP/1.1" 200 40914
[2026-09-24 11:08:57,188] WARNING django.server basehttp: "GET /favicon.ico HTTP/1.1" 404 6501
[2026-09-24 11:08:59,207] INFO django.server basehttp: "GET /utilities/icon-settings/ HTTP/1.1" 200 14878
[2026-09-24 11:08:59,237] INFO django.server basehttp: "GET /static/css/design-system.css?v=1790222939 HTTP/1.1" 200 7762
[2026-09-24 11:08:59,238] INFO django.server basehttp: "GET /static/css/app-shell.css?v=1790222939 HTTP/1.1" 200 40914
[2026-09-24 11:09:06,724] INFO django.server basehttp: "GET /static/_tmp_icon_preview.html HTTP/1.1" 200 15243
[2026-09-24 11:09:06,743] INFO django.server basehttp: "GET /static/css/design-system.css?v=1790222923 HTTP/1.1" 200 7762
[2026-09-24 11:09:06,743] INFO django.server basehttp: "GET /static/css/app-shell.css?v=1790222923 HTTP/1.1" 200 40914
[2026-09-24 11:09:06,772] WARNING django.server basehttp: "GET /favicon.ico HTTP/1.1" 404 6501
[2026-09-24 11:09:15,805] INFO django.server basehttp: "GET /utilities/ HTTP/1.1" 200 13849
[2026-09-24 11:09:15,837] INFO django.server basehttp: "GET /static/css/design-system.css?v=1790222955 HTTP/1.1" 200 7762
[2026-09-24 11:09:15,837] INFO django.server basehttp: "GET /static/css/app-shell.css?v=1790222955 HTTP/1.1" 200 40914
[2026-09-24 11:09:23,806] INFO django.server basehttp: "GET /utilities/pdf-edit/ HTTP/1.1" 200 22041
[2026-09-24 11:09:23,845] INFO django.server basehttp: "GET /static/css/design-system.css?v=1790222963 HTTP/1.1" 200 7762
[2026-09-24 11:09:23,847] INFO django.server basehttp: "GET /static/css/app-shell.css?v=1790222963 HTTP/1.1" 200 40914
[2026-09-24 11:09:23,849] INFO django.server basehttp: "GET /static/js/tools_pdf_edit.js?v=1790222963 HTTP/1.1" 200 30411
[2026-09-24 11:09:34,340] INFO django.server basehttp: "GET /utilities/ HTTP/1.1" 200 13849
[2026-09-24 11:09:34,372] INFO django.server basehttp: "GET /static/css/design-system.css?v=1790222974 HTTP/1.1" 200 7762
[2026-09-24 11:09:34,372] INFO django.server basehttp: "GET /static/css/app-shell.css?v=1790222974 HTTP/1.1" 200 40914
[2026-09-24 11:09:50,968] INFO django.server basehttp: "GET /utilities/ HTTP/1.1" 200 11557
[2026-09-24 11:09:50,986] INFO django.server basehttp: "GET /static/css/design-system.css?v=1790222990 HTTP/1.1" 200 7762
[2026-09-24 11:09:50,988] INFO django.server basehttp: "GET /static/css/app-shell.css?v=1790222990 HTTP/1.1" 200 40914
[2026-09-24 11:09:51,013] WARNING django.server basehttp: "GET /favicon.ico HTTP/1.1" 404 6501
[2026-09-24 11:12:37,829] INFO django.server basehttp: "GET /utilities/icon-settings/ HTTP/1.1" 200 14878
[2026-09-24 11:12:37,855] INFO django.server basehttp: "GET /static/css/design-system.css?v=1790223157 HTTP/1.1" 200 7762
[2026-09-24 11:12:37,855] INFO django.server basehttp: "GET /static/css/app-shell.css?v=1790223157 HTTP/1.1" 200 40914
[2026-09-24 11:13:55,606] INFO django.server basehttp: "POST /utilities/icon-settings/ HTTP/1.1" 302 0
[2026-09-24 11:13:55,661] INFO django.server basehttp: "GET /utilities/ HTTP/1.1" 200 12176
[2026-09-24 11:13:55,692] INFO django.server basehttp: "GET /static/css/design-system.css?v=1790223235 HTTP/1.1" 200 7762
[2026-09-24 11:13:55,698] INFO django.server basehttp: "GET /static/css/app-shell.css?v=1790223235 HTTP/1.1" 200 40914
[2026-09-24 11:13:55,703] INFO django.server basehttp: "GET /media/tools/icons/image_6.png HTTP/1.1" 200 3559
[2026-09-24 11:13:55,706] INFO django.server basehttp: "GET /media/tools/icons/image_9.png HTTP/1.1" 200 8070
[2026-09-24 11:13:55,706] INFO django.server basehttp: "GET /media/tools/icons/image_8.png HTTP/1.1" 200 4156
[2026-09-24 11:13:55,706] INFO django.server basehttp: "GET /media/tools/icons/image_7.png HTTP/1.1" 200 5704
[2026-09-24 11:13:55,709] INFO django.server basehttp: "GET /media/tools/icons/image_10.png HTTP/1.1" 200 7293
[2026-09-24 11:13:55,720] INFO django.server basehttp: "GET /media/tools/icons/image_12.png HTTP/1.1" 200 5376
[2026-09-24 11:13:55,720] INFO django.server basehttp: "GET /media/tools/icons/image_11.png HTTP/1.1" 200 5034
[2026-09-24 11:13:55,725] INFO django.server basehttp: "GET /media/tools/icons/image_21.png HTTP/1.1" 200 3525
[2026-09-24 11:13:55,725] INFO django.server basehttp: "GET /media/tools/icons/image_17.png HTTP/1.1" 200 7557
[2026-09-24 11:13:55,732] INFO django.server basehttp: "GET /media/tools/icons/image_18.png HTTP/1.1" 200 3593
[2026-09-24 11:13:55,734] INFO django.server basehttp: "GET /media/tools/icons/image_19.png HTTP/1.1" 200 6647
[2026-09-24 11:13:55,738] INFO django.server basehttp: "GET /media/tools/icons/image_20.png HTTP/1.1" 200 7835
[2026-09-24 11:13:55,739] INFO django.server basehttp: "GET /media/tools/icons/image_16.png HTTP/1.1" 200 6217
[2026-09-24 11:13:55,742] INFO django.server basehttp: "GET /media/tools/icons/image_14.png HTTP/1.1" 200 4998
[2026-09-24 11:13:55,743] INFO django.server basehttp: "GET /media/tools/icons/image_15.png HTTP/1.1" 200 7561
[2026-09-24 11:13:55,746] INFO django.server basehttp: "GET /media/tools/icons/image_13.png HTTP/1.1" 200 7101
[2026-09-24 11:14:16,071] INFO django.server basehttp: "GET /utilities/pdf-edit/ HTTP/1.1" 200 22041
[2026-09-24 11:14:16,101] INFO django.server basehttp: "GET /static/css/design-system.css?v=1790223256 HTTP/1.1" 200 7762
[2026-09-24 11:14:16,102] INFO django.server basehttp: "GET /static/js/tools_pdf_edit.js?v=1790223256 HTTP/1.1" 200 30411
[2026-09-24 11:14:16,102] INFO django.server basehttp: "GET /static/css/app-shell.css?v=1790223256 HTTP/1.1" 200 40914
[2026-09-24 11:14:18,420] INFO django.server basehttp: "GET /utilities/ HTTP/1.1" 200 12031
[2026-09-24 11:14:18,447] INFO django.server basehttp: "GET /static/css/design-system.css?v=1790223258 HTTP/1.1" 200 7762
[2026-09-24 11:14:18,452] INFO django.server basehttp: "GET /media/tools/icons/image_6.png HTTP/1.1" 304 0
[2026-09-24 11:14:18,452] INFO django.server basehttp: "GET /media/tools/icons/image_7.png HTTP/1.1" 304 0
[2026-09-24 11:14:18,453] INFO django.server basehttp: "GET /media/tools/icons/image_9.png HTTP/1.1" 304 0
[2026-09-24 11:14:18,453] INFO django.server basehttp: "GET /media/tools/icons/image_8.png HTTP/1.1" 304 0
[2026-09-24 11:14:18,453] INFO django.server basehttp: "GET /media/tools/icons/image_10.png HTTP/1.1" 304 0
[2026-09-24 11:14:18,458] INFO django.server basehttp: "GET /media/tools/icons/image_17.png HTTP/1.1" 304 0
[2026-09-24 11:14:18,458] INFO django.server basehttp: "GET /media/tools/icons/image_18.png HTTP/1.1" 304 0
[2026-09-24 11:14:18,458] INFO django.server basehttp: "GET /media/tools/icons/image_12.png HTTP/1.1" 304 0
[2026-09-24 11:14:18,458] INFO django.server basehttp: "GET /media/tools/icons/image_21.png HTTP/1.1" 304 0
[2026-09-24 11:14:18,459] INFO django.server basehttp: "GET /static/css/app-shell.css?v=1790223258 HTTP/1.1" 200 40914
[2026-09-24 11:14:18,458] INFO django.server basehttp: "GET /media/tools/icons/image_11.png HTTP/1.1" 304 0
[2026-09-24 11:14:18,470] INFO django.server basehttp: "GET /media/tools/icons/image_19.png HTTP/1.1" 304 0
[2026-09-24 11:14:18,470] INFO django.server basehttp: "GET /media/tools/icons/image_13.png HTTP/1.1" 304 0
[2026-09-24 11:14:18,471] INFO django.server basehttp: "GET /media/tools/icons/image_16.png HTTP/1.1" 304 0
[2026-09-24 11:14:18,471] INFO django.server basehttp: "GET /media/tools/icons/image_20.png HTTP/1.1" 304 0
[2026-09-24 11:14:18,472] INFO django.server basehttp: "GET /media/tools/icons/image_14.png HTTP/1.1" 304 0
[2026-09-24 11:14:18,471] INFO django.server basehttp: "GET /media/tools/icons/image_15.png HTTP/1.1" 304 0
[2026-09-24 11:14:19,565] INFO django.server basehttp: "GET /utilities/pdf-edit/ HTTP/1.1" 200 22041
[2026-09-24 11:14:19,601] INFO django.server basehttp: "GET /static/css/design-system.css?v=1790223259 HTTP/1.1" 200 7762
[2026-09-24 11:14:19,601] INFO django.server basehttp: "GET /static/css/app-shell.css?v=1790223259 HTTP/1.1" 200 40914
[2026-09-24 11:14:19,602] INFO django.server basehttp: "GET /static/js/tools_pdf_edit.js?v=1790223259 HTTP/1.1" 200 30411
[2026-09-24 11:14:21,337] INFO django.server basehttp: "GET /utilities/ HTTP/1.1" 200 12031
[2026-09-24 11:14:21,367] INFO django.server basehttp: "GET /media/tools/icons/image_6.png HTTP/1.1" 304 0
[2026-09-24 11:14:21,368] INFO django.server basehttp: "GET /media/tools/icons/image_10.png HTTP/1.1" 304 0
[2026-09-24 11:14:21,368] INFO django.server basehttp: "GET /media/tools/icons/image_7.png HTTP/1.1" 304 0
[2026-09-24 11:14:21,368] INFO django.server basehttp: "GET /media/tools/icons/image_8.png HTTP/1.1" 304 0
[2026-09-24 11:14:21,369] INFO django.server basehttp: "GET /static/css/design-system.css?v=1790223261 HTTP/1.1" 200 7762
[2026-09-24 11:14:21,373] INFO django.server basehttp: "GET /media/tools/icons/image_9.png HTTP/1.1" 304 0
[2026-09-24 11:14:21,373] INFO django.server basehttp: "GET /media/tools/icons/image_21.png HTTP/1.1" 304 0
[2026-09-24 11:14:21,373] INFO django.server basehttp: "GET /media/tools/icons/image_12.png HTTP/1.1" 304 0
[2026-09-24 11:14:21,373] INFO django.server basehttp: "GET /media/tools/icons/image_11.png HTTP/1.1" 304 0
[2026-09-24 11:14:21,374] INFO django.server basehttp: "GET /media/tools/icons/image_17.png HTTP/1.1" 304 0
[2026-09-24 11:14:21,374] INFO django.server basehttp: "GET /static/css/app-shell.css?v=1790223261 HTTP/1.1" 200 40914
[2026-09-24 11:14:21,378] INFO django.server basehttp: "GET /media/tools/icons/image_18.png HTTP/1.1" 304 0
[2026-09-24 11:14:21,378] INFO django.server basehttp: "GET /media/tools/icons/image_16.png HTTP/1.1" 304 0
[2026-09-24 11:14:21,378] INFO django.server basehttp: "GET /media/tools/icons/image_19.png HTTP/1.1" 304 0
[2026-09-24 11:14:21,378] INFO django.server basehttp: "GET /media/tools/icons/image_20.png HTTP/1.1" 304 0
[2026-09-24 11:14:21,384] INFO django.server basehttp: "GET /media/tools/icons/image_13.png HTTP/1.1" 304 0
[2026-09-24 11:14:21,384] INFO django.server basehttp: "GET /media/tools/icons/image_14.png HTTP/1.1" 304 0
[2026-09-24 11:14:21,384] INFO django.server basehttp: "GET /media/tools/icons/image_15.png HTTP/1.1" 304 0
[2026-09-24 11:14:23,139] INFO django.server basehttp: "GET /utilities/pdf-edit/ HTTP/1.1" 200 22041
[2026-09-24 11:14:23,170] INFO django.server basehttp: "GET /static/css/design-system.css?v=1790223263 HTTP/1.1" 200 7762
[2026-09-24 11:14:23,172] INFO django.server basehttp: "GET /static/js/tools_pdf_edit.js?v=1790223263 HTTP/1.1" 200 30411
[2026-09-24 11:14:23,172] INFO django.server basehttp: "GET /static/css/app-shell.css?v=1790223263 HTTP/1.1" 200 40914
[2026-09-24 11:14:25,189] INFO django.server basehttp: "GET /utilities/ HTTP/1.1" 200 12031
[2026-09-24 11:14:25,221] INFO django.server basehttp: "GET /media/tools/icons/image_7.png HTTP/1.1" 304 0
[2026-09-24 11:14:25,221] INFO django.server basehttp: "GET /media/tools/icons/image_6.png HTTP/1.1" 304 0
[2026-09-24 11:14:25,221] INFO django.server basehttp: "GET /media/tools/icons/image_10.png HTTP/1.1" 304 0
[2026-09-24 11:14:25,222] INFO django.server basehttp: "GET /media/tools/icons/image_8.png HTTP/1.1" 304 0
[2026-09-24 11:14:25,222] INFO django.server basehttp: "GET /static/css/app-shell.css?v=1790223265 HTTP/1.1" 200 40914
[2026-09-24 11:14:25,226] INFO django.server basehttp: "GET /media/tools/icons/image_9.png HTTP/1.1" 304 0
[2026-09-24 11:14:25,226] INFO django.server basehttp: "GET /media/tools/icons/image_12.png HTTP/1.1" 304 0
[2026-09-24 11:14:25,226] INFO django.server basehttp: "GET /media/tools/icons/image_11.png HTTP/1.1" 304 0
[2026-09-24 11:14:25,227] INFO django.server basehttp: "GET /media/tools/icons/image_21.png HTTP/1.1" 304 0
[2026-09-24 11:14:25,230] INFO django.server basehttp: "GET /media/tools/icons/image_17.png HTTP/1.1" 304 0
[2026-09-24 11:14:25,235] INFO django.server basehttp: "GET /media/tools/icons/image_16.png HTTP/1.1" 304 0
[2026-09-24 11:14:25,235] INFO django.server basehttp: "GET /media/tools/icons/image_20.png HTTP/1.1" 304 0
[2026-09-24 11:14:25,235] INFO django.server basehttp: "GET /media/tools/icons/image_18.png HTTP/1.1" 304 0
[2026-09-24 11:14:25,235] INFO django.server basehttp: "GET /media/tools/icons/image_15.png HTTP/1.1" 304 0
[2026-09-24 11:14:25,236] INFO django.server basehttp: "GET /media/tools/icons/image_19.png HTTP/1.1" 304 0
[2026-09-24 11:14:25,239] INFO django.server basehttp: "GET /media/tools/icons/image_14.png HTTP/1.1" 304 0
[2026-09-24 11:14:25,239] INFO django.server basehttp: "GET /media/tools/icons/image_13.png HTTP/1.1" 304 0
[2026-09-24 11:14:26,223] INFO django.server basehttp: "GET /static/css/design-system.css?v=1790223265 HTTP/1.1" 200 7762
[2026-09-24 11:14:27,278] INFO django.server basehttp: "GET /utilities/qr-code/ HTTP/1.1" 200 16971
[2026-09-24 11:14:27,306] INFO django.server basehttp: "GET /static/css/design-system.css?v=1790223267 HTTP/1.1" 200 7762
[2026-09-24 11:14:27,306] INFO django.server basehttp: "GET /static/js/tools_qr.js?v=1790223267 HTTP/1.1" 200 7106
[2026-09-24 11:14:27,306] INFO django.server basehttp: "GET /static/css/app-shell.css?v=1790223267 HTTP/1.1" 200 40914
[2026-09-24 11:14:28,725] INFO django.server basehttp: "GET /utilities/ HTTP/1.1" 200 12031
[2026-09-24 11:14:28,754] INFO django.server basehttp: "GET /media/tools/icons/image_7.png HTTP/1.1" 304 0
[2026-09-24 11:14:28,754] INFO django.server basehttp: "GET /media/tools/icons/image_10.png HTTP/1.1" 304 0
[2026-09-24 11:14:28,755] INFO django.server basehttp: "GET /media/tools/icons/image_8.png HTTP/1.1" 304 0
[2026-09-24 11:14:28,755] INFO django.server basehttp: "GET /static/css/design-system.css?v=1790223268 HTTP/1.1" 200 7762
[2026-09-24 11:14:28,755] INFO django.server basehttp: "GET /media/tools/icons/image_6.png HTTP/1.1" 304 0
[2026-09-24 11:14:28,760] INFO django.server basehttp: "GET /media/tools/icons/image_12.png HTTP/1.1" 304 0
[2026-09-24 11:14:28,760] INFO django.server basehttp: "GET /media/tools/icons/image_17.png HTTP/1.1" 304 0
[2026-09-24 11:14:28,760] INFO django.server basehttp: "GET /media/tools/icons/image_21.png HTTP/1.1" 304 0
[2026-09-24 11:14:28,761] INFO django.server basehttp: "GET /media/tools/icons/image_9.png HTTP/1.1" 304 0
[2026-09-24 11:14:28,761] INFO django.server basehttp: "GET /static/css/app-shell.css?v=1790223268 HTTP/1.1" 200 40914
[2026-09-24 11:14:28,760] INFO django.server basehttp: "GET /media/tools/icons/image_11.png HTTP/1.1" 304 0
[2026-09-24 11:14:28,764] INFO django.server basehttp: "GET /media/tools/icons/image_18.png HTTP/1.1" 304 0
[2026-09-24 11:14:28,765] INFO django.server basehttp: "GET /media/tools/icons/image_19.png HTTP/1.1" 304 0
[2026-09-24 11:14:28,771] INFO django.server basehttp: "GET /media/tools/icons/image_15.png HTTP/1.1" 304 0
[2026-09-24 11:14:28,771] INFO django.server basehttp: "GET /media/tools/icons/image_16.png HTTP/1.1" 304 0
[2026-09-24 11:14:28,771] INFO django.server basehttp: "GET /media/tools/icons/image_20.png HTTP/1.1" 304 0
[2026-09-24 11:14:28,772] INFO django.server basehttp: "GET /media/tools/icons/image_13.png HTTP/1.1" 304 0
[2026-09-24 11:14:28,771] INFO django.server basehttp: "GET /media/tools/icons/image_14.png HTTP/1.1" 304 0
[2026-09-24 11:14:29,399] INFO django.server basehttp: "GET /utilities/document-converter/ HTTP/1.1" 200 7394
[2026-09-24 11:14:29,425] INFO django.server basehttp: "GET /static/css/app-shell.css?v=1790223269 HTTP/1.1" 200 40914
[2026-09-24 11:14:30,439] INFO django.server basehttp: "GET /static/css/design-system.css?v=1790223269 HTTP/1.1" 200 7762
[2026-09-24 11:14:31,540] INFO django.server basehttp: "GET /utilities/ HTTP/1.1" 200 12031
[2026-09-24 11:14:31,575] INFO django.server basehttp: "GET /media/tools/icons/image_7.png HTTP/1.1" 304 0
[2026-09-24 11:14:31,575] INFO django.server basehttp: "GET /media/tools/icons/image_8.png HTTP/1.1" 304 0
[2026-09-24 11:14:31,575] INFO django.server basehttp: "GET /media/tools/icons/image_6.png HTTP/1.1" 304 0
[2026-09-24 11:14:31,575] INFO django.server basehttp: "GET /media/tools/icons/image_10.png HTTP/1.1" 304 0
[2026-09-24 11:14:31,576] INFO django.server basehttp: "GET /static/css/design-system.css?v=1790223271 HTTP/1.1" 200 7762
[2026-09-24 11:14:31,577] INFO django.server basehttp: "GET /static/css/app-shell.css?v=1790223271 HTTP/1.1" 200 40914
[2026-09-24 11:14:31,581] INFO django.server basehttp: "GET /media/tools/icons/image_11.png HTTP/1.1" 304 0
[2026-09-24 11:14:31,581] INFO django.server basehttp: "GET /media/tools/icons/image_9.png HTTP/1.1" 304 0
[2026-09-24 11:14:31,581] INFO django.server basehttp: "GET /media/tools/icons/image_21.png HTTP/1.1" 304 0
[2026-09-24 11:14:31,581] INFO django.server basehttp: "GET /media/tools/icons/image_12.png HTTP/1.1" 304 0
[2026-09-24 11:14:31,588] INFO django.server basehttp: "GET /media/tools/icons/image_18.png HTTP/1.1" 304 0
[2026-09-24 11:14:31,589] INFO django.server basehttp: "GET /media/tools/icons/image_19.png HTTP/1.1" 304 0
[2026-09-24 11:14:31,590] INFO django.server basehttp: "GET /media/tools/icons/image_15.png HTTP/1.1" 304 0
[2026-09-24 11:14:31,590] INFO django.server basehttp: "GET /media/tools/icons/image_17.png HTTP/1.1" 304 0
[2026-09-24 11:14:31,591] INFO django.server basehttp: "GET /media/tools/icons/image_20.png HTTP/1.1" 304 0
[2026-09-24 11:14:31,590] INFO django.server basehttp: "GET /media/tools/icons/image_16.png HTTP/1.1" 304 0
[2026-09-24 11:14:31,594] INFO django.server basehttp: "GET /media/tools/icons/image_13.png HTTP/1.1" 304 0
[2026-09-24 11:14:31,594] INFO django.server basehttp: "GET /media/tools/icons/image_14.png HTTP/1.1" 304 0
[2026-09-24 11:14:36,485] INFO django.server basehttp: "GET /utilities/calculators/?tab=temperature HTTP/1.1" 200 13580
[2026-09-24 11:14:36,512] INFO django.server basehttp: "GET /static/css/design-system.css?v=1790223276 HTTP/1.1" 200 7762
[2026-09-24 11:14:36,512] INFO django.server basehttp: "GET /static/css/app-shell.css?v=1790223276 HTTP/1.1" 200 40914
[2026-09-24 11:14:36,514] INFO django.server basehttp: "GET /static/js/tools_calculators.js?v=1790223276 HTTP/1.1" 200 11566
[2026-09-24 11:14:37,931] INFO django.server basehttp: "GET /utilities/ HTTP/1.1" 200 12031
[2026-09-24 11:14:37,962] INFO django.server basehttp: "GET /media/tools/icons/image_7.png HTTP/1.1" 304 0
[2026-09-24 11:14:37,963] INFO django.server basehttp: "GET /media/tools/icons/image_8.png HTTP/1.1" 304 0
[2026-09-24 11:14:37,963] INFO django.server basehttp: "GET /media/tools/icons/image_6.png HTTP/1.1" 304 0
[2026-09-24 11:14:37,964] INFO django.server basehttp: "GET /static/css/design-system.css?v=1790223277 HTTP/1.1" 200 7762
[2026-09-24 11:14:37,963] INFO django.server basehttp: "GET /media/tools/icons/image_10.png HTTP/1.1" 304 0
[2026-09-24 11:14:37,967] INFO django.server basehttp: "GET /media/tools/icons/image_21.png HTTP/1.1" 304 0
[2026-09-24 11:14:37,968] INFO django.server basehttp: "GET /media/tools/icons/image_9.png HTTP/1.1" 304 0
[2026-09-24 11:14:37,968] INFO django.server basehttp: "GET /static/css/app-shell.css?v=1790223277 HTTP/1.1" 200 40914
[2026-09-24 11:14:37,969] INFO django.server basehttp: "GET /media/tools/icons/image_12.png HTTP/1.1" 304 0
[2026-09-24 11:14:37,969] INFO django.server basehttp: "GET /media/tools/icons/image_11.png HTTP/1.1" 304 0
[2026-09-24 11:14:37,969] INFO django.server basehttp: "GET /media/tools/icons/image_17.png HTTP/1.1" 304 0
[2026-09-24 11:14:37,979] INFO django.server basehttp: "GET /media/tools/icons/image_18.png HTTP/1.1" 304 0
[2026-09-24 11:14:37,980] INFO django.server basehttp: "GET /media/tools/icons/image_19.png HTTP/1.1" 304 0
[2026-09-24 11:14:37,980] INFO django.server basehttp: "GET /media/tools/icons/image_14.png HTTP/1.1" 304 0
[2026-09-24 11:14:37,981] INFO django.server basehttp: "GET /media/tools/icons/image_20.png HTTP/1.1" 304 0
[2026-09-24 11:14:37,980] INFO django.server basehttp: "GET /media/tools/icons/image_16.png HTTP/1.1" 304 0
[2026-09-24 11:14:37,980] INFO django.server basehttp: "GET /media/tools/icons/image_15.png HTTP/1.1" 304 0
[2026-09-24 11:14:37,984] INFO django.server basehttp: "GET /media/tools/icons/image_13.png HTTP/1.1" 304 0
[2026-09-24 11:14:41,509] INFO django.server basehttp: "GET /utilities/calculators/?tab=capacity HTTP/1.1" 200 13580
[2026-09-24 11:14:41,536] INFO django.server basehttp: "GET /static/css/design-system.css?v=1790223281 HTTP/1.1" 200 7762
[2026-09-24 11:14:41,537] INFO django.server basehttp: "GET /static/js/tools_calculators.js?v=1790223281 HTTP/1.1" 200 11566
[2026-09-24 11:14:41,537] INFO django.server basehttp: "GET /static/css/app-shell.css?v=1790223281 HTTP/1.1" 200 40914
[2026-09-24 11:14:42,865] INFO django.server basehttp: "GET /utilities/ HTTP/1.1" 200 12031
[2026-09-24 11:14:42,898] INFO django.server basehttp: "GET /media/tools/icons/image_6.png HTTP/1.1" 304 0
[2026-09-24 11:14:42,898] INFO django.server basehttp: "GET /media/tools/icons/image_10.png HTTP/1.1" 304 0
[2026-09-24 11:14:42,899] INFO django.server basehttp: "GET /media/tools/icons/image_8.png HTTP/1.1" 304 0
[2026-09-24 11:14:42,899] INFO django.server basehttp: "GET /media/tools/icons/image_7.png HTTP/1.1" 304 0
[2026-09-24 11:14:42,900] INFO django.server basehttp: "GET /static/css/design-system.css?v=1790223282 HTTP/1.1" 200 7762
[2026-09-24 11:14:42,903] INFO django.server basehttp: "GET /static/css/app-shell.css?v=1790223282 HTTP/1.1" 200 40914
[2026-09-24 11:14:42,904] INFO django.server basehttp: "GET /media/tools/icons/image_21.png HTTP/1.1" 304 0
[2026-09-24 11:14:42,904] INFO django.server basehttp: "GET /media/tools/icons/image_9.png HTTP/1.1" 304 0
[2026-09-24 11:14:42,904] INFO django.server basehttp: "GET /media/tools/icons/image_11.png HTTP/1.1" 304 0
[2026-09-24 11:14:42,904] INFO django.server basehttp: "GET /media/tools/icons/image_17.png HTTP/1.1" 304 0
[2026-09-24 11:14:42,904] INFO django.server basehttp: "GET /media/tools/icons/image_12.png HTTP/1.1" 304 0
[2026-09-24 11:14:42,915] INFO django.server basehttp: "GET /media/tools/icons/image_18.png HTTP/1.1" 304 0
[2026-09-24 11:14:42,916] INFO django.server basehttp: "GET /media/tools/icons/image_20.png HTTP/1.1" 304 0
[2026-09-24 11:14:42,916] INFO django.server basehttp: "GET /media/tools/icons/image_14.png HTTP/1.1" 304 0
[2026-09-24 11:14:42,916] INFO django.server basehttp: "GET /media/tools/icons/image_15.png HTTP/1.1" 304 0
[2026-09-24 11:14:42,915] INFO django.server basehttp: "GET /media/tools/icons/image_19.png HTTP/1.1" 304 0
[2026-09-24 11:14:42,916] INFO django.server basehttp: "GET /media/tools/icons/image_16.png HTTP/1.1" 304 0
[2026-09-24 11:14:42,920] INFO django.server basehttp: "GET /media/tools/icons/image_13.png HTTP/1.1" 304 0
[2026-09-24 11:14:48,043] INFO django.server basehttp: "GET /utilities/pdf-edit/ HTTP/1.1" 200 22041
[2026-09-24 11:14:48,075] INFO django.server basehttp: "GET /static/css/design-system.css?v=1790223288 HTTP/1.1" 200 7762
[2026-09-24 11:14:48,075] INFO django.server basehttp: "GET /static/css/app-shell.css?v=1790223288 HTTP/1.1" 200 40914
[2026-09-24 11:14:48,075] INFO django.server basehttp: "GET /static/js/tools_pdf_edit.js?v=1790223288 HTTP/1.1" 200 30411
[2026-09-24 11:15:06,868] INFO django.server basehttp: "GET /utilities/ HTTP/1.1" 200 12031
[2026-09-24 11:15:06,906] INFO django.server basehttp: "GET /media/tools/icons/image_7.png HTTP/1.1" 304 0
[2026-09-24 11:15:06,906] INFO django.server basehttp: "GET /media/tools/icons/image_6.png HTTP/1.1" 304 0
[2026-09-24 11:15:06,906] INFO django.server basehttp: "GET /media/tools/icons/image_10.png HTTP/1.1" 304 0
[2026-09-24 11:15:06,906] INFO django.server basehttp: "GET /media/tools/icons/image_8.png HTTP/1.1" 304 0
[2026-09-24 11:15:06,910] INFO django.server basehttp: "GET /static/css/design-system.css?v=1790223306 HTTP/1.1" 200 7762
[2026-09-24 11:15:06,914] INFO django.server basehttp: "GET /media/tools/icons/image_12.png HTTP/1.1" 304 0
[2026-09-24 11:15:06,915] INFO django.server basehttp: "GET /static/css/app-shell.css?v=1790223306 HTTP/1.1" 200 40914
[2026-09-24 11:15:06,915] INFO django.server basehttp: "GET /media/tools/icons/image_21.png HTTP/1.1" 304 0
[2026-09-24 11:15:06,916] INFO django.server basehttp: "GET /media/tools/icons/image_17.png HTTP/1.1" 304 0
[2026-09-24 11:15:06,915] INFO django.server basehttp: "GET /media/tools/icons/image_9.png HTTP/1.1" 304 0
[2026-09-24 11:15:06,914] INFO django.server basehttp: "GET /media/tools/icons/image_11.png HTTP/1.1" 304 0
[2026-09-24 11:15:06,919] INFO django.server basehttp: "GET /media/tools/icons/image_19.png HTTP/1.1" 304 0
[2026-09-24 11:15:06,919] INFO django.server basehttp: "GET /media/tools/icons/image_18.png HTTP/1.1" 304 0
[2026-09-24 11:15:06,927] INFO django.server basehttp: "GET /media/tools/icons/image_20.png HTTP/1.1" 304 0
[2026-09-24 11:15:06,928] INFO django.server basehttp: "GET /media/tools/icons/image_15.png HTTP/1.1" 304 0
[2026-09-24 11:15:06,929] INFO django.server basehttp: "GET /media/tools/icons/image_14.png HTTP/1.1" 304 0
[2026-09-24 11:15:06,928] INFO django.server basehttp: "GET /media/tools/icons/image_16.png HTTP/1.1" 304 0
[2026-09-24 11:15:06,929] INFO django.server basehttp: "GET /media/tools/icons/image_13.png HTTP/1.1" 304 0
[2026-09-24 11:15:37,733] INFO django.server basehttp: "GET /utilities/pdf-edit/ HTTP/1.1" 200 22041
[2026-09-24 11:15:37,770] INFO django.server basehttp: "GET /static/css/design-system.css?v=1790223337 HTTP/1.1" 200 7762
[2026-09-24 11:15:37,770] INFO django.server basehttp: "GET /static/js/tools_pdf_edit.js?v=1790223337 HTTP/1.1" 200 30411
[2026-09-24 11:15:37,771] INFO django.server basehttp: "GET /static/css/app-shell.css?v=1790223337 HTTP/1.1" 200 40914
[2026-09-24 11:15:56,114] INFO django.server basehttp: "GET /utilities/ HTTP/1.1" 200 12031
[2026-09-24 11:15:56,149] INFO django.server basehttp: "GET /media/tools/icons/image_6.png HTTP/1.1" 304 0
[2026-09-24 11:15:56,149] INFO django.server basehttp: "GET /media/tools/icons/image_7.png HTTP/1.1" 304 0
[2026-09-24 11:15:56,149] INFO django.server basehttp: "GET /media/tools/icons/image_10.png HTTP/1.1" 304 0
[2026-09-24 11:15:56,149] INFO django.server basehttp: "GET /media/tools/icons/image_8.png HTTP/1.1" 304 0
[2026-09-24 11:15:56,152] INFO django.server basehttp: "GET /static/css/design-system.css?v=1790223356 HTTP/1.1" 200 7762
[2026-09-24 11:15:56,153] INFO django.server basehttp: "GET /media/tools/icons/image_12.png HTTP/1.1" 304 0
[2026-09-24 11:15:56,154] INFO django.server basehttp: "GET /media/tools/icons/image_9.png HTTP/1.1" 304 0
[2026-09-24 11:15:56,154] INFO django.server basehttp: "GET /media/tools/icons/image_21.png HTTP/1.1" 304 0
[2026-09-24 11:15:56,154] INFO django.server basehttp: "GET /media/tools/icons/image_11.png HTTP/1.1" 304 0
[2026-09-24 11:15:56,157] INFO django.server basehttp: "GET /media/tools/icons/image_17.png HTTP/1.1" 304 0
[2026-09-24 11:15:56,158] INFO django.server basehttp: "GET /static/css/app-shell.css?v=1790223356 HTTP/1.1" 200 40914
[2026-09-24 11:15:56,162] INFO django.server basehttp: "GET /media/tools/icons/image_18.png HTTP/1.1" 304 0
[2026-09-24 11:15:56,162] INFO django.server basehttp: "GET /media/tools/icons/image_19.png HTTP/1.1" 304 0
[2026-09-24 11:15:56,162] INFO django.server basehttp: "GET /media/tools/icons/image_16.png HTTP/1.1" 304 0
[2026-09-24 11:15:56,163] INFO django.server basehttp: "GET /media/tools/icons/image_20.png HTTP/1.1" 304 0
[2026-09-24 11:15:56,168] INFO django.server basehttp: "GET /media/tools/icons/image_13.png HTTP/1.1" 304 0
[2026-09-24 11:15:56,169] INFO django.server basehttp: "GET /media/tools/icons/image_15.png HTTP/1.1" 304 0
[2026-09-24 11:15:56,169] INFO django.server basehttp: "GET /media/tools/icons/image_14.png HTTP/1.1" 304 0
[2026-09-24 11:15:57,651] INFO django.server basehttp: "GET /monitoring/ HTTP/1.1" 200 4913
[2026-09-24 11:15:57,677] INFO django.server basehttp: "GET /static/css/design-system.css?v=1790223357 HTTP/1.1" 200 7762
[2026-09-24 11:15:57,678] INFO django.server basehttp: "GET /static/css/app-shell.css?v=1790223357 HTTP/1.1" 200 40914
[2026-09-24 11:15:58,610] INFO django.server basehttp: "GET / HTTP/1.1" 200 34386
[2026-09-24 11:15:58,647] INFO django.server basehttp: "GET /media/standards/egat-no5.png HTTP/1.1" 304 0
[2026-09-24 11:15:58,648] INFO django.server basehttp: "GET /media/standards/tisi.png HTTP/1.1" 304 0
[2026-09-24 11:15:58,649] INFO django.server basehttp: "GET /media/standards/ahri.png HTTP/1.1" 304 0
[2026-09-24 11:15:58,648] INFO django.server basehttp: "GET /media/standards/ilac-nsc.png HTTP/1.1" 304 0
[2026-09-24 11:15:58,650] INFO django.server basehttp: "GET /static/css/design-system.css?v=1790223358 HTTP/1.1" 200 7762
[2026-09-24 11:15:58,650] INFO django.server basehttp: "GET /static/css/home.css?v=1790223358 HTTP/1.1" 200 16683
[2026-09-24 11:15:58,656] INFO django.server basehttp: "GET /media/standards/Screenshot_2026-09-24_105204.jpg HTTP/1.1" 304 0
[2026-09-24 11:15:58,663] INFO django.server basehttp: "GET /media/standards/Screenshot_2026-09-24_105254.jpg HTTP/1.1" 304 0
[2026-09-24 11:16:00,935] INFO django.server basehttp: "GET /internal/ HTTP/1.1" 200 9286
[2026-09-24 11:16:00,962] INFO django.server basehttp: "GET /static/css/design-system.css?v=1790223360 HTTP/1.1" 200 7762
[2026-09-24 11:16:00,962] INFO django.server basehttp: "GET /static/css/app-shell.css?v=1790223360 HTTP/1.1" 200 40914
[2026-09-24 11:16:04,283] INFO django.server basehttp: "GET / HTTP/1.1" 200 34386
[2026-09-24 11:16:04,314] INFO django.server basehttp: "GET /static/css/design-system.css?v=1790223364 HTTP/1.1" 200 7762
[2026-09-24 11:16:04,314] INFO django.server basehttp: "GET /static/css/home.css?v=1790223364 HTTP/1.1" 200 16683
[2026-09-24 11:16:08,176] INFO django.server basehttp: "GET /documents/ HTTP/1.1" 200 22292
[2026-09-24 11:16:08,216] INFO django.server basehttp: "GET /static/css/design-system.css?v=1790223368 HTTP/1.1" 200 7762
[2026-09-24 11:16:08,217] INFO django.server basehttp: "GET /static/css/app-shell.css?v=1790223368 HTTP/1.1" 200 40914
[2026-09-24 11:16:11,598] INFO django.server basehttp: "GET /dashboard/ HTTP/1.1" 200 8885
[2026-09-24 11:16:11,625] INFO django.server basehttp: "GET /static/css/design-system.css?v=1790223371 HTTP/1.1" 200 7762
[2026-09-24 11:16:11,625] INFO django.server basehttp: "GET /static/css/app-shell.css?v=1790223371 HTTP/1.1" 200 40914
[2026-09-24 11:16:16,041] INFO django.server basehttp: "GET / HTTP/1.1" 200 34386
[2026-09-24 11:16:16,070] INFO django.server basehttp: "GET /static/css/design-system.css?v=1790223376 HTTP/1.1" 200 7762
[2026-09-24 11:16:16,071] INFO django.server basehttp: "GET /static/css/home.css?v=1790223376 HTTP/1.1" 200 16683
[2026-09-24 11:16:20,475] INFO django.server basehttp: "GET /happy-workplace/ HTTP/1.1" 200 17556
[2026-09-24 11:16:20,515] INFO django.server basehttp: "GET /static/css/design-system.css?v=1790223380 HTTP/1.1" 200 7762
[2026-09-24 11:16:20,515] INFO django.server basehttp: "GET /static/css/app-shell.css?v=1790223380 HTTP/1.1" 200 40914
[2026-09-24 11:16:20,516] INFO django.server basehttp: "GET /static/css/happy_workplace.css?v=1790223380 HTTP/1.1" 200 38401
[2026-09-24 11:16:24,791] INFO django.server basehttp: "GET /utilities/ HTTP/1.1" 200 12031
[2026-09-24 11:16:24,834] INFO django.server basehttp: "GET /media/tools/icons/image_8.png HTTP/1.1" 304 0
[2026-09-24 11:16:24,834] INFO django.server basehttp: "GET /media/tools/icons/image_7.png HTTP/1.1" 304 0
[2026-09-24 11:16:24,834] INFO django.server basehttp: "GET /media/tools/icons/image_6.png HTTP/1.1" 304 0
[2026-09-24 11:16:24,834] INFO django.server basehttp: "GET /media/tools/icons/image_10.png HTTP/1.1" 304 0
[2026-09-24 11:16:24,836] INFO django.server basehttp: "GET /static/css/design-system.css?v=1790223384 HTTP/1.1" 200 7762
[2026-09-24 11:16:24,836] INFO django.server basehttp: "GET /static/css/app-shell.css?v=1790223384 HTTP/1.1" 200 40914
[2026-09-24 11:16:24,841] INFO django.server basehttp: "GET /media/tools/icons/image_12.png HTTP/1.1" 304 0
[2026-09-24 11:16:24,841] INFO django.server basehttp: "GET /media/tools/icons/image_11.png HTTP/1.1" 304 0
[2026-09-24 11:16:24,841] INFO django.server basehttp: "GET /media/tools/icons/image_21.png HTTP/1.1" 304 0
[2026-09-24 11:16:24,841] INFO django.server basehttp: "GET /media/tools/icons/image_9.png HTTP/1.1" 304 0
[2026-09-24 11:16:24,846] INFO django.server basehttp: "GET /media/tools/icons/image_18.png HTTP/1.1" 304 0
[2026-09-24 11:16:24,847] INFO django.server basehttp: "GET /media/tools/icons/image_17.png HTTP/1.1" 304 0
[2026-09-24 11:16:24,853] INFO django.server basehttp: "GET /media/tools/icons/image_19.png HTTP/1.1" 304 0
[2026-09-24 11:16:24,853] INFO django.server basehttp: "GET /media/tools/icons/image_15.png HTTP/1.1" 304 0
[2026-09-24 11:16:24,853] INFO django.server basehttp: "GET /media/tools/icons/image_20.png HTTP/1.1" 304 0
[2026-09-24 11:16:24,853] INFO django.server basehttp: "GET /media/tools/icons/image_16.png HTTP/1.1" 304 0
[2026-09-24 11:16:24,854] INFO django.server basehttp: "GET /media/tools/icons/image_13.png HTTP/1.1" 304 0
[2026-09-24 11:16:24,854] INFO django.server basehttp: "GET /media/tools/icons/image_14.png HTTP/1.1" 304 0
[2026-09-24 11:16:26,363] INFO django.server basehttp: "GET /dashboard/ HTTP/1.1" 200 8885
[2026-09-24 11:16:26,389] INFO django.server basehttp: "GET /static/css/design-system.css?v=1790223386 HTTP/1.1" 200 7762
[2026-09-24 11:16:26,389] INFO django.server basehttp: "GET /static/css/app-shell.css?v=1790223386 HTTP/1.1" 200 40914
[2026-09-24 11:16:40,082] INFO django.server basehttp: "GET /documents/ HTTP/1.1" 200 22292
[2026-09-24 11:16:40,116] INFO django.server basehttp: "GET /static/css/design-system.css?v=1790223400 HTTP/1.1" 200 7762
[2026-09-24 11:16:40,118] INFO django.server basehttp: "GET /static/css/app-shell.css?v=1790223400 HTTP/1.1" 200 41255
[2026-09-24 11:17:24,351] INFO django.server basehttp: "GET /utilities/ HTTP/1.1" 200 12031
[2026-09-24 11:17:24,401] INFO django.server basehttp: "GET /media/tools/icons/image_6.png HTTP/1.1" 304 0
[2026-09-24 11:17:24,401] INFO django.server basehttp: "GET /media/tools/icons/image_7.png HTTP/1.1" 304 0
[2026-09-24 11:17:24,401] INFO django.server basehttp: "GET /media/tools/icons/image_10.png HTTP/1.1" 304 0
[2026-09-24 11:17:24,401] INFO django.server basehttp: "GET /media/tools/icons/image_8.png HTTP/1.1" 304 0
[2026-09-24 11:17:24,406] INFO django.server basehttp: "GET /media/tools/icons/image_12.png HTTP/1.1" 304 0
[2026-09-24 11:17:24,407] INFO django.server basehttp: "GET /media/tools/icons/image_21.png HTTP/1.1" 304 0
[2026-09-24 11:17:24,407] INFO django.server basehttp: "GET /static/css/design-system.css?v=1790223444 HTTP/1.1" 200 7762
[2026-09-24 11:17:24,408] INFO django.server basehttp: "GET /media/tools/icons/image_9.png HTTP/1.1" 304 0
[2026-09-24 11:17:24,408] INFO django.server basehttp: "GET /media/tools/icons/image_11.png HTTP/1.1" 304 0
[2026-09-24 11:17:24,409] INFO django.server basehttp: "GET /static/css/app-shell.css?v=1790223444 HTTP/1.1" 200 41255
[2026-09-24 11:17:24,412] INFO django.server basehttp: "GET /media/tools/icons/image_19.png HTTP/1.1" 304 0
[2026-09-24 11:17:24,413] INFO django.server basehttp: "GET /media/tools/icons/image_18.png HTTP/1.1" 304 0
[2026-09-24 11:17:24,412] INFO django.server basehttp: "GET /media/tools/icons/image_17.png HTTP/1.1" 304 0
[2026-09-24 11:17:24,419] INFO django.server basehttp: "GET /media/tools/icons/image_20.png HTTP/1.1" 304 0
[2026-09-24 11:17:24,420] INFO django.server basehttp: "GET /media/tools/icons/image_16.png HTTP/1.1" 304 0
[2026-09-24 11:17:24,421] INFO django.server basehttp: "GET /media/tools/icons/image_13.png HTTP/1.1" 304 0
[2026-09-24 11:17:24,421] INFO django.server basehttp: "GET /media/tools/icons/image_14.png HTTP/1.1" 304 0
[2026-09-24 11:17:24,421] INFO django.server basehttp: "GET /media/tools/icons/image_15.png HTTP/1.1" 304 0
[2026-09-24 11:17:25,541] INFO django.server basehttp: "GET /utilities/pdf-edit/ HTTP/1.1" 200 22041
[2026-09-24 11:17:25,575] INFO django.server basehttp: "GET /static/css/design-system.css?v=1790223445 HTTP/1.1" 200 7762
[2026-09-24 11:17:25,576] INFO django.server basehttp: "GET /static/js/tools_pdf_edit.js?v=1790223445 HTTP/1.1" 200 30411
[2026-09-24 11:17:25,577] INFO django.server basehttp: "GET /static/css/app-shell.css?v=1790223445 HTTP/1.1" 200 41255
[2026-09-24 11:17:31,629] INFO django.server basehttp: "HEAD / HTTP/1.1" 200 0
[2026-09-24 11:17:31,998] INFO django.server basehttp: "GET / HTTP/1.1" 200 34047
[2026-09-24 11:17:32,014] INFO django.server basehttp: "GET /static/css/design-system.css?v=1790223451 HTTP/1.1" 200 7762
[2026-09-24 11:17:32,017] INFO django.server basehttp: "GET /static/css/home.css?v=1790223451 HTTP/1.1" 200 16683
[2026-09-24 11:17:32,019] INFO django.server basehttp: "GET /media/standards/egat-no5.png HTTP/1.1" 304 0
[2026-09-24 11:17:32,020] INFO django.server basehttp: "GET /media/standards/tisi.png HTTP/1.1" 304 0
[2026-09-24 11:17:32,021] INFO django.server basehttp: "GET /media/standards/ahri.png HTTP/1.1" 304 0
[2026-09-24 11:17:32,023] INFO django.server basehttp: "GET /media/standards/ilac-nsc.png HTTP/1.1" 304 0
[2026-09-24 11:17:32,025] INFO django.server basehttp: "GET /media/standards/Screenshot_2026-09-24_105204.jpg HTTP/1.1" 304 0
[2026-09-24 11:17:32,026] INFO django.server basehttp: "GET /media/standards/Screenshot_2026-09-24_105254.jpg HTTP/1.1" 304 0
[2026-09-24 11:17:32,063] WARNING django.server basehttp: "GET /favicon.ico HTTP/1.1" 404 6501
[2026-09-24 11:17:33,773] INFO django.server basehttp: "GET /utilities/ HTTP/1.1" 200 12031
[2026-09-24 11:17:33,824] INFO django.server basehttp: "GET /static/css/design-system.css?v=1790223453 HTTP/1.1" 200 7762
[2026-09-24 11:17:33,824] INFO django.server basehttp: "GET /static/css/app-shell.css?v=1790223453 HTTP/1.1" 200 41255
[2026-09-24 11:17:36,294] INFO django.server basehttp: "GET /utilities/pdf-edit/ HTTP/1.1" 200 21970
[2026-09-24 11:17:36,330] INFO django.server basehttp: "GET /static/css/design-system.css?v=1790223456 HTTP/1.1" 200 7762
[2026-09-24 11:17:36,330] INFO django.server basehttp: "GET /static/css/app-shell.css?v=1790223456 HTTP/1.1" 200 41255
[2026-09-24 11:17:36,333] INFO django.server basehttp: "GET /static/js/tools_pdf_edit.js?v=1790223456 HTTP/1.1" 200 30411
[2026-09-24 11:17:37,905] INFO django.server basehttp: "GET /utilities/pdf-edit/ HTTP/1.1" 200 20928
[2026-09-24 11:17:37,921] INFO django.server basehttp: "GET /static/css/design-system.css?v=1790223457 HTTP/1.1" 200 7762
[2026-09-24 11:17:37,922] INFO django.server basehttp: "GET /static/css/app-shell.css?v=1790223457 HTTP/1.1" 200 41255
[2026-09-24 11:17:37,922] INFO django.server basehttp: "GET /static/js/tools_pdf_edit.js?v=1790223457 HTTP/1.1" 200 30411
[2026-09-24 11:17:37,925] INFO django.server basehttp: "GET /media/tools/icons/image_6.png HTTP/1.1" 200 3559
[2026-09-24 11:17:37,983] INFO django.server basehttp: "GET /utilities/ HTTP/1.1" 200 12031
[2026-09-24 11:17:37,991] WARNING django.server basehttp: "GET /favicon.ico HTTP/1.1" 404 6501
[2026-09-24 11:17:38,013] INFO django.server basehttp: "GET /static/css/design-system.css?v=1790223457 HTTP/1.1" 200 7762
[2026-09-24 11:17:38,013] INFO django.server basehttp: "GET /static/css/app-shell.css?v=1790223457 HTTP/1.1" 200 41255
[2026-09-24 11:17:38,659] INFO django.server basehttp: "GET /utilities/qr-code/ HTTP/1.1" 200 16806
[2026-09-24 11:17:38,691] INFO django.server basehttp: "GET /static/css/design-system.css?v=1790223458 HTTP/1.1" 200 7762
[2026-09-24 11:17:38,692] INFO django.server basehttp: "GET /static/js/tools_qr.js?v=1790223458 HTTP/1.1" 200 7106
[2026-09-24 11:17:38,693] INFO django.server basehttp: "GET /static/css/app-shell.css?v=1790223458 HTTP/1.1" 200 41255
[2026-09-24 11:17:39,134] INFO django.server basehttp: "GET /utilities/pdf-edit/ HTTP/1.1" 200 20928
[2026-09-24 11:17:39,147] INFO django.server basehttp: "GET /utilities/qr-code/ HTTP/1.1" 200 15764
[2026-09-24 11:17:39,163] INFO django.server basehttp: "GET /utilities/document-converter/ HTTP/1.1" 200 6239
[2026-09-24 11:17:39,176] INFO django.server basehttp: "GET /utilities/calculators/ HTTP/1.1" 200 12970
[2026-09-24 11:17:39,189] INFO django.server basehttp: "GET /utilities/engineering/ HTTP/1.1" 200 8563
[2026-09-24 11:17:39,880] INFO django.server basehttp: "GET /utilities/ HTTP/1.1" 200 12031
[2026-09-24 11:17:39,908] INFO django.server basehttp: "GET /static/css/design-system.css?v=1790223459 HTTP/1.1" 200 7762
[2026-09-24 11:17:39,909] INFO django.server basehttp: "GET /static/css/app-shell.css?v=1790223459 HTTP/1.1" 200 41255
[2026-09-24 11:17:40,480] INFO django.server basehttp: "GET /utilities/document-converter/ HTTP/1.1" 200 7281
[2026-09-24 11:17:40,508] INFO django.server basehttp: "GET /static/css/design-system.css?v=1790223460 HTTP/1.1" 200 7762
[2026-09-24 11:17:40,510] INFO django.server basehttp: "GET /static/css/app-shell.css?v=1790223460 HTTP/1.1" 200 41255
[2026-09-24 11:17:41,665] INFO django.server basehttp: "GET /utilities/ HTTP/1.1" 200 12031
[2026-09-24 11:17:41,696] INFO django.server basehttp: "GET /static/css/design-system.css?v=1790223461 HTTP/1.1" 200 7762
[2026-09-24 11:17:41,699] INFO django.server basehttp: "GET /static/css/app-shell.css?v=1790223461 HTTP/1.1" 200 41255
[2026-09-24 11:17:43,585] INFO django.server basehttp: "GET /utilities/calculators/?tab=temperature HTTP/1.1" 200 14012
[2026-09-24 11:17:43,614] INFO django.server basehttp: "GET /static/css/design-system.css?v=1790223463 HTTP/1.1" 200 7762
[2026-09-24 11:17:43,614] INFO django.server basehttp: "GET /static/js/tools_calculators.js?v=1790223463 HTTP/1.1" 200 11566
[2026-09-24 11:17:44,621] INFO django.server basehttp: "GET /static/css/app-shell.css?v=1790223463 HTTP/1.1" 200 41255
[2026-09-24 11:17:46,825] INFO django.server basehttp: "GET /utilities/calculators/?tab=temperature HTTP/1.1" 200 12970
[2026-09-24 11:17:46,846] INFO django.server basehttp: "GET /static/css/design-system.css?v=1790223466 HTTP/1.1" 200 7762
[2026-09-24 11:17:46,846] INFO django.server basehttp: "GET /static/css/app-shell.css?v=1790223466 HTTP/1.1" 200 41255
[2026-09-24 11:17:46,849] INFO django.server basehttp: "GET /media/tools/icons/image_21.png HTTP/1.1" 200 3525
[2026-09-24 11:17:46,850] INFO django.server basehttp: "GET /media/tools/icons/image_12.png HTTP/1.1" 200 5376
[2026-09-24 11:17:46,851] INFO django.server basehttp: "GET /media/tools/icons/image_18.png HTTP/1.1" 200 3593
[2026-09-24 11:17:46,853] INFO django.server basehttp: "GET /static/js/tools_calculators.js?v=1790223466 HTTP/1.1" 200 11566
[2026-09-24 11:17:46,854] INFO django.server basehttp: "GET /media/tools/icons/image_17.png HTTP/1.1" 200 7557
[2026-09-24 11:17:46,857] INFO django.server basehttp: "GET /media/tools/icons/image_19.png HTTP/1.1" 200 6647
[2026-09-24 11:17:46,859] INFO django.server basehttp: "GET /media/tools/icons/image_20.png HTTP/1.1" 200 7835
[2026-09-24 11:17:46,874] WARNING django.server basehttp: "GET /favicon.ico HTTP/1.1" 404 6501
[2026-09-24 11:17:50,971] INFO django.server basehttp: "GET /utilities/ HTTP/1.1" 200 12031
[2026-09-24 11:17:51,001] INFO django.server basehttp: "GET /media/tools/icons/image_6.png HTTP/1.1" 304 0
[2026-09-24 11:17:51,002] INFO django.server basehttp: "GET /static/css/design-system.css?v=1790223470 HTTP/1.1" 200 7762
[2026-09-24 11:17:51,007] INFO django.server basehttp: "GET /media/tools/icons/image_8.png HTTP/1.1" 304 0
[2026-09-24 11:17:51,007] INFO django.server basehttp: "GET /media/tools/icons/image_7.png HTTP/1.1" 304 0
[2026-09-24 11:17:51,008] INFO django.server basehttp: "GET /media/tools/icons/image_10.png HTTP/1.1" 304 0
[2026-09-24 11:17:51,009] INFO django.server basehttp: "GET /media/tools/icons/image_9.png HTTP/1.1" 304 0
[2026-09-24 11:17:51,011] INFO django.server basehttp: "GET /media/tools/icons/image_11.png HTTP/1.1" 304 0
[2026-09-24 11:17:51,013] INFO django.server basehttp: "GET /static/css/app-shell.css?v=1790223470 HTTP/1.1" 200 41255
[2026-09-24 11:17:51,013] INFO django.server basehttp: "GET /media/tools/icons/image_17.png HTTP/1.1" 304 0
[2026-09-24 11:17:51,013] INFO django.server basehttp: "GET /media/tools/icons/image_12.png HTTP/1.1" 304 0
[2026-09-24 11:17:51,014] INFO django.server basehttp: "GET /media/tools/icons/image_18.png HTTP/1.1" 304 0
[2026-09-24 11:17:51,013] INFO django.server basehttp: "GET /media/tools/icons/image_21.png HTTP/1.1" 304 0
[2026-09-24 11:17:51,015] INFO django.server basehttp: "GET /media/tools/icons/image_19.png HTTP/1.1" 304 0
[2026-09-24 11:17:51,020] INFO django.server basehttp: "GET /media/tools/icons/image_20.png HTTP/1.1" 304 0
[2026-09-24 11:17:51,021] INFO django.server basehttp: "GET /media/tools/icons/image_15.png HTTP/1.1" 304 0
[2026-09-24 11:17:51,021] INFO django.server basehttp: "GET /media/tools/icons/image_14.png HTTP/1.1" 304 0
[2026-09-24 11:17:51,021] INFO django.server basehttp: "GET /media/tools/icons/image_16.png HTTP/1.1" 304 0
[2026-09-24 11:17:51,021] INFO django.server basehttp: "GET /media/tools/icons/image_13.png HTTP/1.1" 304 0
[2026-09-24 11:17:53,712] INFO django.server basehttp: "GET /utilities/calculators/?tab=temperature HTTP/1.1" 200 14012
[2026-09-24 11:17:53,740] INFO django.server basehttp: "GET /static/css/design-system.css?v=1790223473 HTTP/1.1" 200 7762
[2026-09-24 11:17:53,741] INFO django.server basehttp: "GET /static/css/app-shell.css?v=1790223473 HTTP/1.1" 200 41255
[2026-09-24 11:17:53,741] INFO django.server basehttp: "GET /static/js/tools_calculators.js?v=1790223473 HTTP/1.1" 200 11566
[2026-09-24 11:17:55,279] INFO django.server basehttp: "GET /utilities/ HTTP/1.1" 200 12031
[2026-09-24 11:17:55,305] INFO django.server basehttp: "GET /static/css/app-shell.css?v=1790223475 HTTP/1.1" 200 41255
[2026-09-24 11:17:56,307] INFO django.server basehttp: "GET /static/css/design-system.css?v=1790223475 HTTP/1.1" 200 7762
[2026-09-24 11:17:58,159] INFO django.server basehttp: "GET /utilities/calculators/?tab=capacity HTTP/1.1" 200 14012
[2026-09-24 11:17:58,187] INFO django.server basehttp: "GET /static/css/design-system.css?v=1790223478 HTTP/1.1" 200 7762
[2026-09-24 11:17:58,188] INFO django.server basehttp: "GET /static/js/tools_calculators.js?v=1790223478 HTTP/1.1" 200 11566
[2026-09-24 11:17:58,188] INFO django.server basehttp: "GET /static/css/app-shell.css?v=1790223478 HTTP/1.1" 200 41255
[2026-09-24 11:17:59,479] INFO django.server basehttp: "GET /utilities/ HTTP/1.1" 200 12031
[2026-09-24 11:17:59,508] INFO django.server basehttp: "GET /static/css/design-system.css?v=1790223479 HTTP/1.1" 200 7762
[2026-09-24 11:17:59,508] INFO django.server basehttp: "GET /static/css/app-shell.css?v=1790223479 HTTP/1.1" 200 41255
[2026-09-24 11:18:00,623] INFO django.server basehttp: "GET /utilities/pdf-edit/ HTTP/1.1" 200 21970
[2026-09-24 11:18:00,661] INFO django.server basehttp: "GET /static/css/design-system.css?v=1790223480 HTTP/1.1" 200 7762
[2026-09-24 11:18:00,662] INFO django.server basehttp: "GET /static/css/app-shell.css?v=1790223480 HTTP/1.1" 200 41255
[2026-09-24 11:18:00,663] INFO django.server basehttp: "GET /static/js/tools_pdf_edit.js?v=1790223480 HTTP/1.1" 200 30411
[2026-09-24 11:18:02,227] INFO django.server basehttp: "GET /utilities/ HTTP/1.1" 200 12031
[2026-09-24 11:18:02,261] INFO django.server basehttp: "GET /static/css/design-system.css?v=1790223482 HTTP/1.1" 200 7762
[2026-09-24 11:18:02,261] INFO django.server basehttp: "GET /static/css/app-shell.css?v=1790223482 HTTP/1.1" 200 41255
[2026-09-24 11:18:06,730] INFO django.server basehttp: "GET /utilities/engineering/?tab=pressure HTTP/1.1" 200 9605
[2026-09-24 11:18:06,760] INFO django.server basehttp: "GET /static/js/tools_engineering.js?v=1790223486 HTTP/1.1" 200 6357
[2026-09-24 11:18:06,760] INFO django.server basehttp: "GET /static/css/design-system.css?v=1790223486 HTTP/1.1" 200 7762
[2026-09-24 11:18:06,761] INFO django.server basehttp: "GET /static/css/app-shell.css?v=1790223486 HTTP/1.1" 200 41255
[2026-09-24 11:18:10,038] INFO django.server basehttp: "GET /utilities/ HTTP/1.1" 200 12031
[2026-09-24 11:18:10,066] INFO django.server basehttp: "GET /static/css/design-system.css?v=1790223489 HTTP/1.1" 200 7762
[2026-09-24 11:18:10,066] INFO django.server basehttp: "GET /static/css/app-shell.css?v=1790223489 HTTP/1.1" 200 41255
[2026-09-24 11:18:18,125] INFO django.server basehttp: "GET /utilities/calculators/?tab=temperature HTTP/1.1" 200 14012
[2026-09-24 11:18:18,156] INFO django.server basehttp: "GET /media/tools/icons/image_12.png HTTP/1.1" 304 0
[2026-09-24 11:18:18,156] INFO django.server basehttp: "GET /media/tools/icons/image_21.png HTTP/1.1" 304 0
[2026-09-24 11:18:18,156] INFO django.server basehttp: "GET /media/tools/icons/image_18.png HTTP/1.1" 304 0
[2026-09-24 11:18:18,158] INFO django.server basehttp: "GET /static/css/design-system.css?v=1790223498 HTTP/1.1" 200 7762
[2026-09-24 11:18:18,157] INFO django.server basehttp: "GET /media/tools/icons/image_17.png HTTP/1.1" 304 0
[2026-09-24 11:18:18,160] INFO django.server basehttp: "GET /media/tools/icons/image_20.png HTTP/1.1" 304 0
[2026-09-24 11:18:18,160] INFO django.server basehttp: "GET /media/tools/icons/image_19.png HTTP/1.1" 304 0
[2026-09-24 11:18:18,161] INFO django.server basehttp: "GET /static/css/app-shell.css?v=1790223498 HTTP/1.1" 200 41255
[2026-09-24 11:18:18,162] INFO django.server basehttp: "GET /static/js/tools_calculators.js?v=1790223498 HTTP/1.1" 200 11566
[2026-09-24 11:18:20,589] INFO django.server basehttp: "GET /utilities/ HTTP/1.1" 200 12031
[2026-09-24 11:18:20,620] INFO django.server basehttp: "GET /media/tools/icons/image_6.png HTTP/1.1" 304 0
[2026-09-24 11:18:20,621] INFO django.server basehttp: "GET /media/tools/icons/image_10.png HTTP/1.1" 304 0
[2026-09-24 11:18:20,622] INFO django.server basehttp: "GET /media/tools/icons/image_7.png HTTP/1.1" 304 0
[2026-09-24 11:18:20,621] INFO django.server basehttp: "GET /media/tools/icons/image_8.png HTTP/1.1" 304 0
[2026-09-24 11:18:20,623] INFO django.server basehttp: "GET /static/css/design-system.css?v=1790223500 HTTP/1.1" 200 7762
[2026-09-24 11:18:20,627] INFO django.server basehttp: "GET /media/tools/icons/image_9.png HTTP/1.1" 304 0
[2026-09-24 11:18:20,628] INFO django.server basehttp: "GET /media/tools/icons/image_15.png HTTP/1.1" 304 0
[2026-09-24 11:18:20,628] INFO django.server basehttp: "GET /media/tools/icons/image_11.png HTTP/1.1" 304 0
[2026-09-24 11:18:20,628] INFO django.server basehttp: "GET /media/tools/icons/image_16.png HTTP/1.1" 304 0
[2026-09-24 11:18:20,628] INFO django.server basehttp: "GET /media/tools/icons/image_14.png HTTP/1.1" 304 0
[2026-09-24 11:18:20,629] INFO django.server basehttp: "GET /static/css/app-shell.css?v=1790223500 HTTP/1.1" 200 41255
[2026-09-24 11:18:20,632] INFO django.server basehttp: "GET /media/tools/icons/image_13.png HTTP/1.1" 304 0
[2026-09-24 11:18:21,890] INFO django.server basehttp: "GET /utilities/calculators/?tab=capacity HTTP/1.1" 200 14012
[2026-09-24 11:18:21,916] INFO django.server basehttp: "GET /static/css/design-system.css?v=1790223501 HTTP/1.1" 200 7762
[2026-09-24 11:18:21,917] INFO django.server basehttp: "GET /static/css/app-shell.css?v=1790223501 HTTP/1.1" 200 41255
[2026-09-24 11:18:21,917] INFO django.server basehttp: "GET /static/js/tools_calculators.js?v=1790223501 HTTP/1.1" 200 11566
[2026-09-24 11:18:23,285] INFO django.server basehttp: "GET /utilities/ HTTP/1.1" 200 12031
[2026-09-24 11:18:23,314] INFO django.server basehttp: "GET /static/css/design-system.css?v=1790223503 HTTP/1.1" 200 7762
[2026-09-24 11:18:23,314] INFO django.server basehttp: "GET /static/css/app-shell.css?v=1790223503 HTTP/1.1" 200 41255
[2026-09-24 11:18:24,917] INFO django.server basehttp: "GET /utilities/calculators/?tab=temperature HTTP/1.1" 200 14012
[2026-09-24 11:18:24,946] INFO django.server basehttp: "GET /static/css/design-system.css?v=1790223504 HTTP/1.1" 200 7762
[2026-09-24 11:18:24,946] INFO django.server basehttp: "GET /static/js/tools_calculators.js?v=1790223504 HTTP/1.1" 200 11566
[2026-09-24 11:18:24,947] INFO django.server basehttp: "GET /static/css/app-shell.css?v=1790223504 HTTP/1.1" 200 41255
[2026-09-24 11:18:25,634] INFO django.server basehttp: "GET /utilities/ HTTP/1.1" 200 12031
[2026-09-24 11:18:25,659] INFO django.server basehttp: "GET /static/css/design-system.css?v=1790223505 HTTP/1.1" 200 7762
[2026-09-24 11:18:25,662] INFO django.server basehttp: "GET /static/css/app-shell.css?v=1790223505 HTTP/1.1" 200 41255
[2026-09-24 11:18:33,500] INFO django.server basehttp: "GET /utilities/calculators/?tab=temperature HTTP/1.1" 200 14012
[2026-09-24 11:18:33,529] INFO django.server basehttp: "GET /static/css/design-system.css?v=1790223513 HTTP/1.1" 200 7762
[2026-09-24 11:18:33,530] INFO django.server basehttp: "GET /static/js/tools_calculators.js?v=1790223513 HTTP/1.1" 200 11566
[2026-09-24 11:18:33,530] INFO django.server basehttp: "GET /static/css/app-shell.css?v=1790223513 HTTP/1.1" 200 41255
[2026-09-24 11:18:34,796] INFO django.server basehttp: "GET /utilities/ HTTP/1.1" 200 12031
[2026-09-24 11:18:34,824] INFO django.server basehttp: "GET /static/css/design-system.css?v=1790223514 HTTP/1.1" 200 7762
[2026-09-24 11:18:34,825] INFO django.server basehttp: "GET /static/css/app-shell.css?v=1790223514 HTTP/1.1" 200 41255
[2026-09-24 11:18:56,214] INFO django.server basehttp: "GET /utilities/calculators/?tab=temperature HTTP/1.1" 200 14012
[2026-09-24 11:18:56,244] INFO django.server basehttp: "GET /media/tools/icons/image_18.png HTTP/1.1" 304 0
[2026-09-24 11:18:56,244] INFO django.server basehttp: "GET /media/tools/icons/image_21.png HTTP/1.1" 304 0
[2026-09-24 11:18:56,245] INFO django.server basehttp: "GET /media/tools/icons/image_17.png HTTP/1.1" 304 0
[2026-09-24 11:18:56,245] INFO django.server basehttp: "GET /media/tools/icons/image_12.png HTTP/1.1" 304 0
[2026-09-24 11:18:56,245] INFO django.server basehttp: "GET /static/css/design-system.css?v=1790223536 HTTP/1.1" 200 7762
[2026-09-24 11:18:56,248] INFO django.server basehttp: "GET /media/tools/icons/image_19.png HTTP/1.1" 304 0
[2026-09-24 11:18:56,249] INFO django.server basehttp: "GET /media/tools/icons/image_20.png HTTP/1.1" 304 0
[2026-09-24 11:18:56,250] INFO django.server basehttp: "GET /static/css/app-shell.css?v=1790223536 HTTP/1.1" 200 41255
[2026-09-24 11:18:56,250] INFO django.server basehttp: "GET /static/js/tools_calculators.js?v=1790223536 HTTP/1.1" 200 11566
[2026-09-24 11:19:06,331] INFO django.server basehttp: "GET /utilities/ HTTP/1.1" 200 12031
[2026-09-24 11:19:06,369] INFO django.server basehttp: "GET /static/css/design-system.css?v=1790223546 HTTP/1.1" 200 7762
[2026-09-24 11:19:06,380] INFO django.server basehttp: "GET /media/tools/icons/image_8.png HTTP/1.1" 304 0
[2026-09-24 11:19:06,381] INFO django.server basehttp: "GET /media/tools/icons/image_6.png HTTP/1.1" 304 0
[2026-09-24 11:19:06,381] INFO django.server basehttp: "GET /media/tools/icons/image_7.png HTTP/1.1" 304 0
[2026-09-24 11:19:06,381] INFO django.server basehttp: "GET /media/tools/icons/image_10.png HTTP/1.1" 304 0
[2026-09-24 11:19:06,381] INFO django.server basehttp: "GET /media/tools/icons/image_9.png HTTP/1.1" 304 0
[2026-09-24 11:19:06,383] INFO django.server basehttp: "GET /static/css/app-shell.css?v=1790223546 HTTP/1.1" 200 41255
[2026-09-24 11:19:06,389] INFO django.server basehttp: "GET /media/tools/icons/image_13.png HTTP/1.1" 304 0
[2026-09-24 11:19:06,389] INFO django.server basehttp: "GET /media/tools/icons/image_14.png HTTP/1.1" 304 0
[2026-09-24 11:19:06,389] INFO django.server basehttp: "GET /media/tools/icons/image_11.png HTTP/1.1" 304 0
[2026-09-24 11:19:06,389] INFO django.server basehttp: "GET /media/tools/icons/image_16.png HTTP/1.1" 304 0
[2026-09-24 11:19:06,390] INFO django.server basehttp: "GET /media/tools/icons/image_15.png HTTP/1.1" 304 0
[2026-09-24 11:19:07,515] INFO django.server basehttp: "GET /utilities/pdf-edit/ HTTP/1.1" 200 21970
[2026-09-24 11:19:07,551] INFO django.server basehttp: "GET /static/css/design-system.css?v=1790223547 HTTP/1.1" 200 7762
[2026-09-24 11:19:07,553] INFO django.server basehttp: "GET /static/js/tools_pdf_edit.js?v=1790223547 HTTP/1.1" 200 30411
[2026-09-24 11:19:07,553] INFO django.server basehttp: "GET /static/css/app-shell.css?v=1790223547 HTTP/1.1" 200 41255
[2026-09-24 11:19:08,644] INFO django.server basehttp: "GET /utilities/ HTTP/1.1" 200 12031
[2026-09-24 11:19:08,672] INFO django.server basehttp: "GET /static/css/design-system.css?v=1790223548 HTTP/1.1" 200 7762
[2026-09-24 11:19:08,674] INFO django.server basehttp: "GET /static/css/app-shell.css?v=1790223548 HTTP/1.1" 200 41255
[2026-09-24 11:20:42,802] INFO django.server basehttp: "GET /dashboard/ HTTP/1.1" 200 8885
[2026-09-24 11:20:42,831] INFO django.server basehttp: "GET /static/css/design-system.css?v=1790223642 HTTP/1.1" 200 7762
[2026-09-24 11:20:42,831] INFO django.server basehttp: "GET /static/css/app-shell.css?v=1790223642 HTTP/1.1" 200 41255
[2026-09-24 11:20:49,291] INFO django.server basehttp: "GET / HTTP/1.1" 200 34386
[2026-09-24 11:20:49,325] INFO django.server basehttp: "GET /static/css/design-system.css?v=1790223649 HTTP/1.1" 200 7762
[2026-09-24 11:20:49,325] INFO django.server basehttp: "GET /static/css/home.css?v=1790223649 HTTP/1.1" 200 16683
[2026-09-24 11:20:49,328] INFO django.server basehttp: "GET /media/standards/Screenshot_2026-09-24_105204.jpg HTTP/1.1" 304 0
[2026-09-24 11:20:49,336] INFO django.server basehttp: "GET /media/standards/Screenshot_2026-09-24_105254.jpg HTTP/1.1" 304 0
[2026-09-24 11:20:53,930] INFO django.server basehttp: "GET /documents/ HTTP/1.1" 200 22292
[2026-09-24 11:20:53,980] INFO django.server basehttp: "GET /static/css/design-system.css?v=1790223653 HTTP/1.1" 200 7762
[2026-09-24 11:20:53,981] INFO django.server basehttp: "GET /static/css/app-shell.css?v=1790223653 HTTP/1.1" 200 41255
[2026-09-24 11:21:44,347] INFO django.server basehttp: "GET /documents/ HTTP/1.1" 200 22292
[2026-09-24 11:21:44,416] INFO django.server basehttp: "GET /static/css/design-system.css?v=1790223704 HTTP/1.1" 200 7762
[2026-09-24 11:21:44,417] INFO django.server basehttp: "GET /static/css/app-shell.css?v=1790223704 HTTP/1.1" 200 41255
[2026-09-24 11:22:20,451] INFO django.server basehttp: "GET / HTTP/1.1" 200 34386
[2026-09-24 11:22:20,498] INFO django.server basehttp: "GET /media/standards/ahri.png HTTP/1.1" 304 0
[2026-09-24 11:22:20,498] INFO django.server basehttp: "GET /media/standards/egat-no5.png HTTP/1.1" 304 0
[2026-09-24 11:22:20,498] INFO django.server basehttp: "GET /media/standards/tisi.png HTTP/1.1" 304 0
[2026-09-24 11:22:20,499] INFO django.server basehttp: "GET /media/standards/ilac-nsc.png HTTP/1.1" 304 0
[2026-09-24 11:22:20,499] INFO django.server basehttp: "GET /static/css/design-system.css?v=1790223740 HTTP/1.1" 200 7762
[2026-09-24 11:22:20,500] INFO django.server basehttp: "GET /static/css/home.css?v=1790223740 HTTP/1.1" 200 16683
[2026-09-24 11:22:23,008] INFO django.server basehttp: "GET /internal/ HTTP/1.1" 200 9286
[2026-09-24 11:22:23,036] INFO django.server basehttp: "GET /static/css/design-system.css?v=1790223743 HTTP/1.1" 200 7762
[2026-09-24 11:22:24,049] INFO django.server basehttp: "GET /static/css/app-shell.css?v=1790223743 HTTP/1.1" 200 41081
[2026-09-24 11:22:27,028] INFO django.server basehttp: "GET /utilities/ HTTP/1.1" 200 12031
[2026-09-24 11:22:27,063] INFO django.server basehttp: "GET /media/tools/icons/image_6.png HTTP/1.1" 304 0
[2026-09-24 11:22:27,063] INFO django.server basehttp: "GET /media/tools/icons/image_7.png HTTP/1.1" 304 0
[2026-09-24 11:22:27,063] INFO django.server basehttp: "GET /media/tools/icons/image_10.png HTTP/1.1" 304 0
[2026-09-24 11:22:27,063] INFO django.server basehttp: "GET /media/tools/icons/image_8.png HTTP/1.1" 304 0
[2026-09-24 11:22:27,066] INFO django.server basehttp: "GET /static/css/design-system.css?v=1790223746 HTTP/1.1" 200 7762
[2026-09-24 11:22:27,067] INFO django.server basehttp: "GET /media/tools/icons/image_21.png HTTP/1.1" 304 0
[2026-09-24 11:22:27,068] INFO django.server basehttp: "GET /media/tools/icons/image_9.png HTTP/1.1" 304 0
[2026-09-24 11:22:27,067] INFO django.server basehttp: "GET /media/tools/icons/image_12.png HTTP/1.1" 304 0
[2026-09-24 11:22:27,067] INFO django.server basehttp: "GET /media/tools/icons/image_11.png HTTP/1.1" 304 0
[2026-09-24 11:22:27,068] INFO django.server basehttp: "GET /static/css/app-shell.css?v=1790223746 HTTP/1.1" 200 41081
[2026-09-24 11:22:27,070] INFO django.server basehttp: "GET /media/tools/icons/image_17.png HTTP/1.1" 304 0
[2026-09-24 11:22:27,079] INFO django.server basehttp: "GET /media/tools/icons/image_19.png HTTP/1.1" 304 0
[2026-09-24 11:22:27,079] INFO django.server basehttp: "GET /media/tools/icons/image_16.png HTTP/1.1" 304 0
[2026-09-24 11:22:27,080] INFO django.server basehttp: "GET /media/tools/icons/image_20.png HTTP/1.1" 304 0
[2026-09-24 11:22:27,080] INFO django.server basehttp: "GET /media/tools/icons/image_18.png HTTP/1.1" 304 0
[2026-09-24 11:22:27,080] INFO django.server basehttp: "GET /media/tools/icons/image_14.png HTTP/1.1" 304 0
[2026-09-24 11:22:27,080] INFO django.server basehttp: "GET /media/tools/icons/image_15.png HTTP/1.1" 304 0
[2026-09-24 11:22:27,083] INFO django.server basehttp: "GET /media/tools/icons/image_13.png HTTP/1.1" 304 0
[2026-09-24 11:22:28,504] INFO django.server basehttp: "GET /utilities/calculators/?tab=temperature HTTP/1.1" 200 14012
[2026-09-24 11:22:28,531] INFO django.server basehttp: "GET /static/css/design-system.css?v=1790223748 HTTP/1.1" 200 7762
[2026-09-24 11:22:28,532] INFO django.server basehttp: "GET /static/js/tools_calculators.js?v=1790223748 HTTP/1.1" 200 10639
[2026-09-24 11:22:28,532] INFO django.server basehttp: "GET /static/css/app-shell.css?v=1790223748 HTTP/1.1" 200 41081
[2026-09-24 11:22:35,526] INFO django.server basehttp: "GET /utilities/ HTTP/1.1" 200 12031
[2026-09-24 11:22:35,556] INFO django.server basehttp: "GET /static/css/design-system.css?v=1790223755 HTTP/1.1" 200 7762
[2026-09-24 11:22:35,557] INFO django.server basehttp: "GET /static/css/app-shell.css?v=1790223755 HTTP/1.1" 200 41081
[2026-09-24 11:23:08,419] INFO django.server basehttp: "HEAD / HTTP/1.1" 200 0
[2026-09-24 11:23:08,788] INFO django.server basehttp: "GET / HTTP/1.1" 200 34047
[2026-09-24 11:23:08,803] INFO django.server basehttp: "GET /static/css/design-system.css?v=1790223788 HTTP/1.1" 200 7762
[2026-09-24 11:23:08,808] INFO django.server basehttp: "GET /static/css/home.css?v=1790223788 HTTP/1.1" 200 16683
[2026-09-24 11:23:08,810] INFO django.server basehttp: "GET /media/standards/egat-no5.png HTTP/1.1" 304 0
[2026-09-24 11:23:08,811] INFO django.server basehttp: "GET /media/standards/tisi.png HTTP/1.1" 304 0
[2026-09-24 11:23:08,812] INFO django.server basehttp: "GET /media/standards/ahri.png HTTP/1.1" 304 0
[2026-09-24 11:23:08,813] INFO django.server basehttp: "GET /media/standards/ilac-nsc.png HTTP/1.1" 304 0
[2026-09-24 11:23:08,814] INFO django.server basehttp: "GET /media/standards/Screenshot_2026-09-24_105204.jpg HTTP/1.1" 304 0
[2026-09-24 11:23:08,815] INFO django.server basehttp: "GET /media/standards/Screenshot_2026-09-24_105254.jpg HTTP/1.1" 304 0
[2026-09-24 11:23:08,910] WARNING django.server basehttp: "GET /favicon.ico HTTP/1.1" 404 6501
[2026-09-24 11:23:18,998] INFO django.server basehttp: "GET /utilities/calculators/temperature/ HTTP/1.1" 200 3968
[2026-09-24 11:23:19,014] INFO django.server basehttp: "GET /media/tools/icons/image_12.png HTTP/1.1" 304 0
[2026-09-24 11:23:19,016] INFO django.server basehttp: "GET /static/css/design-system.css?v=1790223798 HTTP/1.1" 200 7762
[2026-09-24 11:23:19,016] INFO django.server basehttp: "GET /static/js/tools_calculators.js?v=1790223798 HTTP/1.1" 200 10639
[2026-09-24 11:23:19,016] INFO django.server basehttp: "GET /static/css/app-shell.css?v=1790223798 HTTP/1.1" 200 41081
[2026-09-24 11:23:19,077] WARNING django.server basehttp: "GET /favicon.ico HTTP/1.1" 404 6501
[2026-09-24 11:23:19,286] INFO django.server basehttp: "GET /utilities/calculators/capacity/ HTTP/1.1" 200 4092
[2026-09-24 11:23:19,301] INFO django.server basehttp: "GET /media/tools/icons/image_21.png HTTP/1.1" 304 0
[2026-09-24 11:23:19,303] INFO django.server basehttp: "GET /static/css/design-system.css?v=1790223799 HTTP/1.1" 200 7762
[2026-09-24 11:23:19,304] INFO django.server basehttp: "GET /static/js/tools_calculators.js?v=1790223799 HTTP/1.1" 200 10639
[2026-09-24 11:23:19,305] INFO django.server basehttp: "GET /static/css/app-shell.css?v=1790223799 HTTP/1.1" 200 41081
[2026-09-24 11:23:19,319] WARNING django.server basehttp: "GET /favicon.ico HTTP/1.1" 404 6501
[2026-09-24 11:23:19,528] INFO django.server basehttp: "GET /utilities/calculators/salary/ HTTP/1.1" 200 5273
[2026-09-24 11:23:19,546] INFO django.server basehttp: "GET /media/tools/icons/image_17.png HTTP/1.1" 304 0
[2026-09-24 11:23:19,556] WARNING django.server basehttp: "GET /favicon.ico HTTP/1.1" 404 6501
[2026-09-24 11:23:19,763] INFO django.server basehttp: "GET /utilities/calculators/unit/ HTTP/1.1" 200 4337
[2026-09-24 11:23:19,775] INFO django.server basehttp: "GET /media/tools/icons/image_18.png HTTP/1.1" 304 0
[2026-09-24 11:23:19,788] WARNING django.server basehttp: "GET /favicon.ico HTTP/1.1" 404 6501
[2026-09-24 11:23:19,998] INFO django.server basehttp: "GET /utilities/calculators/percentage/ HTTP/1.1" 200 5461
[2026-09-24 11:23:20,024] INFO django.server basehttp: "GET /media/tools/icons/image_19.png HTTP/1.1" 304 0
[2026-09-24 11:23:20,032] WARNING django.server basehttp: "GET /favicon.ico HTTP/1.1" 404 6501
[2026-09-24 11:23:20,228] INFO django.server basehttp: "GET /utilities/calculators/datetime/ HTTP/1.1" 200 4766
[2026-09-24 11:23:20,240] INFO django.server basehttp: "GET /media/tools/icons/image_20.png HTTP/1.1" 304 0
[2026-09-24 11:23:20,242] INFO django.server basehttp: "GET /static/css/design-system.css?v=1790223800 HTTP/1.1" 200 7762
[2026-09-24 11:23:20,243] INFO django.server basehttp: "GET /static/js/tools_calculators.js?v=1790223800 HTTP/1.1" 200 10639
[2026-09-24 11:23:20,243] INFO django.server basehttp: "GET /static/css/app-shell.css?v=1790223800 HTTP/1.1" 200 41081
[2026-09-24 11:23:20,259] WARNING django.server basehttp: "GET /favicon.ico HTTP/1.1" 404 6501
[2026-09-24 11:23:28,613] INFO django.server basehttp: "GET /utilities/engineering/oee/ HTTP/1.1" 200 4742
[2026-09-24 11:23:28,631] INFO django.server basehttp: "GET /static/css/design-system.css?v=1790223808 HTTP/1.1" 200 7762
[2026-09-24 11:23:28,632] INFO django.server basehttp: "GET /static/css/app-shell.css?v=1790223808 HTTP/1.1" 200 41081
[2026-09-24 11:23:28,632] INFO django.server basehttp: "GET /static/js/tools_engineering.js?v=1790223808 HTTP/1.1" 200 5430
[2026-09-24 11:23:28,635] INFO django.server basehttp: "GET /media/tools/icons/image_16.png HTTP/1.1" 200 6217
[2026-09-24 11:23:28,656] WARNING django.server basehttp: "GET /favicon.ico HTTP/1.1" 404 6501
[2026-09-24 11:23:28,894] INFO django.server basehttp: "GET /utilities/engineering/cycle/ HTTP/1.1" 200 4167
[2026-09-24 11:23:28,922] INFO django.server basehttp: "GET /media/tools/icons/image_15.png HTTP/1.1" 200 7561
[2026-09-24 11:23:28,933] WARNING django.server basehttp: "GET /favicon.ico HTTP/1.1" 404 6501
[2026-09-24 11:23:29,141] INFO django.server basehttp: "GET /utilities/engineering/power/ HTTP/1.1" 200 4338
[2026-09-24 11:23:29,161] INFO django.server basehttp: "GET /static/js/tools_engineering.js?v=1790223809 HTTP/1.1" 200 5430
[2026-09-24 11:23:29,162] INFO django.server basehttp: "GET /static/css/design-system.css?v=1790223809 HTTP/1.1" 200 7762
[2026-09-24 11:23:29,162] INFO django.server basehttp: "GET /static/css/app-shell.css?v=1790223809 HTTP/1.1" 200 41081
[2026-09-24 11:23:29,164] INFO django.server basehttp: "GET /media/tools/icons/image_14.png HTTP/1.1" 200 4998
[2026-09-24 11:23:29,183] WARNING django.server basehttp: "GET /favicon.ico HTTP/1.1" 404 6501
[2026-09-24 11:23:29,410] INFO django.server basehttp: "GET /utilities/engineering/pressure/ HTTP/1.1" 200 4136
[2026-09-24 11:23:29,784] INFO django.server basehttp: "GET /media/tools/icons/image_13.png HTTP/1.1" 200 7101
[2026-09-24 11:23:29,796] WARNING django.server basehttp: "GET /favicon.ico HTTP/1.1" 404 6501
[2026-09-24 11:23:30,014] INFO django.server basehttp: "GET /utilities/calculators/temperature/ HTTP/1.1" 200 3968
[2026-09-24 11:23:30,033] INFO django.server basehttp: "GET /static/js/tools_calculators.js?v=1790223810 HTTP/1.1" 200 10639
[2026-09-24 11:23:30,034] INFO django.server basehttp: "GET /static/css/design-system.css?v=1790223810 HTTP/1.1" 200 7762
[2026-09-24 11:23:30,034] INFO django.server basehttp: "GET /static/css/app-shell.css?v=1790223810 HTTP/1.1" 200 41081
[2026-09-24 11:23:30,054] WARNING django.server basehttp: "GET /favicon.ico HTTP/1.1" 404 6501
[2026-09-24 11:27:52,912] INFO django.server basehttp: "GET / HTTP/1.1" 200 34386
[2026-09-24 11:27:52,943] INFO django.server basehttp: "GET /static/css/design-system.css?v=1790224072 HTTP/1.1" 200 7762
[2026-09-24 11:27:52,945] INFO django.server basehttp: "GET /static/css/home.css?v=1790224072 HTTP/1.1" 200 16683
[2026-09-24 11:27:52,947] INFO django.server basehttp: "GET /media/standards/Screenshot_2026-09-24_105204.jpg HTTP/1.1" 304 0
[2026-09-24 11:27:52,947] INFO django.server basehttp: "GET /media/standards/Screenshot_2026-09-24_105254.jpg HTTP/1.1" 304 0
[2026-09-24 11:27:54,577] INFO django.server basehttp: "GET /documents/ HTTP/1.1" 200 22292
[2026-09-24 11:27:54,628] INFO django.server basehttp: "GET /static/css/design-system.css?v=1790224074 HTTP/1.1" 200 7762
[2026-09-24 11:27:54,629] INFO django.server basehttp: "GET /static/css/app-shell.css?v=1790224074 HTTP/1.1" 200 41081
[2026-09-24 11:28:00,977] INFO django.server basehttp: "GET /utilities/ HTTP/1.1" 200 11991
[2026-09-24 11:28:01,014] INFO django.server basehttp: "GET /media/tools/icons/image_6.png HTTP/1.1" 304 0
[2026-09-24 11:28:01,015] INFO django.server basehttp: "GET /media/tools/icons/image_7.png HTTP/1.1" 304 0
[2026-09-24 11:28:01,017] INFO django.server basehttp: "GET /static/css/design-system.css?v=1790224080 HTTP/1.1" 200 7762
[2026-09-24 11:28:01,018] INFO django.server basehttp: "GET /media/tools/icons/image_8.png HTTP/1.1" 304 0
[2026-09-24 11:28:01,019] INFO django.server basehttp: "GET /media/tools/icons/image_11.png HTTP/1.1" 304 0
[2026-09-24 11:28:01,020] INFO django.server basehttp: "GET /media/tools/icons/image_10.png HTTP/1.1" 304 0
[2026-09-24 11:28:01,019] INFO django.server basehttp: "GET /media/tools/icons/image_9.png HTTP/1.1" 304 0
[2026-09-24 11:28:01,024] INFO django.server basehttp: "GET /static/css/app-shell.css?v=1790224080 HTTP/1.1" 200 41081
[2026-09-24 11:28:01,024] INFO django.server basehttp: "GET /media/tools/icons/image_12.png HTTP/1.1" 304 0
[2026-09-24 11:28:01,024] INFO django.server basehttp: "GET /media/tools/icons/image_18.png HTTP/1.1" 304 0
[2026-09-24 11:28:01,026] INFO django.server basehttp: "GET /media/tools/icons/image_19.png HTTP/1.1" 304 0
[2026-09-24 11:28:01,024] INFO django.server basehttp: "GET /media/tools/icons/image_21.png HTTP/1.1" 304 0
[2026-09-24 11:28:01,026] INFO django.server basehttp: "GET /media/tools/icons/image_17.png HTTP/1.1" 304 0
[2026-09-24 11:28:01,036] INFO django.server basehttp: "GET /media/tools/icons/image_13.png HTTP/1.1" 304 0
[2026-09-24 11:28:01,036] INFO django.server basehttp: "GET /media/tools/icons/image_20.png HTTP/1.1" 304 0
[2026-09-24 11:28:01,036] INFO django.server basehttp: "GET /media/tools/icons/image_16.png HTTP/1.1" 304 0
[2026-09-24 11:28:01,036] INFO django.server basehttp: "GET /media/tools/icons/image_15.png HTTP/1.1" 304 0
[2026-09-24 11:28:01,037] INFO django.server basehttp: "GET /media/tools/icons/image_14.png HTTP/1.1" 304 0
[2026-09-24 11:28:02,682] INFO django.server basehttp: "GET /utilities/calculators/temperature/ HTTP/1.1" 200 5010
[2026-09-24 11:28:02,710] INFO django.server basehttp: "GET /static/css/design-system.css?v=1790224082 HTTP/1.1" 200 7762
[2026-09-24 11:28:02,710] INFO django.server basehttp: "GET /static/js/tools_calculators.js?v=1790224082 HTTP/1.1" 200 10639
[2026-09-24 11:28:02,711] INFO django.server basehttp: "GET /static/css/app-shell.css?v=1790224082 HTTP/1.1" 200 41081
[2026-09-24 11:28:09,918] INFO django.server basehttp: "GET /utilities/ HTTP/1.1" 200 11991
[2026-09-24 11:28:09,948] INFO django.server basehttp: "GET /static/css/design-system.css?v=1790224089 HTTP/1.1" 200 7762
[2026-09-24 11:28:09,949] INFO django.server basehttp: "GET /static/css/app-shell.css?v=1790224089 HTTP/1.1" 200 41081
[2026-09-24 11:28:11,890] INFO django.server basehttp: "GET /utilities/calculators/capacity/ HTTP/1.1" 200 5134
[2026-09-24 11:28:11,920] INFO django.server basehttp: "GET /static/css/design-system.css?v=1790224091 HTTP/1.1" 200 7762
[2026-09-24 11:28:11,921] INFO django.server basehttp: "GET /static/js/tools_calculators.js?v=1790224091 HTTP/1.1" 200 10639
[2026-09-24 11:28:11,921] INFO django.server basehttp: "GET /static/css/app-shell.css?v=1790224091 HTTP/1.1" 200 41081
[2026-09-24 11:28:16,401] INFO django.server basehttp: "GET /utilities/ HTTP/1.1" 200 11991
[2026-09-24 11:28:16,427] INFO django.server basehttp: "GET /static/css/design-system.css?v=1790224096 HTTP/1.1" 200 7762
[2026-09-24 11:28:16,427] INFO django.server basehttp: "GET /static/css/app-shell.css?v=1790224096 HTTP/1.1" 200 41081
[2026-09-24 11:28:17,888] INFO django.server basehttp: "GET /utilities/calculators/salary/ HTTP/1.1" 200 6315
[2026-09-24 11:28:17,916] INFO django.server basehttp: "GET /static/css/design-system.css?v=1790224097 HTTP/1.1" 200 7762
[2026-09-24 11:28:17,916] INFO django.server basehttp: "GET /static/js/tools_calculators.js?v=1790224097 HTTP/1.1" 200 10639
[2026-09-24 11:28:17,916] INFO django.server basehttp: "GET /static/css/app-shell.css?v=1790224097 HTTP/1.1" 200 41081
[2026-09-24 11:28:25,540] INFO django.server basehttp: "GET /utilities/ HTTP/1.1" 200 11991
[2026-09-24 11:28:25,568] INFO django.server basehttp: "GET /static/css/design-system.css?v=1790224105 HTTP/1.1" 200 7762
[2026-09-24 11:28:25,569] INFO django.server basehttp: "GET /static/css/app-shell.css?v=1790224105 HTTP/1.1" 200 41081
[2026-09-24 11:28:26,907] INFO django.server basehttp: "GET /utilities/calculators/temperature/ HTTP/1.1" 200 5010
[2026-09-24 11:28:26,933] INFO django.server basehttp: "GET /static/css/design-system.css?v=1790224106 HTTP/1.1" 200 7762
[2026-09-24 11:28:26,935] INFO django.server basehttp: "GET /static/js/tools_calculators.js?v=1790224106 HTTP/1.1" 200 10639
[2026-09-24 11:28:26,935] INFO django.server basehttp: "GET /static/css/app-shell.css?v=1790224106 HTTP/1.1" 200 41081
[2026-09-24 11:28:33,104] INFO django.server basehttp: "GET /utilities/ HTTP/1.1" 200 11991
[2026-09-24 11:28:33,133] INFO django.server basehttp: "GET /static/css/design-system.css?v=1790224113 HTTP/1.1" 200 7762
[2026-09-24 11:28:33,134] INFO django.server basehttp: "GET /static/css/app-shell.css?v=1790224113 HTTP/1.1" 200 41081
[2026-09-24 11:28:34,939] INFO django.server basehttp: "GET /utilities/calculators/temperature/ HTTP/1.1" 200 5010
[2026-09-24 11:28:34,967] INFO django.server basehttp: "GET /static/css/design-system.css?v=1790224114 HTTP/1.1" 200 7762
[2026-09-24 11:28:34,969] INFO django.server basehttp: "GET /static/js/tools_calculators.js?v=1790224114 HTTP/1.1" 200 10639
[2026-09-24 11:28:34,969] INFO django.server basehttp: "GET /static/css/app-shell.css?v=1790224114 HTTP/1.1" 200 41081
[2026-09-24 11:28:36,149] INFO django.server basehttp: "GET /utilities/ HTTP/1.1" 200 11991
[2026-09-24 11:28:36,178] INFO django.server basehttp: "GET /static/css/design-system.css?v=1790224116 HTTP/1.1" 200 7762
[2026-09-24 11:28:36,179] INFO django.server basehttp: "GET /static/css/app-shell.css?v=1790224116 HTTP/1.1" 200 41081
[2026-09-24 11:28:37,136] INFO django.server basehttp: "GET /utilities/pdf-edit/ HTTP/1.1" 200 21970
[2026-09-24 11:28:37,174] INFO django.server basehttp: "GET /static/css/design-system.css?v=1790224117 HTTP/1.1" 200 7762
[2026-09-24 11:28:37,174] INFO django.server basehttp: "GET /static/js/tools_pdf_edit.js?v=1790224117 HTTP/1.1" 200 30411
[2026-09-24 11:28:37,175] INFO django.server basehttp: "GET /static/css/app-shell.css?v=1790224117 HTTP/1.1" 200 41081
[2026-09-24 11:28:38,214] INFO django.server basehttp: "GET /utilities/ HTTP/1.1" 200 11991
[2026-09-24 11:28:38,242] INFO django.server basehttp: "GET /static/css/design-system.css?v=1790224118 HTTP/1.1" 200 7762
[2026-09-24 11:28:38,243] INFO django.server basehttp: "GET /static/css/app-shell.css?v=1790224118 HTTP/1.1" 200 41081
[2026-09-24 11:28:38,868] INFO django.server basehttp: "GET /utilities/qr-code/ HTTP/1.1" 200 16806
[2026-09-24 11:28:38,904] INFO django.server basehttp: "GET /static/js/tools_qr.js?v=1790224118 HTTP/1.1" 200 7106
[2026-09-24 11:28:39,782] INFO django.server basehttp: "GET /utilities/ HTTP/1.1" 200 11991
[2026-09-24 11:28:39,807] INFO django.server basehttp: "GET /static/css/design-system.css?v=1790224119 HTTP/1.1" 200 7762
[2026-09-24 11:28:39,808] INFO django.server basehttp: "GET /static/css/app-shell.css?v=1790224119 HTTP/1.1" 200 41081
[2026-09-24 11:28:40,382] INFO django.server basehttp: "GET /utilities/document-converter/ HTTP/1.1" 200 7281
[2026-09-24 11:28:40,408] INFO django.server basehttp: "GET /static/css/design-system.css?v=1790224120 HTTP/1.1" 200 7762
[2026-09-24 11:28:40,408] INFO django.server basehttp: "GET /static/css/app-shell.css?v=1790224120 HTTP/1.1" 200 41081
[2026-09-24 11:28:41,493] INFO django.server basehttp: "GET /utilities/ HTTP/1.1" 200 11991
[2026-09-24 11:28:41,519] INFO django.server basehttp: "GET /static/css/design-system.css?v=1790224121 HTTP/1.1" 200 7762
[2026-09-24 11:28:41,520] INFO django.server basehttp: "GET /static/css/app-shell.css?v=1790224121 HTTP/1.1" 200 41081
[2026-09-24 11:28:43,227] INFO django.server basehttp: "GET /utilities/calculators/percentage/ HTTP/1.1" 200 6503
[2026-09-24 11:28:43,254] INFO django.server basehttp: "GET /static/css/design-system.css?v=1790224123 HTTP/1.1" 200 7762
[2026-09-24 11:28:43,254] INFO django.server basehttp: "GET /static/js/tools_calculators.js?v=1790224123 HTTP/1.1" 200 10639
[2026-09-24 11:28:43,255] INFO django.server basehttp: "GET /static/css/app-shell.css?v=1790224123 HTTP/1.1" 200 41081
[2026-09-24 11:28:45,805] INFO django.server basehttp: "GET /utilities/ HTTP/1.1" 200 11991
[2026-09-24 11:28:45,829] INFO django.server basehttp: "GET /static/css/design-system.css?v=1790224125 HTTP/1.1" 200 7762
[2026-09-24 11:28:45,834] INFO django.server basehttp: "GET /static/css/app-shell.css?v=1790224125 HTTP/1.1" 200 41081
[2026-09-24 11:28:47,078] INFO django.server basehttp: "GET /utilities/calculators/temperature/ HTTP/1.1" 200 5010
[2026-09-24 11:28:47,101] INFO django.server basehttp: "GET /static/css/design-system.css?v=1790224127 HTTP/1.1" 200 7762
[2026-09-24 11:28:47,102] INFO django.server basehttp: "GET /static/js/tools_calculators.js?v=1790224127 HTTP/1.1" 200 10639
[2026-09-24 11:28:47,102] INFO django.server basehttp: "GET /static/css/app-shell.css?v=1790224127 HTTP/1.1" 200 41081
[2026-09-24 11:28:49,222] INFO django.server basehttp: "GET /utilities/ HTTP/1.1" 200 11991
[2026-09-24 11:28:49,250] INFO django.server basehttp: "GET /static/css/design-system.css?v=1790224129 HTTP/1.1" 200 7762
[2026-09-24 11:28:49,250] INFO django.server basehttp: "GET /static/css/app-shell.css?v=1790224129 HTTP/1.1" 200 41081
[2026-09-24 11:28:49,989] INFO django.server basehttp: "GET /utilities/calculators/capacity/ HTTP/1.1" 200 5134
[2026-09-24 11:28:50,017] INFO django.server basehttp: "GET /static/js/tools_calculators.js?v=1790224129 HTTP/1.1" 200 10639
[2026-09-24 11:28:51,165] INFO django.server basehttp: "GET /utilities/ HTTP/1.1" 200 11991
[2026-09-24 11:28:51,189] INFO django.server basehttp: "GET /static/css/design-system.css?v=1790224131 HTTP/1.1" 200 7762
[2026-09-24 11:28:51,189] INFO django.server basehttp: "GET /static/css/app-shell.css?v=1790224131 HTTP/1.1" 200 41081
[2026-09-24 11:28:52,681] INFO django.server basehttp: "GET /utilities/engineering/oee/ HTTP/1.1" 200 5784
[2026-09-24 11:28:52,705] INFO django.server basehttp: "GET /static/css/design-system.css?v=1790224132 HTTP/1.1" 200 7762
[2026-09-24 11:28:52,706] INFO django.server basehttp: "GET /static/js/tools_engineering.js?v=1790224132 HTTP/1.1" 200 5430
[2026-09-24 11:28:52,707] INFO django.server basehttp: "GET /static/css/app-shell.css?v=1790224132 HTTP/1.1" 200 41081
[2026-09-24 11:28:53,768] INFO django.server basehttp: "GET /utilities/ HTTP/1.1" 200 11991
[2026-09-24 11:28:53,795] INFO django.server basehttp: "GET /static/css/design-system.css?v=1790224133 HTTP/1.1" 200 7762
[2026-09-24 11:28:53,795] INFO django.server basehttp: "GET /static/css/app-shell.css?v=1790224133 HTTP/1.1" 200 41081
[2026-09-24 11:29:06,366] INFO django.server basehttp: "GET / HTTP/1.1" 200 34386
[2026-09-24 11:29:06,402] INFO django.server basehttp: "GET /media/standards/ilac-nsc.png HTTP/1.1" 304 0
[2026-09-24 11:29:06,402] INFO django.server basehttp: "GET /media/standards/egat-no5.png HTTP/1.1" 304 0
[2026-09-24 11:29:06,403] INFO django.server basehttp: "GET /media/standards/ahri.png HTTP/1.1" 304 0
[2026-09-24 11:29:06,403] INFO django.server basehttp: "GET /static/css/design-system.css?v=1790224146 HTTP/1.1" 200 7762
[2026-09-24 11:29:06,403] INFO django.server basehttp: "GET /media/standards/tisi.png HTTP/1.1" 304 0
[2026-09-24 11:29:06,404] INFO django.server basehttp: "GET /static/css/home.css?v=1790224146 HTTP/1.1" 200 16683
[2026-09-24 11:29:11,435] INFO django.server basehttp: "GET /internal/ HTTP/1.1" 200 9286
[2026-09-24 11:29:11,465] INFO django.server basehttp: "GET /static/css/app-shell.css?v=1790224151 HTTP/1.1" 200 41081
[2026-09-24 11:29:12,475] INFO django.server basehttp: "GET /static/css/design-system.css?v=1790224151 HTTP/1.1" 200 7762
[2026-09-24 11:29:16,274] INFO django.server basehttp: "GET /utilities/ HTTP/1.1" 200 11991
[2026-09-24 11:29:16,300] INFO django.server basehttp: "GET /static/css/design-system.css?v=1790224156 HTTP/1.1" 200 7762
[2026-09-24 11:29:16,300] INFO django.server basehttp: "GET /static/css/app-shell.css?v=1790224156 HTTP/1.1" 200 41081
[2026-09-24 11:29:17,755] INFO django.server basehttp: "GET /utilities/document-converter/ HTTP/1.1" 200 7281
[2026-09-24 11:29:17,782] INFO django.server basehttp: "GET /static/css/design-system.css?v=1790224157 HTTP/1.1" 200 7762
[2026-09-24 11:29:17,783] INFO django.server basehttp: "GET /static/css/app-shell.css?v=1790224157 HTTP/1.1" 200 41081
[2026-09-24 11:29:19,075] INFO django.server basehttp: "GET /utilities/ HTTP/1.1" 200 11991
[2026-09-24 11:29:19,102] INFO django.server basehttp: "GET /static/css/design-system.css?v=1790224159 HTTP/1.1" 200 7762
[2026-09-24 11:29:19,102] INFO django.server basehttp: "GET /static/css/app-shell.css?v=1790224159 HTTP/1.1" 200 41081
[2026-09-24 11:29:19,597] INFO django.server basehttp: "GET /utilities/qr-code/ HTTP/1.1" 200 16806
[2026-09-24 11:29:19,641] INFO django.server basehttp: "GET /static/js/tools_qr.js?v=1790224159 HTTP/1.1" 200 7106
[2026-09-24 11:29:20,859] INFO django.server basehttp: "GET /utilities/ HTTP/1.1" 200 11991
[2026-09-24 11:29:20,891] INFO django.server basehttp: "GET /static/css/design-system.css?v=1790224160 HTTP/1.1" 200 7762
[2026-09-24 11:29:20,893] INFO django.server basehttp: "GET /static/css/app-shell.css?v=1790224160 HTTP/1.1" 200 41081
[2026-09-24 11:29:21,880] INFO django.server basehttp: "GET /utilities/pdf-edit/ HTTP/1.1" 200 21970
[2026-09-24 11:29:21,914] INFO django.server basehttp: "GET /static/css/design-system.css?v=1790224161 HTTP/1.1" 200 7762
[2026-09-24 11:29:21,914] INFO django.server basehttp: "GET /static/js/tools_pdf_edit.js?v=1790224161 HTTP/1.1" 200 30411
[2026-09-24 11:29:21,915] INFO django.server basehttp: "GET /static/css/app-shell.css?v=1790224161 HTTP/1.1" 200 41081
[2026-09-24 11:29:23,031] INFO django.server basehttp: "GET /utilities/ HTTP/1.1" 200 11991
[2026-09-24 11:29:23,060] INFO django.server basehttp: "GET /static/css/design-system.css?v=1790224162 HTTP/1.1" 200 7762
[2026-09-24 11:29:24,074] INFO django.server basehttp: "GET /static/css/app-shell.css?v=1790224162 HTTP/1.1" 200 41081
[2026-09-24 11:29:25,114] INFO django.server basehttp: "GET /utilities/document-converter/ HTTP/1.1" 200 7281
[2026-09-24 11:29:25,139] INFO django.server basehttp: "GET /static/css/design-system.css?v=1790224165 HTTP/1.1" 200 7762
[2026-09-24 11:29:25,140] INFO django.server basehttp: "GET /static/css/app-shell.css?v=1790224165 HTTP/1.1" 200 41081
[2026-09-24 11:29:27,551] INFO django.server basehttp: "GET /utilities/ HTTP/1.1" 200 11991
[2026-09-24 11:29:27,587] INFO django.server basehttp: "GET /media/tools/icons/image_8.png HTTP/1.1" 304 0
[2026-09-24 11:29:27,588] INFO django.server basehttp: "GET /media/tools/icons/image_10.png HTTP/1.1" 304 0
[2026-09-24 11:29:27,588] INFO django.server basehttp: "GET /media/tools/icons/image_6.png HTTP/1.1" 304 0
[2026-09-24 11:29:27,587] INFO django.server basehttp: "GET /media/tools/icons/image_7.png HTTP/1.1" 304 0
[2026-09-24 11:29:27,589] INFO django.server basehttp: "GET /static/css/app-shell.css?v=1790224167 HTTP/1.1" 200 41081
[2026-09-24 11:29:27,593] INFO django.server basehttp: "GET /media/tools/icons/image_9.png HTTP/1.1" 304 0
[2026-09-24 11:29:27,593] INFO django.server basehttp: "GET /media/tools/icons/image_11.png HTTP/1.1" 304 0
[2026-09-24 11:29:27,593] INFO django.server basehttp: "GET /media/tools/icons/image_21.png HTTP/1.1" 304 0
[2026-09-24 11:29:27,594] INFO django.server basehttp: "GET /media/tools/icons/image_12.png HTTP/1.1" 304 0
[2026-09-24 11:29:27,599] INFO django.server basehttp: "GET /media/tools/icons/image_19.png HTTP/1.1" 304 0
[2026-09-24 11:29:27,599] INFO django.server basehttp: "GET /media/tools/icons/image_17.png HTTP/1.1" 304 0
[2026-09-24 11:29:27,599] INFO django.server basehttp: "GET /media/tools/icons/image_18.png HTTP/1.1" 304 0
[2026-09-24 11:29:27,599] INFO django.server basehttp: "GET /media/tools/icons/image_16.png HTTP/1.1" 304 0
[2026-09-24 11:29:27,599] INFO django.server basehttp: "GET /media/tools/icons/image_20.png HTTP/1.1" 304 0
[2026-09-24 11:29:27,602] INFO django.server basehttp: "GET /media/tools/icons/image_15.png HTTP/1.1" 304 0
[2026-09-24 11:29:27,604] INFO django.server basehttp: "GET /media/tools/icons/image_13.png HTTP/1.1" 304 0
[2026-09-24 11:29:27,604] INFO django.server basehttp: "GET /media/tools/icons/image_14.png HTTP/1.1" 304 0
[2026-09-24 11:29:28,597] INFO django.server basehttp: "GET /static/css/design-system.css?v=1790224167 HTTP/1.1" 200 7762
[2026-09-24 11:29:30,735] INFO django.server basehttp: "GET /utilities/calculators/datetime/ HTTP/1.1" 200 5808
[2026-09-24 11:29:30,763] INFO django.server basehttp: "GET /static/css/design-system.css?v=1790224170 HTTP/1.1" 200 7762
[2026-09-24 11:29:30,763] INFO django.server basehttp: "GET /static/js/tools_calculators.js?v=1790224170 HTTP/1.1" 200 10639
[2026-09-24 11:29:30,763] INFO django.server basehttp: "GET /static/css/app-shell.css?v=1790224170 HTTP/1.1" 200 41081
[2026-09-24 11:29:31,600] INFO django.server basehttp: "GET /utilities/ HTTP/1.1" 200 11991
[2026-09-24 11:29:31,625] INFO django.server basehttp: "GET /static/css/design-system.css?v=1790224171 HTTP/1.1" 200 7762
[2026-09-24 11:29:31,626] INFO django.server basehttp: "GET /static/css/app-shell.css?v=1790224171 HTTP/1.1" 200 41081
[2026-09-24 11:29:33,161] INFO django.server basehttp: "GET /utilities/engineering/power/ HTTP/1.1" 200 5380
[2026-09-24 11:29:33,188] INFO django.server basehttp: "GET /static/css/design-system.css?v=1790224173 HTTP/1.1" 200 7762
[2026-09-24 11:29:33,190] INFO django.server basehttp: "GET /static/js/tools_engineering.js?v=1790224173 HTTP/1.1" 200 5430
[2026-09-24 11:29:33,191] INFO django.server basehttp: "GET /static/css/app-shell.css?v=1790224173 HTTP/1.1" 200 41081
[2026-09-24 11:29:34,733] INFO django.server basehttp: "GET /utilities/ HTTP/1.1" 200 11991
[2026-09-24 11:29:34,759] INFO django.server basehttp: "GET /static/css/design-system.css?v=1790224174 HTTP/1.1" 200 7762
[2026-09-24 11:29:34,760] INFO django.server basehttp: "GET /static/css/app-shell.css?v=1790224174 HTTP/1.1" 200 41081
[2026-09-24 11:29:46,795] INFO django.server basehttp: "GET /datasources/browse/ HTTP/1.1" 200 15380
[2026-09-24 11:29:46,820] INFO django.server basehttp: "GET /static/css/design-system.css?v=1790224186 HTTP/1.1" 200 7762
[2026-09-24 11:29:46,822] INFO django.server basehttp: "GET /static/js/datasources_browse.js?v=1790224186 HTTP/1.1" 200 4406
[2026-09-24 11:29:46,822] INFO django.server basehttp: "GET /static/css/app-shell.css?v=1790224186 HTTP/1.1" 200 41081
[2026-09-24 11:29:46,837] INFO django.server basehttp: "GET /datasources/browse/tables/?source=sqlite HTTP/1.1" 200 1123
[2026-09-24 11:29:48,359] INFO django.server basehttp: "GET /monitoring/ HTTP/1.1" 200 4913
[2026-09-24 11:29:48,385] INFO django.server basehttp: "GET /static/css/design-system.css?v=1790224188 HTTP/1.1" 200 7762
[2026-09-24 11:29:48,385] INFO django.server basehttp: "GET /static/css/app-shell.css?v=1790224188 HTTP/1.1" 200 41081
[2026-09-24 11:29:48,678] INFO django.server basehttp: "GET /employees/ HTTP/1.1" 200 4965
[2026-09-24 11:29:49,140] INFO django.server basehttp: "GET /documents/ HTTP/1.1" 200 22292
[2026-09-24 11:29:49,169] INFO django.server basehttp: "GET /static/css/design-system.css?v=1790224189 HTTP/1.1" 200 7762
[2026-09-24 11:29:49,170] INFO django.server basehttp: "GET /static/css/app-shell.css?v=1790224189 HTTP/1.1" 200 41081
[2026-09-24 11:29:50,672] INFO django.server basehttp: "GET /dashboard/ HTTP/1.1" 200 8885
[2026-09-24 11:29:50,700] INFO django.server basehttp: "GET /static/css/design-system.css?v=1790224190 HTTP/1.1" 200 7762
[2026-09-24 11:29:50,700] INFO django.server basehttp: "GET /static/css/app-shell.css?v=1790224190 HTTP/1.1" 200 41081
[2026-09-24 11:29:51,723] INFO django.server basehttp: "GET / HTTP/1.1" 200 34386
[2026-09-24 11:29:51,753] INFO django.server basehttp: "GET /static/css/design-system.css?v=1790224191 HTTP/1.1" 200 7762
[2026-09-24 11:29:51,753] INFO django.server basehttp: "GET /static/css/home.css?v=1790224191 HTTP/1.1" 200 16683
[2026-09-24 11:31:34,755] INFO django.server basehttp: "HEAD / HTTP/1.1" 200 0
[2026-09-24 11:31:35,132] INFO django.server basehttp: "GET / HTTP/1.1" 200 34047
[2026-09-24 11:31:35,150] INFO django.server basehttp: "GET /static/css/design-system.css?v=1790224295 HTTP/1.1" 200 7762
[2026-09-24 11:31:35,153] INFO django.server basehttp: "GET /static/css/home.css?v=1790224295 HTTP/1.1" 200 16683
[2026-09-24 11:31:35,156] INFO django.server basehttp: "GET /media/standards/egat-no5.png HTTP/1.1" 304 0
[2026-09-24 11:31:35,157] INFO django.server basehttp: "GET /media/standards/tisi.png HTTP/1.1" 304 0
[2026-09-24 11:31:35,158] INFO django.server basehttp: "GET /media/standards/ahri.png HTTP/1.1" 304 0
[2026-09-24 11:31:35,159] INFO django.server basehttp: "GET /media/standards/ilac-nsc.png HTTP/1.1" 304 0
[2026-09-24 11:31:35,161] INFO django.server basehttp: "GET /media/standards/Screenshot_2026-09-24_105204.jpg HTTP/1.1" 304 0
[2026-09-24 11:31:35,162] INFO django.server basehttp: "GET /media/standards/Screenshot_2026-09-24_105254.jpg HTTP/1.1" 304 0
[2026-09-24 11:31:35,278] WARNING django.server basehttp: "GET /favicon.ico HTTP/1.1" 404 6501
[2026-09-24 11:31:39,293] INFO django.server basehttp: "GET /documents/ HTTP/1.1" 200 21452
[2026-09-24 11:31:39,310] INFO django.server basehttp: "GET /static/css/design-system.css?v=1790224299 HTTP/1.1" 200 7762
[2026-09-24 11:31:39,310] INFO django.server basehttp: "GET /static/css/app-shell.css?v=1790224299 HTTP/1.1" 200 41269
[2026-09-24 11:31:39,480] WARNING django.server basehttp: "GET /favicon.ico HTTP/1.1" 404 6501
[2026-09-24 11:31:46,340] INFO django.server basehttp: "GET /utilities/ HTTP/1.1" 200 9605
[2026-09-24 11:31:46,356] INFO django.server basehttp: "GET /static/css/design-system.css?v=1790224306 HTTP/1.1" 200 7762
[2026-09-24 11:31:46,361] INFO django.server basehttp: "GET /media/tools/icons/image_6.png HTTP/1.1" 304 0
[2026-09-24 11:31:46,364] INFO django.server basehttp: "GET /static/css/app-shell.css?v=1790224306 HTTP/1.1" 200 41269
[2026-09-24 11:31:46,368] INFO django.server basehttp: "GET /media/tools/icons/image_12.png HTTP/1.1" 304 0
[2026-09-24 11:31:46,371] INFO django.server basehttp: "GET /media/tools/icons/image_21.png HTTP/1.1" 304 0
[2026-09-24 11:31:46,371] INFO django.server basehttp: "GET /media/tools/icons/image_10.png HTTP/1.1" 200 7293
[2026-09-24 11:31:46,375] INFO django.server basehttp: "GET /media/tools/icons/image_8.png HTTP/1.1" 200 4156
[2026-09-24 11:31:46,376] INFO django.server basehttp: "GET /media/tools/icons/image_18.png HTTP/1.1" 304 0
[2026-09-24 11:31:46,378] INFO django.server basehttp: "GET /media/tools/icons/image_7.png HTTP/1.1" 200 5704
[2026-09-24 11:31:46,379] INFO django.server basehttp: "GET /media/tools/icons/image_19.png HTTP/1.1" 304 0
[2026-09-24 11:31:46,379] INFO django.server basehttp: "GET /media/tools/icons/image_17.png HTTP/1.1" 304 0
[2026-09-24 11:31:46,380] INFO django.server basehttp: "GET /media/tools/icons/image_9.png HTTP/1.1" 200 8070
[2026-09-24 11:31:46,383] INFO django.server basehttp: "GET /media/tools/icons/image_16.png HTTP/1.1" 304 0
[2026-09-24 11:31:46,384] INFO django.server basehttp: "GET /media/tools/icons/image_20.png HTTP/1.1" 304 0
[2026-09-24 11:31:46,384] INFO django.server basehttp: "GET /media/tools/icons/image_14.png HTTP/1.1" 304 0
[2026-09-24 11:31:46,384] INFO django.server basehttp: "GET /media/tools/icons/image_13.png HTTP/1.1" 304 0
[2026-09-24 11:31:46,384] INFO django.server basehttp: "GET /media/tools/icons/image_11.png HTTP/1.1" 200 5034
[2026-09-24 11:31:46,386] INFO django.server basehttp: "GET /media/tools/icons/image_15.png HTTP/1.1" 304 0
[2026-09-24 11:31:46,423] WARNING django.server basehttp: "GET /favicon.ico HTTP/1.1" 404 6501
[2026-09-24 11:34:27,954] INFO django.server basehttp: "GET / HTTP/1.1" 200 34386
[2026-09-24 11:34:27,989] INFO django.server basehttp: "GET /static/css/design-system.css?v=1790224467 HTTP/1.1" 200 7762
[2026-09-24 11:34:27,989] INFO django.server basehttp: "GET /static/css/home.css?v=1790224467 HTTP/1.1" 200 16683
[2026-09-24 11:34:27,994] INFO django.server basehttp: "GET /media/standards/Screenshot_2026-09-24_105204.jpg HTTP/1.1" 304 0
[2026-09-24 11:34:27,994] INFO django.server basehttp: "GET /media/standards/Screenshot_2026-09-24_105254.jpg HTTP/1.1" 304 0
[2026-09-24 11:34:30,508] INFO django.server basehttp: "GET /documents/ HTTP/1.1" 200 22206
[2026-09-24 11:34:30,552] INFO django.server basehttp: "GET /static/css/design-system.css?v=1790224470 HTTP/1.1" 200 7762
[2026-09-24 11:34:30,553] INFO django.server basehttp: "GET /static/css/app-shell.css?v=1790224470 HTTP/1.1" 200 41269
[2026-09-24 11:34:32,915] INFO django.server basehttp: "GET /dashboard/ HTTP/1.1" 200 8885
[2026-09-24 11:34:32,936] INFO django.server basehttp: "GET /static/css/design-system.css?v=1790224472 HTTP/1.1" 200 7762
[2026-09-24 11:34:32,937] INFO django.server basehttp: "GET /static/css/app-shell.css?v=1790224472 HTTP/1.1" 200 41269
[2026-09-24 11:34:39,066] INFO django.server basehttp: "GET / HTTP/1.1" 200 34386
[2026-09-24 11:34:39,094] INFO django.server basehttp: "GET /static/css/design-system.css?v=1790224479 HTTP/1.1" 200 7762
[2026-09-24 11:34:39,095] INFO django.server basehttp: "GET /static/css/home.css?v=1790224479 HTTP/1.1" 200 16683
[2026-09-24 11:34:43,643] INFO django.server basehttp: "GET /happy-workplace/ HTTP/1.1" 200 17450
[2026-09-24 11:34:43,678] INFO django.server basehttp: "GET /static/css/design-system.css?v=1790224483 HTTP/1.1" 200 7762
[2026-09-24 11:34:43,680] INFO django.server basehttp: "GET /static/css/happy_workplace.css?v=1790224483 HTTP/1.1" 200 38401
[2026-09-24 11:34:43,680] INFO django.server basehttp: "GET /static/css/app-shell.css?v=1790224483 HTTP/1.1" 200 41269
[2026-09-24 11:34:47,164] INFO django.server basehttp: "GET /dashboard/ HTTP/1.1" 200 8885
[2026-09-24 11:34:47,189] INFO django.server basehttp: "GET /static/css/design-system.css?v=1790224487 HTTP/1.1" 200 7762
[2026-09-24 11:34:47,190] INFO django.server basehttp: "GET /static/css/app-shell.css?v=1790224487 HTTP/1.1" 200 41269
[2026-09-24 11:34:48,019] INFO django.server basehttp: "GET /utilities/ HTTP/1.1" 200 11897
[2026-09-24 11:34:48,055] INFO django.server basehttp: "GET /media/tools/icons/image_8.png HTTP/1.1" 304 0
[2026-09-24 11:34:48,055] INFO django.server basehttp: "GET /media/tools/icons/image_7.png HTTP/1.1" 304 0
[2026-09-24 11:34:48,056] INFO django.server basehttp: "GET /media/tools/icons/image_6.png HTTP/1.1" 304 0
[2026-09-24 11:34:48,056] INFO django.server basehttp: "GET /media/tools/icons/image_10.png HTTP/1.1" 304 0
[2026-09-24 11:34:48,057] INFO django.server basehttp: "GET /media/tools/icons/image_9.png HTTP/1.1" 304 0
[2026-09-24 11:34:48,063] INFO django.server basehttp: "GET /media/tools/icons/image_11.png HTTP/1.1" 304 0
[2026-09-24 11:34:48,064] INFO django.server basehttp: "GET /media/tools/icons/image_17.png HTTP/1.1" 304 0
[2026-09-24 11:34:48,066] INFO django.server basehttp: "GET /media/tools/icons/image_19.png HTTP/1.1" 304 0
[2026-09-24 11:34:48,065] INFO django.server basehttp: "GET /media/tools/icons/image_18.png HTTP/1.1" 304 0
[2026-09-24 11:34:48,067] INFO django.server basehttp: "GET /media/tools/icons/image_21.png HTTP/1.1" 304 0
[2026-09-24 11:34:48,068] INFO django.server basehttp: "GET /media/tools/icons/image_12.png HTTP/1.1" 304 0
[2026-09-24 11:34:48,070] INFO django.server basehttp: "GET /media/tools/icons/image_14.png HTTP/1.1" 304 0
[2026-09-24 11:34:48,071] INFO django.server basehttp: "GET /media/tools/icons/image_20.png HTTP/1.1" 304 0
[2026-09-24 11:34:48,073] INFO django.server basehttp: "GET /media/tools/icons/image_15.png HTTP/1.1" 304 0
[2026-09-24 11:34:48,074] INFO django.server basehttp: "GET /media/tools/icons/image_13.png HTTP/1.1" 304 0
[2026-09-24 11:34:48,073] INFO django.server basehttp: "GET /media/tools/icons/image_16.png HTTP/1.1" 304 0
[2026-09-24 11:34:55,298] INFO django.server basehttp: "GET /dashboard/ HTTP/1.1" 200 8885
[2026-09-24 11:34:55,322] INFO django.server basehttp: "GET /static/css/design-system.css?v=1790224495 HTTP/1.1" 200 7762
[2026-09-24 11:34:55,323] INFO django.server basehttp: "GET /static/css/app-shell.css?v=1790224495 HTTP/1.1" 200 41269
[2026-09-24 11:34:55,917] INFO django.server basehttp: "GET /documents/ HTTP/1.1" 200 22206
[2026-09-24 11:34:57,869] INFO django.server basehttp: "GET /dashboard/ HTTP/1.1" 200 8885
[2026-09-24 11:34:57,898] INFO django.server basehttp: "GET /static/css/design-system.css?v=1790224497 HTTP/1.1" 200 7762
[2026-09-24 11:34:57,899] INFO django.server basehttp: "GET /static/css/app-shell.css?v=1790224497 HTTP/1.1" 200 41269
[2026-09-24 11:35:00,948] INFO django.server basehttp: "GET / HTTP/1.1" 200 34386
[2026-09-24 11:35:00,971] INFO django.server basehttp: "GET /static/css/design-system.css?v=1790224500 HTTP/1.1" 200 7762
[2026-09-24 11:35:00,972] INFO django.server basehttp: "GET /static/css/home.css?v=1790224500 HTTP/1.1" 200 16683
[2026-09-24 11:35:03,596] INFO django.server basehttp: "GET /internal/ HTTP/1.1" 200 9286
[2026-09-24 11:35:03,621] INFO django.server basehttp: "GET /static/css/design-system.css?v=1790224503 HTTP/1.1" 200 7762
[2026-09-24 11:35:03,621] INFO django.server basehttp: "GET /static/css/app-shell.css?v=1790224503 HTTP/1.1" 200 41269
[2026-09-24 11:35:05,600] INFO django.server basehttp: "GET /utilities/ HTTP/1.1" 200 11897
[2026-09-24 11:35:05,628] INFO django.server basehttp: "GET /static/css/design-system.css?v=1790224505 HTTP/1.1" 200 7762
[2026-09-24 11:35:05,628] INFO django.server basehttp: "GET /static/css/app-shell.css?v=1790224505 HTTP/1.1" 200 41269
[2026-09-24 11:35:13,430] INFO django.server basehttp: "GET /accounts/users/ HTTP/1.1" 200 12201
[2026-09-24 11:35:13,457] INFO django.server basehttp: "GET /static/css/design-system.css?v=1790224513 HTTP/1.1" 200 7762
[2026-09-24 11:35:13,458] INFO django.server basehttp: "GET /static/css/app-shell.css?v=1790224513 HTTP/1.1" 200 41269
[2026-09-24 11:35:15,632] INFO django.server basehttp: "GET /accounts/users/68/edit/ HTTP/1.1" 200 17824
[2026-09-24 11:35:15,663] INFO django.server basehttp: "GET /static/css/design-system.css?v=1790224515 HTTP/1.1" 200 7762
[2026-09-24 11:35:15,664] INFO django.server basehttp: "GET /static/css/app-shell.css?v=1790224515 HTTP/1.1" 200 41269
[2026-09-24 11:35:25,962] INFO django.server basehttp: "GET /accounts/users/ HTTP/1.1" 200 12201
[2026-09-24 11:35:25,991] INFO django.server basehttp: "GET /static/css/design-system.css?v=1790224525 HTTP/1.1" 200 7762
[2026-09-24 11:35:25,992] INFO django.server basehttp: "GET /static/css/app-shell.css?v=1790224525 HTTP/1.1" 200 41269
[2026-09-24 11:35:27,126] INFO django.server basehttp: "GET /accounts/users/new/ HTTP/1.1" 200 18096
[2026-09-24 11:35:27,153] INFO django.server basehttp: "GET /static/css/design-system.css?v=1790224527 HTTP/1.1" 200 7762
[2026-09-24 11:35:27,155] INFO django.server basehttp: "GET /static/css/app-shell.css?v=1790224527 HTTP/1.1" 200 41269
[2026-09-24 11:41:31,275] INFO django.server basehttp: "GET /accounts/users/new/ HTTP/1.1" 200 18096
[2026-09-24 11:41:31,301] INFO django.server basehttp: "GET /static/css/design-system.css?v=1790224891 HTTP/1.1" 200 7762
[2026-09-24 11:41:31,304] INFO django.server basehttp: "GET /static/css/app-shell.css?v=1790224891 HTTP/1.1" 200 41269
[2026-09-24 11:41:37,558] INFO django.server basehttp: "GET /accounts/users/ HTTP/1.1" 200 12201
[2026-09-24 11:41:37,589] INFO django.server basehttp: "GET /static/css/design-system.css?v=1790224897 HTTP/1.1" 200 7762
[2026-09-24 11:41:37,590] INFO django.server basehttp: "GET /static/css/app-shell.css?v=1790224897 HTTP/1.1" 200 41269
[2026-09-24 11:41:46,153] INFO django.server basehttp: "GET / HTTP/1.1" 200 34386
[2026-09-24 11:41:46,184] INFO django.server basehttp: "GET /static/css/home.css?v=1790224906 HTTP/1.1" 200 16683
[2026-09-24 11:41:46,184] INFO django.server basehttp: "GET /static/css/design-system.css?v=1790224906 HTTP/1.1" 200 7762
[2026-09-24 11:41:46,188] INFO django.server basehttp: "GET /media/standards/tisi.png HTTP/1.1" 304 0
[2026-09-24 11:41:46,188] INFO django.server basehttp: "GET /media/standards/egat-no5.png HTTP/1.1" 304 0
[2026-09-24 11:41:46,190] INFO django.server basehttp: "GET /media/standards/ahri.png HTTP/1.1" 304 0
[2026-09-24 11:41:46,195] INFO django.server basehttp: "GET /media/standards/ilac-nsc.png HTTP/1.1" 304 0
[2026-09-24 11:41:46,196] INFO django.server basehttp: "GET /media/standards/Screenshot_2026-09-24_105254.jpg HTTP/1.1" 304 0
[2026-09-24 11:41:46,196] INFO django.server basehttp: "GET /media/standards/Screenshot_2026-09-24_105204.jpg HTTP/1.1" 304 0
[2026-09-24 11:42:07,168] INFO django.server basehttp: "GET / HTTP/1.1" 200 34386
[2026-09-24 11:42:07,193] INFO django.server basehttp: "GET /static/css/home.css?v=1790224927 HTTP/1.1" 200 16683
[2026-09-24 11:42:07,193] INFO django.server basehttp: "GET /static/css/design-system.css?v=1790224927 HTTP/1.1" 200 7762
[2026-09-24 11:42:08,089] INFO django.server basehttp: "GET / HTTP/1.1" 200 34386
[2026-09-24 11:42:08,113] INFO django.server basehttp: "GET /static/css/design-system.css?v=1790224928 HTTP/1.1" 200 7762
[2026-09-24 11:42:08,113] INFO django.server basehttp: "GET /static/css/home.css?v=1790224928 HTTP/1.1" 200 16683
[2026-09-24 11:49:56,132] INFO django.server basehttp: "GET /documents/ HTTP/1.1" 200 22206
[2026-09-24 11:49:56,162] INFO django.server basehttp: "GET /static/css/app-shell.css?v=1790225396 HTTP/1.1" 200 41269
[2026-09-24 11:49:56,163] INFO django.server basehttp: "GET /static/css/design-system.css?v=1790225396 HTTP/1.1" 200 7762
[2026-09-24 11:50:00,187] INFO django.server basehttp: "GET /internal/ HTTP/1.1" 200 9286
[2026-09-24 11:50:00,210] INFO django.server basehttp: "GET /static/css/design-system.css?v=1790225400 HTTP/1.1" 200 7762
[2026-09-24 11:50:00,210] INFO django.server basehttp: "GET /static/css/app-shell.css?v=1790225400 HTTP/1.1" 200 41269
[2026-09-24 11:50:02,460] INFO django.server basehttp: "GET / HTTP/1.1" 200 34386
[2026-09-24 11:50:02,486] INFO django.server basehttp: "GET /static/css/design-system.css?v=1790225402 HTTP/1.1" 200 7762
[2026-09-24 11:50:02,490] INFO django.server basehttp: "GET /media/standards/ahri.png HTTP/1.1" 304 0
[2026-09-24 11:50:02,491] INFO django.server basehttp: "GET /media/standards/egat-no5.png HTTP/1.1" 304 0
[2026-09-24 11:50:02,491] INFO django.server basehttp: "GET /media/standards/tisi.png HTTP/1.1" 304 0
[2026-09-24 11:50:02,492] INFO django.server basehttp: "GET /static/css/home.css?v=1790225402 HTTP/1.1" 200 16683
[2026-09-24 11:50:02,494] INFO django.server basehttp: "GET /media/standards/ilac-nsc.png HTTP/1.1" 304 0
[2026-09-24 11:50:02,495] INFO django.server basehttp: "GET /media/standards/Screenshot_2026-09-24_105204.jpg HTTP/1.1" 304 0
[2026-09-24 11:50:02,499] INFO django.server basehttp: "GET /media/standards/Screenshot_2026-09-24_105254.jpg HTTP/1.1" 304 0
[2026-09-25 20:18:30,736] INFO django.server basehttp: "GET / HTTP/1.1" 200 33328
[2026-09-25 20:18:30,779] INFO django.server basehttp: "GET /login/ HTTP/1.1" 200 4891
[2026-09-25 20:18:30,846] INFO django.server basehttp: "GET /static/css/home.css HTTP/1.1" 200 16683
[2026-09-25 20:18:39,577] INFO django.server basehttp: "GET / HTTP/1.1" 200 33328
[2026-09-25 20:18:40,640] INFO django.server basehttp: "GET /static/css/design-system.css?v=1790342319 HTTP/1.1" 200 7762
[2026-09-25 20:18:40,641] INFO django.server basehttp: "GET /static/css/home.css?v=1790342319 HTTP/1.1" 200 16683
[2026-09-25 20:18:40,642] INFO django.server basehttp: "GET /media/standards/tisi.png HTTP/1.1" 200 3253
[2026-09-25 20:18:40,644] INFO django.server basehttp: "GET /media/standards/egat-no5.png HTTP/1.1" 200 209103
[2026-09-25 20:18:40,672] INFO django.server basehttp: "GET /media/standards/ahri.png HTTP/1.1" 200 6411
[2026-09-25 20:18:40,673] INFO django.server basehttp: "GET /media/standards/ilac-nsc.png HTTP/1.1" 200 102245
[2026-09-25 20:18:40,824] INFO django.server basehttp: "GET /media/modules/processed/Doc.gif HTTP/1.1" 200 925983
[2026-09-25 20:18:40,845] INFO django.server basehttp: "GET /media/hero/Gemini_Image.jpg HTTP/1.1" 200 747319
[2026-09-25 20:18:40,873] INFO django.server basehttp: "GET /media/modules/processed/Cer.gif HTTP/1.1" 200 1286837
[2026-09-25 20:18:40,875] INFO django.server basehttp: "GET /media/modules/processed/Manpower.gif HTTP/1.1" 200 1581887
[2026-09-25 20:18:40,880] INFO django.server basehttp: "GET /media/modules/processed/Analytics.gif HTTP/1.1" 200 1552807
[2026-09-25 20:18:40,883] INFO django.server basehttp: "GET /media/modules/processed/Tool2.gif HTTP/1.1" 200 1119879
[2026-09-25 20:18:40,886] INFO django.server basehttp: "GET /media/modules/processed/Happy.gif HTTP/1.1" 200 2320924
[2026-09-25 20:18:41,220] WARNING django.server basehttp: "GET /favicon.ico HTTP/1.1" 404 5156
[2026-09-25 20:24:17,362] INFO django.server basehttp: "GET / HTTP/1.1" 200 33328
[2026-09-25 20:24:18,117] INFO django.server basehttp: "GET /static/css/design-system.css?v=1790342657 HTTP/1.1" 200 7762
[2026-09-25 20:24:18,120] INFO django.server basehttp: "GET /static/css/home.css?v=1790342657 HTTP/1.1" 200 16683
[2026-09-25 20:24:18,126] INFO django.server basehttp: "GET /media/standards/tisi.png HTTP/1.1" 200 3253
[2026-09-25 20:24:18,127] INFO django.server basehttp: "GET /media/standards/egat-no5.png HTTP/1.1" 200 209103
[2026-09-25 20:24:18,132] INFO django.server basehttp: "GET /media/standards/ahri.png HTTP/1.1" 200 6411
[2026-09-25 20:24:18,134] INFO django.server basehttp: "GET /media/standards/ilac-nsc.png HTTP/1.1" 200 102245
[2026-09-25 20:24:18,370] INFO django.server basehttp: "GET /media/hero/Gemini_Image.jpg HTTP/1.1" 200 747319
[2026-09-25 20:24:18,375] INFO django.server basehttp: "GET /media/modules/processed/Doc.gif HTTP/1.1" 200 925983
[2026-09-25 20:24:18,388] INFO django.server basehttp: "GET /media/modules/processed/Manpower.gif HTTP/1.1" 200 1581887
[2026-09-25 20:24:18,392] INFO django.server basehttp: "GET /media/modules/processed/Cer.gif HTTP/1.1" 200 1286837
[2026-09-25 20:24:18,406] INFO django.server basehttp: "GET /media/modules/processed/Analytics.gif HTTP/1.1" 200 1552807
[2026-09-25 20:24:18,414] INFO django.server basehttp: "GET /media/modules/processed/Happy.gif HTTP/1.1" 200 2320924
[2026-09-25 20:24:18,417] INFO django.server basehttp: "GET /media/modules/processed/Tool2.gif HTTP/1.1" 200 1119879
[2026-09-25 20:24:18,555] WARNING django.server basehttp: "GET /favicon.ico HTTP/1.1" 404 5156
[2026-09-25 20:25:53,411] INFO django.server basehttp: "GET /login/ HTTP/1.1" 200 4891
[2026-09-25 20:25:53,517] INFO django.server basehttp: "GET /static/css/design-system.css?v=1790342753 HTTP/1.1" 200 7762
[2026-09-25 20:25:53,517] INFO django.server basehttp: "GET /static/css/home.css?v=1790342753 HTTP/1.1" 200 16683
[2026-09-25 20:26:12,172] INFO django.server basehttp: "POST /login/ HTTP/1.1" 302 0
[2026-09-25 20:26:12,205] INFO django.server basehttp: "GET /dashboard/ HTTP/1.1" 200 9002
[2026-09-25 20:26:12,263] INFO django.server basehttp: "GET /static/css/design-system.css?v=1790342772 HTTP/1.1" 200 7762
[2026-09-25 20:26:12,267] INFO django.server basehttp: "GET /static/css/app-shell.css?v=1790342772 HTTP/1.1" 200 41269
[2026-09-25 20:26:16,688] INFO django.server basehttp: "GET /settings/standards/ HTTP/1.1" 200 21112
[2026-09-25 20:26:16,781] INFO django.server basehttp: "GET /static/css/design-system.css?v=1790342776 HTTP/1.1" 200 7762
[2026-09-25 20:26:16,782] INFO django.server basehttp: "GET /static/css/app-shell.css?v=1790342776 HTTP/1.1" 200 41269
[2026-09-25 20:26:18,064] INFO django.server basehttp: "GET /settings/about-topics/ HTTP/1.1" 200 15272
[2026-09-25 20:26:18,106] INFO django.server basehttp: "GET /static/css/design-system.css?v=1790342778 HTTP/1.1" 200 7762
[2026-09-25 20:26:18,108] INFO django.server basehttp: "GET /static/css/app-shell.css?v=1790342778 HTTP/1.1" 200 41269
[2026-09-25 20:26:18,116] INFO django.server basehttp: "GET /media/about/Policy.jpg HTTP/1.1" 200 160627
[2026-09-25 20:26:18,124] INFO django.server basehttp: "GET /media/about/ChatGPT_Image_Sep_23_2026_10_22_00_AM.png HTTP/1.1" 200 1777207
[2026-09-25 20:26:19,267] INFO django.server basehttp: "GET /settings/home-appearance/ HTTP/1.1" 200 19276
[2026-09-25 20:26:19,403] INFO django.server basehttp: "GET /static/css/design-system.css?v=1790342779 HTTP/1.1" 200 7762
[2026-09-25 20:26:19,405] INFO django.server basehttp: "GET /static/css/app-shell.css?v=1790342779 HTTP/1.1" 200 41269
[2026-09-25 20:26:22,434] INFO django.server basehttp: "GET /audit/ HTTP/1.1" 200 14749
[2026-09-25 20:26:22,547] INFO django.server basehttp: "GET /static/css/design-system.css?v=1790342782 HTTP/1.1" 200 7762
[2026-09-25 20:26:22,548] INFO django.server basehttp: "GET /static/css/app-shell.css?v=1790342782 HTTP/1.1" 200 41269
[2026-09-25 20:26:26,642] INFO django.server basehttp: "GET /utilities/ HTTP/1.1" 200 13715
[2026-09-25 20:26:26,737] INFO django.server basehttp: "GET /static/css/design-system.css?v=1790342786 HTTP/1.1" 200 7762
[2026-09-25 20:26:26,737] INFO django.server basehttp: "GET /static/css/app-shell.css?v=1790342786 HTTP/1.1" 200 41269
[2026-09-25 20:28:44,773] INFO django.server basehttp: "GET /utilities/ HTTP/1.1" 200 9605
[2026-09-25 20:28:44,779] INFO django.server basehttp: "GET /media/tools/icons/image_6.png HTTP/1.1" 200 3559
[2026-09-25 20:28:44,784] INFO django.server basehttp: "GET /media/tools/icons/image_7.png HTTP/1.1" 200 5704
[2026-09-25 20:28:44,787] INFO django.server basehttp: "GET /media/tools/icons/image_8.png HTTP/1.1" 200 4156
[2026-09-25 20:28:44,790] INFO django.server basehttp: "GET /media/tools/icons/image_10.png HTTP/1.1" 200 7293
[2026-09-25 20:28:44,794] INFO django.server basehttp: "GET /media/tools/icons/image_9.png HTTP/1.1" 200 8070
[2026-09-25 20:28:44,797] INFO django.server basehttp: "GET /media/tools/icons/image_11.png HTTP/1.1" 200 5034
[2026-09-25 20:28:44,800] INFO django.server basehttp: "GET /media/tools/icons/image_12.png HTTP/1.1" 200 5376
[2026-09-25 20:28:44,803] INFO django.server basehttp: "GET /media/tools/icons/image_21.png HTTP/1.1" 200 3525
[2026-09-25 20:28:44,806] INFO django.server basehttp: "GET /media/tools/icons/image_17.png HTTP/1.1" 200 7557
[2026-09-25 20:28:44,809] INFO django.server basehttp: "GET /media/tools/icons/image_18.png HTTP/1.1" 200 3593
[2026-09-25 20:28:44,812] INFO django.server basehttp: "GET /media/tools/icons/image_19.png HTTP/1.1" 200 6647
[2026-09-25 20:28:44,814] INFO django.server basehttp: "GET /media/tools/icons/image_20.png HTTP/1.1" 200 7835
[2026-09-25 20:28:44,817] INFO django.server basehttp: "GET /media/tools/icons/image_16.png HTTP/1.1" 200 6217
[2026-09-25 20:28:44,820] INFO django.server basehttp: "GET /media/tools/icons/image_15.png HTTP/1.1" 200 7561
[2026-09-25 20:28:44,823] INFO django.server basehttp: "GET /media/tools/icons/image_14.png HTTP/1.1" 200 4998
[2026-09-25 20:28:44,826] INFO django.server basehttp: "GET /media/tools/icons/image_13.png HTTP/1.1" 200 7101
[2026-09-25 20:33:56,837] INFO django.server basehttp: "GET /utilities/ HTTP/1.1" 200 11897
[2026-09-25 20:33:57,141] INFO django.server basehttp: "GET /static/css/design-system.css?v=1790343236 HTTP/1.1" 200 7762
[2026-09-25 20:33:57,151] INFO django.server basehttp: "GET /static/css/app-shell.css?v=1790343236 HTTP/1.1" 200 41269
[2026-09-25 20:33:57,161] INFO django.server basehttp: "GET /media/tools/icons/image_6.png HTTP/1.1" 200 3559
[2026-09-25 20:33:57,170] INFO django.server basehttp: "GET /media/tools/icons/image_7.png HTTP/1.1" 200 5704
[2026-09-25 20:33:57,174] INFO django.server basehttp: "GET /media/tools/icons/image_8.png HTTP/1.1" 200 4156
[2026-09-25 20:33:57,178] INFO django.server basehttp: "GET /media/tools/icons/image_10.png HTTP/1.1" 200 7293
[2026-09-25 20:33:57,179] INFO django.server basehttp: "GET /media/tools/icons/image_9.png HTTP/1.1" 200 8070
[2026-09-25 20:33:57,184] INFO django.server basehttp: "GET /media/tools/icons/image_12.png HTTP/1.1" 200 5376
[2026-09-25 20:33:57,191] INFO django.server basehttp: "GET /media/tools/icons/image_21.png HTTP/1.1" 200 3525
[2026-09-25 20:33:57,193] INFO django.server basehttp: "GET /media/tools/icons/image_17.png HTTP/1.1" 200 7557
[2026-09-25 20:33:57,198] INFO django.server basehttp: "GET /media/tools/icons/image_18.png HTTP/1.1" 200 3593
[2026-09-25 20:33:57,206] INFO django.server basehttp: "GET /media/tools/icons/image_19.png HTTP/1.1" 200 6647
[2026-09-25 20:33:57,209] INFO django.server basehttp: "GET /media/tools/icons/image_20.png HTTP/1.1" 200 7835
[2026-09-25 20:33:57,219] INFO django.server basehttp: "GET /media/tools/icons/image_16.png HTTP/1.1" 200 6217
[2026-09-25 20:33:57,220] INFO django.server basehttp: "GET /media/tools/icons/image_15.png HTTP/1.1" 200 7561
[2026-09-25 20:33:57,225] INFO django.server basehttp: "GET /media/tools/icons/image_14.png HTTP/1.1" 200 4998
[2026-09-25 20:33:57,238] INFO django.server basehttp: "GET /media/tools/icons/image_11.png HTTP/1.1" 200 5034
[2026-09-25 20:33:57,240] INFO django.server basehttp: "GET /media/tools/icons/image_13.png HTTP/1.1" 200 7101
[2026-09-25 20:34:10,872] INFO django.server basehttp: "GET /utilities/icon-settings/ HTTP/1.1" 200 17864
[2026-09-25 20:34:11,203] INFO django.server basehttp: "GET /static/css/design-system.css?v=1790343250 HTTP/1.1" 200 7762
[2026-09-25 20:34:11,205] INFO django.server basehttp: "GET /static/css/app-shell.css?v=1790343250 HTTP/1.1" 200 41269
[2026-09-25 20:34:18,277] INFO django.server basehttp: "GET /utilities/ HTTP/1.1" 200 11897
[2026-09-25 20:34:18,293] INFO django.server basehttp: "GET /static/css/design-system.css?v=1790343258 HTTP/1.1" 200 7762
[2026-09-25 20:34:18,293] INFO django.server basehttp: "GET /static/css/app-shell.css?v=1790343258 HTTP/1.1" 200 41269
[2026-09-25 20:35:19,467] INFO django.server basehttp: "GET / HTTP/1.1" 200 33667
[2026-09-25 20:35:19,485] INFO django.server basehttp: "GET /static/css/design-system.css?v=1790343319 HTTP/1.1" 200 7762
[2026-09-25 20:35:19,486] INFO django.server basehttp: "GET /static/css/home.css?v=1790343319 HTTP/1.1" 200 16683
[2026-09-25 20:35:24,665] INFO django.server basehttp: "GET /happy-workplace/ HTTP/1.1" 200 17450
[2026-09-25 20:35:24,750] INFO django.server basehttp: "GET /static/css/design-system.css?v=1790343324 HTTP/1.1" 200 7762
[2026-09-25 20:35:24,753] INFO django.server basehttp: "GET /static/css/app-shell.css?v=1790343324 HTTP/1.1" 200 41269
[2026-09-25 20:35:24,753] INFO django.server basehttp: "GET /static/css/happy_workplace.css?v=1790343324 HTTP/1.1" 200 38401
[2026-09-25 20:35:24,790] INFO django.server basehttp: "GET /media/happy_workplace/posters/image_2.png HTTP/1.1" 200 2640225
[2026-09-25 20:35:24,790] INFO django.server basehttp: "GET /media/happy_workplace/posters/image_4.png HTTP/1.1" 200 3005207
[2026-09-25 20:35:24,808] INFO django.server basehttp: "GET /media/happy_workplace/posters/DT_Birthday_SSbYLAI.png HTTP/1.1" 200 1881326
[2026-09-25 20:35:36,191] INFO django.server basehttp: "GET /documents/ HTTP/1.1" 200 22206
[2026-09-25 20:35:36,229] INFO django.server basehttp: "GET /static/css/design-system.css?v=1790343336 HTTP/1.1" 200 7762
[2026-09-25 20:35:36,231] INFO django.server basehttp: "GET /static/css/app-shell.css?v=1790343336 HTTP/1.1" 200 41269
[2026-09-25 20:35:39,548] INFO django.server basehttp: "GET /documents/specs/ HTTP/1.1" 200 12013
[2026-09-25 20:35:39,594] INFO django.server basehttp: "GET /static/css/design-system.css?v=1790343339 HTTP/1.1" 200 7762
[2026-09-25 20:35:39,596] INFO django.server basehttp: "GET /static/css/app-shell.css?v=1790343339 HTTP/1.1" 200 41269
[2026-09-25 20:36:41,344] INFO django.server basehttp: "GET /dashboard/ HTTP/1.1" 200 9002
[2026-09-25 20:36:41,689] INFO django.server basehttp: "GET /static/css/design-system.css?v=1790343401 HTTP/1.1" 200 7762
[2026-09-25 20:36:41,691] INFO django.server basehttp: "GET /static/css/app-shell.css?v=1790343401 HTTP/1.1" 200 41269
[2026-09-25 20:36:44,581] INFO django.server basehttp: "GET /utilities/ HTTP/1.1" 200 11897
[2026-09-25 20:36:44,593] INFO django.server basehttp: "GET /static/css/design-system.css?v=1790343404 HTTP/1.1" 200 7762
[2026-09-25 20:36:44,594] INFO django.server basehttp: "GET /static/css/app-shell.css?v=1790343404 HTTP/1.1" 200 41269
[2026-09-25 20:36:46,734] INFO django.server basehttp: "GET /utilities/pdf-edit/ HTTP/1.1" 200 21970
[2026-09-25 20:36:46,789] INFO django.server basehttp: "GET /static/css/app-shell.css?v=1790343406 HTTP/1.1" 200 41269
[2026-09-25 20:36:46,790] INFO django.server basehttp: "GET /static/css/design-system.css?v=1790343406 HTTP/1.1" 200 7762
[2026-09-25 20:36:46,796] INFO django.server basehttp: "GET /static/js/tools_pdf_edit.js?v=1790343406 HTTP/1.1" 200 30411
[2026-09-25 20:36:48,719] INFO django.server basehttp: "GET /utilities/ HTTP/1.1" 200 11897
[2026-09-25 20:36:48,733] INFO django.server basehttp: "GET /static/css/design-system.css?v=1790343408 HTTP/1.1" 200 7762
[2026-09-25 20:36:48,734] INFO django.server basehttp: "GET /static/css/app-shell.css?v=1790343408 HTTP/1.1" 200 41269
[2026-09-25 20:36:49,529] INFO django.server basehttp: "GET /utilities/qr-code/ HTTP/1.1" 200 16806
[2026-09-25 20:36:49,799] INFO django.server basehttp: "GET /static/css/design-system.css?v=1790343409 HTTP/1.1" 200 7762
[2026-09-25 20:36:49,801] INFO django.server basehttp: "GET /static/css/app-shell.css?v=1790343409 HTTP/1.1" 200 41269
[2026-09-25 20:36:49,804] INFO django.server basehttp: "GET /static/js/tools_qr.js?v=1790343409 HTTP/1.1" 200 7106
[2026-09-25 20:36:51,285] INFO django.server basehttp: "GET /utilities/ HTTP/1.1" 200 11897
[2026-09-25 20:36:51,296] INFO django.server basehttp: "GET /static/css/design-system.css?v=1790343411 HTTP/1.1" 200 7762
[2026-09-25 20:36:51,297] INFO django.server basehttp: "GET /static/css/app-shell.css?v=1790343411 HTTP/1.1" 200 41269
[2026-09-25 20:36:51,937] INFO django.server basehttp: "GET /utilities/document-converter/ HTTP/1.1" 200 7281
[2026-09-25 20:36:53,863] INFO django.server basehttp: "GET /utilities/ HTTP/1.1" 200 11897
[2026-09-25 20:36:53,874] INFO django.server basehttp: "GET /static/css/design-system.css?v=1790343413 HTTP/1.1" 200 7762
[2026-09-25 20:36:53,875] INFO django.server basehttp: "GET /static/css/app-shell.css?v=1790343413 HTTP/1.1" 200 41269
[2026-09-25 20:38:25,848] INFO django.server basehttp: "GET / HTTP/1.1" 200 33667
[2026-09-25 20:38:25,922] INFO django.server basehttp: "GET /static/css/design-system.css?v=1790343505 HTTP/1.1" 200 7762
[2026-09-25 20:38:25,923] INFO django.server basehttp: "GET /static/css/home.css?v=1790343505 HTTP/1.1" 200 16683
[2026-09-25 20:38:28,169] INFO django.server basehttp: "GET /internal/ HTTP/1.1" 200 9286
[2026-09-25 20:38:28,247] INFO django.server basehttp: "GET /static/css/design-system.css?v=1790343508 HTTP/1.1" 200 7762
[2026-09-25 20:38:28,248] INFO django.server basehttp: "GET /static/css/app-shell.css?v=1790343508 HTTP/1.1" 200 41269
[2026-09-25 20:38:28,704] INFO django.server basehttp: "GET /internal/ HTTP/1.1" 302 0
[2026-09-25 20:38:28,717] INFO django.server basehttp: "GET /login/?next=/internal/ HTTP/1.1" 200 4901
[2026-09-25 20:38:29,823] INFO django.server basehttp: "GET /training-history/ HTTP/1.1" 200 57025
[2026-09-25 20:38:29,864] INFO django.server basehttp: "GET /static/css/design-system.css?v=1790343509 HTTP/1.1" 200 7762
[2026-09-25 20:38:29,866] INFO django.server basehttp: "GET /static/css/app-shell.css?v=1790343509 HTTP/1.1" 200 41269
[2026-09-25 20:38:29,882] INFO django.server basehttp: "GET /static/js/training_history.js?v=1790343509 HTTP/1.1" 200 44178
[2026-09-25 20:38:30,389] INFO django.server basehttp: "GET /training-history/ HTTP/1.1" 302 0
[2026-09-25 20:38:30,402] INFO django.server basehttp: "GET /login/?next=/training-history/ HTTP/1.1" 200 4909
[2026-09-25 20:39:20,861] INFO django.server basehttp: "GET /internal/ HTTP/1.1" 200 9286
[2026-09-25 20:39:21,012] INFO django.server basehttp: "GET /static/css/design-system.css?v=1790343560 HTTP/1.1" 200 7762
[2026-09-25 20:39:21,018] INFO django.server basehttp: "GET /static/css/app-shell.css?v=1790343560 HTTP/1.1" 200 41269
[2026-09-25 20:39:21,347] WARNING dtest_nexus icon_memory: Cannot read saved Tools logo reference: /var/folders/n4/tqbz3f_x7hd0k7hfwfghcd6r0000gn/T/tmp178cy1_y/tools/icon-memory/qr_code.json
[2026-09-25 20:39:21,363] WARNING dtest_nexus icon_memory: Cannot read saved Tools logo reference: /var/folders/n4/tqbz3f_x7hd0k7hfwfghcd6r0000gn/T/tmp178cy1_y/tools/icon-memory/qr_code.json
[2026-09-25 20:39:26,491] INFO django.server basehttp: "GET /spare-parts/ HTTP/1.1" 200 61934
[2026-09-25 20:39:26,525] INFO django.server basehttp: "GET /static/css/app-shell.css?v=1790343566 HTTP/1.1" 200 41269
[2026-09-25 20:39:26,526] INFO django.server basehttp: "GET /static/css/design-system.css?v=1790343566 HTTP/1.1" 200 7762
[2026-09-25 20:39:26,535] INFO django.server basehttp: "GET /static/css/spare_parts.css?v=1790343566 HTTP/1.1" 200 15406
[2026-09-25 20:39:26,536] INFO django.server basehttp: "GET /static/js/spare_parts.js?v=1790343566 HTTP/1.1" 200 36365
[2026-09-25 20:40:11,826] INFO django.server basehttp: "GET /utilities/ HTTP/1.1" 200 9605
[2026-09-25 20:40:11,833] INFO django.server basehttp: "GET /media/tools/icons/image_6.png HTTP/1.1" 200 3559
[2026-09-25 20:40:11,836] INFO django.server basehttp: "GET /media/tools/icons/image_7.png HTTP/1.1" 200 5704
[2026-09-25 20:40:11,840] INFO django.server basehttp: "GET /media/tools/icons/image_8.png HTTP/1.1" 200 4156
[2026-09-25 20:40:11,844] INFO django.server basehttp: "GET /media/tools/icons/image_10.png HTTP/1.1" 200 7293
[2026-09-25 20:40:11,848] INFO django.server basehttp: "GET /media/tools/icons/image_9.png HTTP/1.1" 200 8070
[2026-09-25 20:40:11,852] INFO django.server basehttp: "GET /media/tools/icons/image_11.png HTTP/1.1" 200 5034
[2026-09-25 20:40:11,855] INFO django.server basehttp: "GET /media/tools/icons/image_12.png HTTP/1.1" 200 5376
[2026-09-25 20:40:11,859] INFO django.server basehttp: "GET /media/tools/icons/image_21.png HTTP/1.1" 200 3525
[2026-09-25 20:40:11,864] INFO django.server basehttp: "GET /media/tools/icons/image_17.png HTTP/1.1" 200 7557
[2026-09-25 20:40:11,867] INFO django.server basehttp: "GET /media/tools/icons/image_18.png HTTP/1.1" 200 3593
[2026-09-25 20:40:11,870] INFO django.server basehttp: "GET /media/tools/icons/image_19.png HTTP/1.1" 200 6647
[2026-09-25 20:40:11,874] INFO django.server basehttp: "GET /media/tools/icons/image_20.png HTTP/1.1" 200 7835
[2026-09-25 20:40:11,877] INFO django.server basehttp: "GET /media/tools/icons/image_16.png HTTP/1.1" 200 6217
[2026-09-25 20:40:11,881] INFO django.server basehttp: "GET /media/tools/icons/image_15.png HTTP/1.1" 200 7561
[2026-09-25 20:40:11,884] INFO django.server basehttp: "GET /media/tools/icons/image_14.png HTTP/1.1" 200 4998
[2026-09-25 20:40:11,887] INFO django.server basehttp: "GET /media/tools/icons/image_13.png HTTP/1.1" 200 7101
[2026-09-25 20:43:07,086] INFO django.server basehttp: "GET /spare-parts/ HTTP/1.1" 302 0
[2026-09-25 20:43:07,155] INFO django.server basehttp: "GET /login/?next=/spare-parts/ HTTP/1.1" 200 4904
[2026-09-25 20:43:08,286] INFO django.server basehttp: "GET /static/css/design-system.css?v=1790343787 HTTP/1.1" 200 7762
[2026-09-25 20:43:08,287] INFO django.server basehttp: "GET /static/css/home.css?v=1790343787 HTTP/1.1" 200 16683
[2026-09-25 20:43:41,640] INFO django.server basehttp: "POST /login/?next=/spare-parts/ HTTP/1.1" 302 0
[2026-09-25 20:43:41,714] INFO django.server basehttp: "GET /spare-parts/ HTTP/1.1" 200 61934
[2026-09-25 20:43:41,810] INFO django.server basehttp: "GET /static/css/design-system.css?v=1790343821 HTTP/1.1" 200 7762
[2026-09-25 20:43:41,812] INFO django.server basehttp: "GET /static/css/spare_parts.css?v=1790343821 HTTP/1.1" 200 15406
[2026-09-25 20:43:41,814] INFO django.server basehttp: "GET /static/js/spare_parts.js?v=1790343821 HTTP/1.1" 200 36365
[2026-09-25 20:43:41,814] INFO django.server basehttp: "GET /static/css/app-shell.css?v=1790343821 HTTP/1.1" 200 41269
[2026-09-25 20:44:21,216] INFO django.server basehttp: "GET /static/spare-layout-check.html HTTP/1.1" 200 37330
[2026-09-25 20:44:21,268] INFO django.server basehttp: "GET /static/css/spare_parts.css?v=1790343851 HTTP/1.1" 200 15415
[2026-09-25 20:44:21,268] INFO django.server basehttp: "GET /static/css/design-system.css?v=1790343851 HTTP/1.1" 200 7762
[2026-09-25 20:44:21,270] INFO django.server basehttp: "GET /static/css/app-shell.css?v=1790343851 HTTP/1.1" 200 41269
[2026-09-25 20:44:21,277] INFO django.server basehttp: "GET /static/js/spare_parts.js?v=1790343852 HTTP/1.1" 200 36877
[2026-09-25 20:44:55,118] INFO django.server basehttp: "GET /static/spare-layout-check.html HTTP/1.1" 304 0
[2026-09-25 20:44:55,175] INFO django.server basehttp: "GET /static/css/spare_parts.css?v=1790343851 HTTP/1.1" 304 0
[2026-09-25 20:44:55,179] INFO django.server basehttp: "GET /static/js/spare_parts.js?v=1790343852 HTTP/1.1" 200 36942
[2026-09-25 20:45:28,787] INFO django.server basehttp: "GET /static/spare-layout-check.html HTTP/1.1" 304 0
[2026-09-25 20:45:28,820] INFO django.server basehttp: "GET /static/css/spare_parts.css?v=1790343851 HTTP/1.1" 200 15468
[2026-09-25 20:45:28,835] INFO django.server basehttp: "GET /static/js/spare_parts.js?v=1790343852 HTTP/1.1" 200 37191
[2026-09-25 20:46:05,711] INFO django.server basehttp: "GET /static/spare-layout-check.html HTTP/1.1" 304 0
[2026-09-25 20:46:05,758] INFO django.server basehttp: "GET /static/css/spare_parts.css?v=1790343851 HTTP/1.1" 304 0
[2026-09-25 20:46:05,772] INFO django.server basehttp: "GET /static/js/spare_parts.js?v=1790343852 HTTP/1.1" 304 0
[2026-09-25 20:50:32,572] INFO django.server basehttp: "GET /spare-parts/ HTTP/1.1" 200 61934
[2026-09-25 20:50:32,790] INFO django.server basehttp: "GET /static/css/design-system.css?v=1790344232 HTTP/1.1" 200 7762
[2026-09-25 20:50:32,796] INFO django.server basehttp: "GET /static/css/spare_parts.css?v=1790344232 HTTP/1.1" 200 15122
[2026-09-25 20:50:32,798] INFO django.server basehttp: "GET /static/css/app-shell.css?v=1790344232 HTTP/1.1" 200 41269
[2026-09-25 20:50:32,806] INFO django.server basehttp: "GET /static/js/spare_parts.js?v=1790344232 HTTP/1.1" 200 37191
[2026-09-25 20:54:44,593] INFO django.server basehttp: "GET /static/spare-layout-check.html HTTP/1.1" 200 35200
[2026-09-25 20:54:44,637] INFO django.server basehttp: "GET /static/css/design-system.css?v=1790344468 HTTP/1.1" 200 7762
[2026-09-25 20:54:44,638] INFO django.server basehttp: "GET /static/css/app-shell.css?v=1790344468 HTTP/1.1" 200 41269
[2026-09-25 20:54:44,639] INFO django.server basehttp: "GET /static/css/spare_parts.css?v=1790344468 HTTP/1.1" 200 15525
[2026-09-25 20:54:44,650] INFO django.server basehttp: "GET /static/js/spare_parts.js?v=1790344468 HTTP/1.1" 200 37368
[2026-09-25 20:54:47,396] INFO django.server basehttp: "GET /internal/ HTTP/1.1" 200 9286
[2026-09-25 20:54:47,785] INFO django.server basehttp: "GET /static/css/design-system.css?v=1790344487 HTTP/1.1" 200 7762
[2026-09-25 20:54:47,789] INFO django.server basehttp: "GET /static/css/app-shell.css?v=1790344487 HTTP/1.1" 200 41269
[2026-09-25 20:55:14,752] INFO django.server basehttp: "GET /spare-parts/ HTTP/1.1" 200 61934
[2026-09-25 20:55:14,881] INFO django.server basehttp: "GET /static/css/design-system.css?v=1790344514 HTTP/1.1" 200 7762
[2026-09-25 20:55:14,884] INFO django.server basehttp: "GET /static/css/app-shell.css?v=1790344514 HTTP/1.1" 200 41269
[2026-09-25 20:55:14,885] INFO django.server basehttp: "GET /static/css/spare_parts.css?v=1790344514 HTTP/1.1" 200 15525
[2026-09-25 20:55:14,902] INFO django.server basehttp: "GET /static/js/spare_parts.js?v=1790344514 HTTP/1.1" 200 37368
[2026-09-25 20:55:21,078] INFO django.server basehttp: "GET /internal/ HTTP/1.1" 200 9286
[2026-09-25 20:55:21,120] INFO django.server basehttp: "GET /static/css/design-system.css?v=1790344521 HTTP/1.1" 200 7762
[2026-09-25 20:55:21,129] INFO django.server basehttp: "GET /static/css/app-shell.css?v=1790344521 HTTP/1.1" 200 41269
[2026-09-25 20:58:19,429] WARNING dtest_nexus icon_memory: Cannot read saved Tools logo reference: /var/folders/n4/tqbz3f_x7hd0k7hfwfghcd6r0000gn/T/tmptxjl_imi/tools/icon-memory/qr_code.json
[2026-09-25 20:58:19,432] WARNING dtest_nexus icon_memory: Cannot read saved Tools logo reference: /var/folders/n4/tqbz3f_x7hd0k7hfwfghcd6r0000gn/T/tmptxjl_imi/tools/icon-memory/qr_code.json
[2026-09-25 20:59:13,104] INFO django.server basehttp: "GET /internal/icon-settings/ HTTP/1.1" 302 0
[2026-09-25 21:05:07,094] INFO django.server basehttp: "GET /internal/ HTTP/1.1" 200 9433
[2026-09-25 21:05:07,220] INFO django.server basehttp: "GET /static/css/design-system.css?v=1790345107 HTTP/1.1" 200 7762
[2026-09-25 21:05:07,222] INFO django.server basehttp: "GET /static/css/app-shell.css?v=1790345107 HTTP/1.1" 200 41269
[2026-09-25 21:05:09,714] INFO django.server basehttp: "GET /internal/icon-settings/ HTTP/1.1" 200 11612
[2026-09-25 21:05:09,772] INFO django.server basehttp: "GET /static/css/design-system.css?v=1790345109 HTTP/1.1" 200 7762
[2026-09-25 21:05:09,773] INFO django.server basehttp: "GET /static/css/app-shell.css?v=1790345109 HTTP/1.1" 200 41269
[2026-09-25 21:05:12,621] INFO django.server basehttp: "GET /internal/ HTTP/1.1" 200 9433
[2026-09-25 21:05:12,634] INFO django.server basehttp: "GET /static/css/design-system.css?v=1790345112 HTTP/1.1" 200 7762
[2026-09-25 21:05:12,637] INFO django.server basehttp: "GET /static/css/app-shell.css?v=1790345112 HTTP/1.1" 200 41269
[2026-09-25 21:05:16,836] INFO django.server basehttp: "GET /utilities/ HTTP/1.1" 200 11897
[2026-09-25 21:05:16,877] INFO django.server basehttp: "GET /static/css/design-system.css?v=1790345116 HTTP/1.1" 200 7762
[2026-09-25 21:05:16,879] INFO django.server basehttp: "GET /static/css/app-shell.css?v=1790345116 HTTP/1.1" 200 41269
[2026-09-25 21:05:24,399] INFO django.server basehttp: "GET /utilities/engineering/oee/ HTTP/1.1" 200 5784
[2026-09-25 21:05:24,701] INFO django.server basehttp: "GET /static/css/app-shell.css?v=1790345124 HTTP/1.1" 200 41269
[2026-09-25 21:05:24,706] INFO django.server basehttp: "GET /static/css/design-system.css?v=1790345124 HTTP/1.1" 200 7762
[2026-09-25 21:05:24,706] INFO django.server basehttp: "GET /static/js/tools_engineering.js?v=1790345124 HTTP/1.1" 200 5430
[2026-09-25 21:05:26,471] INFO django.server basehttp: "GET /utilities/ HTTP/1.1" 200 11897
[2026-09-25 21:05:26,483] INFO django.server basehttp: "GET /static/css/design-system.css?v=1790345126 HTTP/1.1" 200 7762
[2026-09-25 21:05:26,485] INFO django.server basehttp: "GET /static/css/app-shell.css?v=1790345126 HTTP/1.1" 200 41269
[2026-09-25 21:06:46,676] INFO django.server basehttp: "GET /utilities/ HTTP/1.1" 200 9605
[2026-09-25 21:06:46,914] WARNING django.server basehttp: "GET /apple-touch-icon-precomposed.png HTTP/1.1" 404 5219
[2026-09-25 21:06:47,315] WARNING django.server basehttp: "GET /apple-touch-icon.png HTTP/1.1" 404 5183
[2026-09-25 21:06:47,403] WARNING django.server basehttp: "GET /favicon.ico HTTP/1.1" 404 5156
[2026-09-25 21:06:47,420] WARNING django.server basehttp: "GET /apple-touch-icon-precomposed.png HTTP/1.1" 404 5219
[2026-09-25 21:06:47,431] WARNING django.server basehttp: "GET /apple-touch-icon.png HTTP/1.1" 404 5183
[2026-09-25 21:06:47,443] WARNING django.server basehttp: "GET /favicon.ico HTTP/1.1" 404 5156
[2026-09-25 21:06:47,465] INFO django.server basehttp: "GET /utilities/ HTTP/1.1" 200 9605
[2026-09-25 21:06:47,479] WARNING django.server basehttp: "GET /apple-touch-icon-precomposed.png HTTP/1.1" 404 5219
[2026-09-25 21:06:47,490] WARNING django.server basehttp: "GET /apple-touch-icon.png HTTP/1.1" 404 5183
[2026-09-25 21:06:47,503] WARNING django.server basehttp: "GET /favicon.ico HTTP/1.1" 404 5156
[2026-09-25 21:06:47,602] WARNING django.server basehttp: "GET /apple-touch-icon-precomposed.png HTTP/1.1" 404 5219
[2026-09-25 21:06:47,729] WARNING django.server basehttp: "GET /apple-touch-icon.png HTTP/1.1" 404 5183
[2026-09-25 21:06:47,854] WARNING django.server basehttp: "GET /favicon.ico HTTP/1.1" 404 5156
[2026-09-25 21:12:48,988] INFO django.server basehttp: "GET /utilities/engineering/saturation-temp/ HTTP/1.1" 200 37721
[2026-09-25 21:12:49,175] INFO django.server basehttp: "GET /static/css/saturation_temp_utilities.css HTTP/1.1" 200 17282
[2026-09-25 21:12:49,210] INFO django.server basehttp: "GET /static/js/tools_saturation.js HTTP/1.1" 200 17484
[2026-09-25 21:16:18,770] INFO django.server basehttp: "GET /utilities/ HTTP/1.1" 200 12346
[2026-09-25 21:16:19,087] INFO django.server basehttp: "GET /static/css/design-system.css?v=1790345778 HTTP/1.1" 200 7762
[2026-09-25 21:16:19,089] INFO django.server basehttp: "GET /static/css/app-shell.css?v=1790345778 HTTP/1.1" 200 41269
[2026-09-25 21:16:19,466] WARNING django.server basehttp: "GET /apple-touch-icon-precomposed.png HTTP/1.1" 404 5219
[2026-09-25 21:16:19,753] WARNING django.server basehttp: "GET /apple-touch-icon.png HTTP/1.1" 404 5183
[2026-09-25 21:16:19,851] WARNING django.server basehttp: "GET /favicon.ico HTTP/1.1" 404 5156
[2026-09-25 21:16:23,651] INFO django.server basehttp: "GET /utilities/engineering/saturation-temp/ HTTP/1.1" 200 37721
[2026-09-25 21:16:23,917] INFO django.server basehttp: "GET /static/css/saturation_temp_utilities.css HTTP/1.1" 200 17282
[2026-09-25 21:16:23,925] INFO django.server basehttp: "GET /static/js/tools_saturation.js HTTP/1.1" 200 17484
[2026-09-25 21:25:31,228] INFO django.server basehttp: "GET /utilities/engineering/saturation-temp/ HTTP/1.1" 200 28608
[2026-09-25 21:25:31,415] INFO django.server basehttp: "GET /static/css/ph_diagram.css?v=1 HTTP/1.1" 200 928
[2026-09-25 21:25:31,418] INFO django.server basehttp: "GET /static/css/saturation_temp_utilities.css HTTP/1.1" 304 0
[2026-09-25 21:25:31,454] INFO django.server basehttp: "GET /static/js/ph_diagram.js?v=1 HTTP/1.1" 200 8477
[2026-09-25 21:25:31,454] INFO django.server basehttp: "GET /static/js/tools_saturation.js?v=2 HTTP/1.1" 200 12550
[2026-09-25 21:25:33,998] INFO django.server basehttp: "GET /utilities/engineering/saturation-temp/data/?refrigerant=R32&gauge=ADD_GAUGE&high_pressure=2.5&low_pressure=0.9&high_temperature=23.1&low_temperature=5.2&suction=15&discharge=80&liquid=35 HTTP/1.1" 200 14661
[2026-09-25 21:27:50,936] INFO django.server basehttp: "GET /utilities/engineering/saturation-temp/ HTTP/1.1" 200 28696
[2026-09-25 21:27:50,984] INFO django.server basehttp: "GET /static/css/saturation_temp_utilities.css HTTP/1.1" 304 0
[2026-09-25 21:27:50,987] INFO django.server basehttp: "GET /static/css/ph_diagram.css?v=1 HTTP/1.1" 304 0
[2026-09-25 21:27:51,001] INFO django.server basehttp: "GET /static/js/tools_saturation.js?v=2 HTTP/1.1" 200 12526
[2026-09-25 21:27:51,001] INFO django.server basehttp: "GET /static/js/ph_diagram.js?v=1 HTTP/1.1" 200 8738
[2026-09-25 21:27:53,327] INFO django.server basehttp: "GET /utilities/engineering/saturation-temp/data/?refrigerant=R32&gauge=ADD_GAUGE&high_pressure=2.5&low_pressure=0.9&high_temperature=23.1&low_temperature=5.2&suction=15&discharge=80&liquid=35 HTTP/1.1" 200 13616
[2026-09-25 21:33:02,568] INFO django.server basehttp: "GET /utilities/engineering/saturation-temp/ HTTP/1.1" 200 28696
[2026-09-25 21:33:02,808] INFO django.server basehttp: "GET /static/css/saturation_temp_utilities.css HTTP/1.1" 304 0
[2026-09-25 21:33:02,815] INFO django.server basehttp: "GET /static/css/ph_diagram.css?v=1 HTTP/1.1" 200 928
[2026-09-25 21:33:02,818] INFO django.server basehttp: "GET /static/js/ph_diagram.js?v=1 HTTP/1.1" 200 8738
[2026-09-25 21:33:02,822] INFO django.server basehttp: "GET /static/js/tools_saturation.js?v=2 HTTP/1.1" 200 12526
[2026-09-25 21:33:03,101] INFO django.server basehttp: "GET /utilities/engineering/saturation-temp/data/?refrigerant=R32&gauge=ADD_GAUGE&high_pressure=2.5&low_pressure=0.9&high_temperature=23.1&low_temperature=5.2&suction=15&discharge=80&liquid=35 HTTP/1.1" 200 13616
[2026-09-25 21:33:11,316] INFO django.server basehttp: "GET /utilities/engineering/saturation-temp/data/?refrigerant=R32&gauge=NOT_GAUGE&high_pressure=2.5&low_pressure=0.9&high_temperature=23.1&low_temperature=5.2&suction=11.5&discharge=38.6&liquid=25.1 HTTP/1.1" 200 13550
[2026-09-25 21:33:13,259] INFO django.server basehttp: "GET /utilities/engineering/saturation-temp/data/?refrigerant=R32&gauge=ADD_GAUGE&high_pressure=2.511&low_pressure=1.283&high_temperature=23.1&low_temperature=5.2&suction=18.8&discharge=59.8&liquid=39.4 HTTP/1.1" 200 13625
[2026-09-25 21:33:15,054] INFO django.server basehttp: "GET /utilities/engineering/saturation-temp/data/?refrigerant=R32&gauge=NOT_GAUGE&high_pressure=2.511&low_pressure=1.283&high_temperature=23.1&low_temperature=5.2&suction=11.5&discharge=38.6&liquid=25.1 HTTP/1.1" 200 13550
[2026-09-25 21:33:22,853] INFO django.server basehttp: "GET /utilities/engineering/saturation-temp/data/?refrigerant=R32&gauge=NOT_GAUGE&high_pressure=2.511&low_pressure=1.283&high_temperature=48.4&low_temperature=19.5&suction=19.3&discharge=58.7&liquid=49.2 HTTP/1.1" 200 13701
[2026-09-25 21:33:24,151] INFO django.server basehttp: "GET /utilities/engineering/saturation-temp/data/?refrigerant=R32&gauge=NOT_GAUGE&high_pressure=2.511&low_pressure=1.283&high_temperature=23.1&low_temperature=5.2&suction=11.5&discharge=38.6&liquid=25.1 HTTP/1.1" 200 13550
[2026-09-25 21:33:24,960] INFO django.server basehttp: "GET /utilities/engineering/saturation-temp/data/?refrigerant=R32&gauge=NOT_GAUGE&high_pressure=2.511&low_pressure=1.283&high_temperature=48.4&low_temperature=19.5&suction=19.3&discharge=58.7&liquid=49.2 HTTP/1.1" 200 13701
[2026-09-25 21:33:29,209] INFO django.server basehttp: "GET /utilities/engineering/saturation-temp/data/?refrigerant=R410A&gauge=NOT_GAUGE&high_pressure=2.511&low_pressure=1.283&high_temperature=48.4&low_temperature=19.5&suction=19.3&discharge=58.7&liquid=49.2 HTTP/1.1" 200 13697
[2026-09-25 21:33:31,809] INFO django.server basehttp: "GET /utilities/engineering/saturation-temp/data/?refrigerant=R454B&gauge=NOT_GAUGE&high_pressure=2.511&low_pressure=1.283&high_temperature=48.4&low_temperature=19.5&suction=19.3&discharge=58.7&liquid=49.2 HTTP/1.1" 200 4875
[2026-09-25 21:33:36,691] INFO django.server basehttp: "GET /utilities/engineering/saturation-temp/data/?refrigerant=R32&gauge=NOT_GAUGE&high_pressure=2.511&low_pressure=1.283&high_temperature=48.4&low_temperature=19.5&suction=19.3&discharge=58.7&liquid=49.2 HTTP/1.1" 200 13701
[2026-09-25 21:34:27,944] INFO django.server basehttp: "GET /utilities/engineering/saturation-temp/data/?refrigerant=R32&gauge=ADD_GAUGE&high_pressure=2.5&low_pressure=0.9&high_temperature=23.1&low_temperature=5.2&suction=15&discharge=80&liquid=35 HTTP/1.1" 200 13616
[2026-09-25 21:34:29,389] INFO django.server basehttp: "GET /utilities/engineering/saturation-temp/data/?refrigerant=R32&gauge=ADD_GAUGE&high_pressure=2.5&low_pressure=0.9&high_temperature=23.1&low_temperature=5.2&suction=15&discharge=80&liquid=35 HTTP/1.1" 200 13616
[2026-09-25 21:34:30,063] INFO django.server basehttp: "GET /utilities/engineering/saturation-temp/data/?refrigerant=R32&gauge=ADD_GAUGE&high_pressure=2.5&low_pressure=0.9&high_temperature=23.1&low_temperature=5.2&suction=15&discharge=80&liquid=35 HTTP/1.1" 200 13616
[2026-09-25 21:34:30,526] INFO django.server basehttp: "GET /utilities/engineering/saturation-temp/data/?refrigerant=R32&gauge=ADD_GAUGE&high_pressure=2.5&low_pressure=0.9&high_temperature=23.1&low_temperature=5.2&suction=15&discharge=80&liquid=35 HTTP/1.1" 200 13616
[2026-09-25 21:34:30,902] INFO django.server basehttp: "GET /utilities/engineering/saturation-temp/data/?refrigerant=R32&gauge=ADD_GAUGE&high_pressure=2.5&low_pressure=0.9&high_temperature=23.1&low_temperature=5.2&suction=15&discharge=80&liquid=35 HTTP/1.1" 200 13616
[2026-09-25 21:34:31,555] INFO django.server basehttp: "GET /utilities/engineering/saturation-temp/data/?refrigerant=R32&gauge=ADD_GAUGE&high_pressure=2.5&low_pressure=0.9&high_temperature=23.1&low_temperature=5.2&suction=15&discharge=80&liquid=35 HTTP/1.1" 200 13616
[2026-09-25 21:34:31,989] INFO django.server basehttp: "GET /utilities/engineering/saturation-temp/data/?refrigerant=R32&gauge=ADD_GAUGE&high_pressure=2.5&low_pressure=0.9&high_temperature=23.1&low_temperature=5.2&suction=15&discharge=80&liquid=35 HTTP/1.1" 200 13616
[2026-09-25 21:34:32,244] INFO django.server basehttp: "GET /utilities/engineering/saturation-temp/data/?refrigerant=R32&gauge=ADD_GAUGE&high_pressure=2.5&low_pressure=0.9&high_temperature=23.1&low_temperature=5.2&suction=15&discharge=80&liquid=35 HTTP/1.1" 200 13616
[2026-09-25 21:34:32,920] INFO django.server basehttp: "GET /utilities/engineering/saturation-temp/data/?refrigerant=R32&gauge=ADD_GAUGE&high_pressure=2.5&low_pressure=0.9&high_temperature=23.1&low_temperature=5.2&suction=15&discharge=80&liquid=35 HTTP/1.1" 200 13616
[2026-09-25 21:34:33,750] INFO django.server basehttp: "GET /utilities/engineering/saturation-temp/data/?refrigerant=R32&gauge=ADD_GAUGE&high_pressure=2.5&low_pressure=0.9&high_temperature=23.1&low_temperature=5.2&suction=15&discharge=80&liquid=35 HTTP/1.1" 200 13616
[2026-09-25 21:34:34,610] INFO django.server basehttp: "GET /utilities/engineering/saturation-temp/data/?refrigerant=R32&gauge=NOT_GAUGE&high_pressure=2.5&low_pressure=0.9&high_temperature=23.1&low_temperature=5.2&suction=15&discharge=80&liquid=35 HTTP/1.1" 200 13550
[2026-09-25 21:34:35,769] INFO django.server basehttp: "GET /utilities/engineering/saturation-temp/data/?refrigerant=R32&gauge=ADD_GAUGE&high_pressure=2.5&low_pressure=0.9&high_temperature=23.1&low_temperature=5.2&suction=15&discharge=80&liquid=35 HTTP/1.1" 200 13616
[2026-09-25 21:34:36,661] INFO django.server basehttp: "GET /utilities/engineering/saturation-temp/data/?refrigerant=R32&gauge=ADD_GAUGE&high_pressure=2.5&low_pressure=0.9&high_temperature=23.1&low_temperature=5.2&suction=15&discharge=80&liquid=35 HTTP/1.1" 200 13616
[2026-09-25 21:34:37,578] INFO django.server basehttp: "GET /utilities/engineering/saturation-temp/data/?refrigerant=R32&gauge=NOT_GAUGE&high_pressure=2.5&low_pressure=0.9&high_temperature=23.1&low_temperature=5.2&suction=15&discharge=80&liquid=35 HTTP/1.1" 200 13550
[2026-09-25 21:34:38,300] INFO django.server basehttp: "GET /utilities/ HTTP/1.1" 200 12346
[2026-09-25 21:34:38,371] INFO django.server basehttp: "GET /static/css/design-system.css?v=1790346878 HTTP/1.1" 200 7762
[2026-09-25 21:34:38,375] INFO django.server basehttp: "GET /static/css/app-shell.css?v=1790346878 HTTP/1.1" 200 41269
[2026-09-25 21:34:41,146] INFO django.server basehttp: "GET /utilities/engineering/saturation-temp/ HTTP/1.1" 200 28696
[2026-09-25 21:34:41,150] INFO django.server basehttp: "GET /static/js/tools_saturation.js HTTP/1.1" 200 12526
[2026-09-25 21:34:41,165] INFO django.server basehttp: "GET /static/css/ph_diagram.css?v=1 HTTP/1.1" 304 0
[2026-09-25 21:34:41,169] INFO django.server basehttp: "GET /static/js/ph_diagram.js?v=1 HTTP/1.1" 304 0
[2026-09-25 21:34:41,172] INFO django.server basehttp: "GET /static/js/tools_saturation.js?v=2 HTTP/1.1" 304 0
[2026-09-25 21:34:41,455] INFO django.server basehttp: "GET /utilities/engineering/saturation-temp/data/?refrigerant=R32&gauge=ADD_GAUGE&high_pressure=2.5&low_pressure=0.9&high_temperature=23.1&low_temperature=5.2&suction=15&discharge=80&liquid=35 HTTP/1.1" 200 13616
[2026-09-25 21:34:43,486] INFO django.server basehttp: "GET /utilities/engineering/saturation-temp/data/?refrigerant=R32&gauge=NOT_GAUGE&high_pressure=2.5&low_pressure=0.9&high_temperature=23.1&low_temperature=5.2&suction=15&discharge=80&liquid=35 HTTP/1.1" 200 13550
[2026-09-25 21:34:45,435] INFO django.server basehttp: "GET /utilities/engineering/saturation-temp/data/?refrigerant=R32&gauge=ADD_GAUGE&high_pressure=2.511&low_pressure=1.283&high_temperature=23.1&low_temperature=5.2&suction=18.8&discharge=59.8&liquid=39.4 HTTP/1.1" 200 13625
[2026-09-25 21:34:45,951] INFO django.server basehttp: "GET /utilities/engineering/saturation-temp/data/?refrigerant=R32&gauge=NOT_GAUGE&high_pressure=2.511&low_pressure=1.283&high_temperature=23.1&low_temperature=5.2&suction=11.5&discharge=38.6&liquid=25.1 HTTP/1.1" 200 13550
[2026-09-25 21:34:46,366] INFO django.server basehttp: "GET /utilities/engineering/saturation-temp/data/?refrigerant=R32&gauge=ADD_GAUGE&high_pressure=2.511&low_pressure=1.283&high_temperature=23.1&low_temperature=5.2&suction=18.8&discharge=59.8&liquid=39.4 HTTP/1.1" 200 13625
[2026-09-25 21:34:46,807] INFO django.server basehttp: "GET /utilities/engineering/saturation-temp/data/?refrigerant=R32&gauge=NOT_GAUGE&high_pressure=2.511&low_pressure=1.283&high_temperature=23.1&low_temperature=5.2&suction=11.5&discharge=38.6&liquid=25.1 HTTP/1.1" 200 13550
[2026-09-25 21:34:47,174] INFO django.server basehttp: "GET /utilities/engineering/saturation-temp/data/?refrigerant=R32&gauge=ADD_GAUGE&high_pressure=2.511&low_pressure=1.283&high_temperature=23.1&low_temperature=5.2&suction=18.8&discharge=59.8&liquid=39.4 HTTP/1.1" 200 13625
[2026-09-25 21:34:47,926] INFO django.server basehttp: "GET /utilities/engineering/saturation-temp/data/?refrigerant=R32&gauge=NOT_GAUGE&high_pressure=2.511&low_pressure=1.283&high_temperature=23.1&low_temperature=5.2&suction=11.5&discharge=38.6&liquid=25.1 HTTP/1.1" 200 13550
[2026-09-25 21:34:48,481] INFO django.server basehttp: "GET /utilities/engineering/saturation-temp/data/?refrigerant=R32&gauge=ADD_GAUGE&high_pressure=2.511&low_pressure=1.283&high_temperature=23.1&low_temperature=5.2&suction=18.8&discharge=59.8&liquid=39.4 HTTP/1.1" 200 13625
[2026-09-25 21:34:48,958] INFO django.server basehttp: "GET /utilities/engineering/saturation-temp/data/?refrigerant=R32&gauge=NOT_GAUGE&high_pressure=2.511&low_pressure=1.283&high_temperature=23.1&low_temperature=5.2&suction=11.5&discharge=38.6&liquid=25.1 HTTP/1.1" 200 13550
[2026-09-25 21:56:55,718] INFO django.server basehttp: "GET /utilities/engineering/saturation-temp/data/?refrigerant=R32&gauge=ADD_GAUGE&high_pressure=2.511&low_pressure=1.283&high_temperature=23.1&low_temperature=5.2&suction=11.5&discharge=38.6&liquid=25.1 HTTP/1.1" 200 13620
[2026-09-25 21:56:56,126] INFO django.server basehttp: "GET /utilities/engineering/saturation-temp/data/?refrigerant=R32&gauge=NOT_GAUGE&high_pressure=2.511&low_pressure=1.283&high_temperature=23.1&low_temperature=5.2&suction=11.5&discharge=38.6&liquid=25.1 HTTP/1.1" 200 13550
[2026-09-25 21:56:56,454] INFO django.server basehttp: "GET /utilities/engineering/saturation-temp/data/?refrigerant=R32&gauge=ADD_GAUGE&high_pressure=2.511&low_pressure=1.283&high_temperature=23.1&low_temperature=5.2&suction=11.5&discharge=38.6&liquid=25.1 HTTP/1.1" 200 13620
[2026-09-25 21:56:58,655] INFO django.server basehttp: "GET /utilities/engineering/saturation-temp/data/?refrigerant=R32&gauge=NOT_GAUGE&high_pressure=2.511&low_pressure=1.283&high_temperature=23.1&low_temperature=5.2&suction=11.5&discharge=38.6&liquid=25.1 HTTP/1.1" 200 13550
[2026-09-25 21:56:59,156] INFO django.server basehttp: "GET /utilities/engineering/saturation-temp/data/?refrigerant=R32&gauge=ADD_GAUGE&high_pressure=2.511&low_pressure=1.283&high_temperature=23.1&low_temperature=5.2&suction=11.5&discharge=38.6&liquid=25.1 HTTP/1.1" 200 13620
[2026-09-25 21:56:59,559] INFO django.server basehttp: "GET /utilities/engineering/saturation-temp/data/?refrigerant=R32&gauge=NOT_GAUGE&high_pressure=2.511&low_pressure=1.283&high_temperature=23.1&low_temperature=5.2&suction=11.5&discharge=38.6&liquid=25.1 HTTP/1.1" 200 13550
[2026-09-25 21:57:00,003] INFO django.server basehttp: "GET /utilities/engineering/saturation-temp/data/?refrigerant=R32&gauge=ADD_GAUGE&high_pressure=2.511&low_pressure=1.283&high_temperature=23.1&low_temperature=5.2&suction=11.5&discharge=38.6&liquid=25.1 HTTP/1.1" 200 13620
[2026-09-25 21:57:00,843] INFO django.server basehttp: "GET /utilities/engineering/saturation-temp/data/?refrigerant=R32&gauge=NOT_GAUGE&high_pressure=2.511&low_pressure=1.283&high_temperature=23.1&low_temperature=5.2&suction=11.5&discharge=38.6&liquid=25.1 HTTP/1.1" 200 13550
[2026-09-26 15:34:11,885] INFO django.server basehttp: "GET /utilities/engineering/saturation-temp/data/?refrigerant=R32&gauge=ADD_GAUGE&high_pressure=2.5&low_pressure=0.9&suction=15&discharge=80&liquid=35&high_temperature=0&low_temperature=0 HTTP/1.1" 200 13616
[2026-09-26 15:34:23,625] INFO django.server basehttp: "GET /utilities/engineering/saturation-temp/ HTTP/1.1" 200 28696
[2026-09-26 15:34:23,631] INFO django.server basehttp: "GET /static/css/saturation_temp_utilities.css HTTP/1.1" 304 0
[2026-09-26 15:34:24,319] INFO django.server basehttp: "GET /static/js/ph_diagram.js?v=1 HTTP/1.1" 304 0
[2026-09-26 15:34:24,319] INFO django.server basehttp: "GET /static/css/ph_diagram.css?v=1 HTTP/1.1" 200 928
[2026-09-26 15:34:24,320] INFO django.server basehttp: "GET /static/js/tools_saturation.js?v=2 HTTP/1.1" 200 12526
[2026-09-26 15:34:24,563] INFO django.server basehttp: "GET /utilities/engineering/saturation-temp/data/?refrigerant=R32&gauge=ADD_GAUGE&high_pressure=2.5&low_pressure=0.9&high_temperature=23.1&low_temperature=5.2&suction=15&discharge=80&liquid=35 HTTP/1.1" 200 13616
[2026-09-26 16:32:10,768] INFO django.server basehttp: "GET /utilities/engineering/saturation-temp/data/?refrigerant=R32&gauge=NOT_GAUGE&high_pressure=2.5&low_pressure=0.9&high_temperature=23.1&low_temperature=5.2&suction=15&discharge=80&liquid=35 HTTP/1.1" 200 13550
[2026-09-26 16:32:11,790] INFO django.server basehttp: "GET /utilities/engineering/saturation-temp/data/?refrigerant=R32&gauge=ADD_GAUGE&high_pressure=2.5&low_pressure=0.9&high_temperature=23.1&low_temperature=5.2&suction=15&discharge=80&liquid=35 HTTP/1.1" 200 13616
[2026-09-26 16:32:13,202] INFO django.server basehttp: "GET /utilities/engineering/saturation-temp/data/?refrigerant=R32&gauge=NOT_GAUGE&high_pressure=2.5&low_pressure=0.9&high_temperature=23.1&low_temperature=5.2&suction=15&discharge=80&liquid=35 HTTP/1.1" 200 13550
[2026-09-26 16:37:06,910] INFO django.server basehttp: "GET /utilities/engineering/saturation-temp/data/?refrigerant=R32&gauge=NOT_GAUGE&high_pressure=2.5&low_pressure=0.9&high_temperature=23.1&low_temperature=5.2&suction=11.5&discharge=38.6&liquid=25.1 HTTP/1.1" 200 13550
[2026-09-26 16:37:07,758] INFO django.server basehttp: "GET /utilities/engineering/saturation-temp/data/?refrigerant=R32&gauge=ADD_GAUGE&high_pressure=2.511&low_pressure=1.283&high_temperature=23.1&low_temperature=5.2&suction=18.8&discharge=59.8&liquid=39.4 HTTP/1.1" 200 13625
[2026-09-26 16:37:09,588] INFO django.server basehttp: "GET /utilities/engineering/saturation-temp/data/?refrigerant=R32&gauge=NOT_GAUGE&high_pressure=2.511&low_pressure=1.283&high_temperature=23.1&low_temperature=5.2&suction=18.8&discharge=59.8&liquid=39.4 HTTP/1.1" 200 13550
[2026-09-26 16:37:10,614] INFO django.server basehttp: "GET /utilities/engineering/saturation-temp/data/?refrigerant=R32&gauge=ADD_GAUGE&high_pressure=2.511&low_pressure=1.283&high_temperature=23.1&low_temperature=5.2&suction=18.8&discharge=59.8&liquid=39.4 HTTP/1.1" 200 13625
[2026-09-26 16:38:34,626] INFO django.server basehttp: "GET /utilities/engineering/saturation-temp/data/?refrigerant=R32&gauge=NOT_GAUGE&high_pressure=2.511&low_pressure=1.283&high_temperature=23.1&low_temperature=5.2&suction=18.8&discharge=59.8&liquid=39.4 HTTP/1.1" 200 13550
[2026-09-26 16:38:35,442] INFO django.server basehttp: "GET /utilities/engineering/saturation-temp/data/?refrigerant=R32&gauge=ADD_GAUGE&high_pressure=2.511&low_pressure=1.283&high_temperature=23.1&low_temperature=5.2&suction=18.8&discharge=59.8&liquid=39.4 HTTP/1.1" 200 13625
[2026-09-26 16:38:38,470] INFO django.server basehttp: "GET /utilities/engineering/saturation-temp/data/?refrigerant=R32&gauge=NOT_GAUGE&high_pressure=2.511&low_pressure=1.283&high_temperature=23.1&low_temperature=5.2&suction=18.8&discharge=59.8&liquid=39.4 HTTP/1.1" 200 13550
[2026-09-26 16:38:39,015] INFO django.server basehttp: "GET /utilities/engineering/saturation-temp/data/?refrigerant=R32&gauge=ADD_GAUGE&high_pressure=2.511&low_pressure=1.283&high_temperature=23.1&low_temperature=5.2&suction=18.8&discharge=59.8&liquid=39.4 HTTP/1.1" 200 13625
[2026-09-26 16:39:32,226] INFO django.server basehttp: "GET /utilities/engineering/saturation-temp/data/?refrigerant=R410A&gauge=ADD_GAUGE&high_pressure=2.511&low_pressure=1.283&high_temperature=23.1&low_temperature=5.2&suction=18.8&discharge=59.8&liquid=39.4 HTTP/1.1" 200 13620
[2026-09-26 16:39:37,402] INFO django.server basehttp: "GET /utilities/engineering/saturation-temp/data/?refrigerant=R290&gauge=ADD_GAUGE&high_pressure=2.511&low_pressure=1.283&high_temperature=23.1&low_temperature=5.2&suction=18.8&discharge=59.8&liquid=39.4 HTTP/1.1" 200 13593
[2026-09-26 16:39:38,862] INFO django.server basehttp: "GET /utilities/engineering/saturation-temp/data/?refrigerant=R290&gauge=NOT_GAUGE&high_pressure=2.511&low_pressure=1.283&high_temperature=23.1&low_temperature=5.2&suction=18.8&discharge=59.8&liquid=39.4 HTTP/1.1" 200 13533
[2026-09-26 16:39:46,527] INFO django.server basehttp: "GET /utilities/engineering/saturation-temp/data/?refrigerant=R32&gauge=NOT_GAUGE&high_pressure=2.511&low_pressure=1.283&high_temperature=23.1&low_temperature=5.2&suction=18.8&discharge=59.8&liquid=39.4 HTTP/1.1" 200 13550
[2026-09-26 16:39:49,654] INFO django.server basehttp: "GET /utilities/engineering/saturation-temp/data/?refrigerant=R32&gauge=ADD_GAUGE&high_pressure=2.511&low_pressure=1.283&high_temperature=23.1&low_temperature=5.2&suction=18.8&discharge=59.8&liquid=39.4 HTTP/1.1" 200 13625
[2026-09-26 16:39:52,447] INFO django.server basehttp: "GET /utilities/engineering/saturation-temp/data/?refrigerant=R32&gauge=NOT_GAUGE&high_pressure=2.511&low_pressure=1.283&high_temperature=23.1&low_temperature=5.2&suction=18.8&discharge=59.8&liquid=39.4 HTTP/1.1" 200 13550
[2026-09-26 16:39:57,417] INFO django.server basehttp: "GET /utilities/engineering/saturation-temp/data/?refrigerant=R32&gauge=NOT_GAUGE&high_pressure=2.511&low_pressure=1.283&high_temperature=48.4&low_temperature=19.5&suction=-6.6&discharge=56.1&liquid=25 HTTP/1.1" 200 13441
[2026-09-26 16:39:58,408] INFO django.server basehttp: "GET /utilities/engineering/saturation-temp/data/?refrigerant=R32&gauge=NOT_GAUGE&high_pressure=2.511&low_pressure=1.283&high_temperature=23.1&low_temperature=5.2&suction=18.8&discharge=59.8&liquid=39.4 HTTP/1.1" 200 13550
[2026-09-26 16:40:00,017] INFO django.server basehttp: "GET /utilities/engineering/saturation-temp/data/?refrigerant=R32&gauge=ADD_GAUGE&high_pressure=2.511&low_pressure=1.283&high_temperature=23.1&low_temperature=5.2&suction=18.8&discharge=59.8&liquid=39.4 HTTP/1.1" 200 13625
[2026-09-26 16:40:07,221] INFO django.server basehttp: "GET /utilities/engineering/saturation-temp/data/?refrigerant=R32&gauge=NOT_GAUGE&high_pressure=2.511&low_pressure=1.283&high_temperature=23.1&low_temperature=5.2&suction=18.8&discharge=59.8&liquid=39.4 HTTP/1.1" 200 13550
[2026-09-26 16:40:28,372] INFO django.server basehttp: "GET /utilities/ HTTP/1.1" 200 10054
[2026-09-26 16:40:28,539] INFO django.server basehttp: "GET /static/css/design-system.css?v=1790415628 HTTP/1.1" 200 7762
[2026-09-26 16:40:28,546] INFO django.server basehttp: "GET /media/tools/icons/image_21.png HTTP/1.1" 304 0
[2026-09-26 16:40:28,547] INFO django.server basehttp: "GET /media/tools/icons/image_10.png HTTP/1.1" 304 0
[2026-09-26 16:40:28,547] INFO django.server basehttp: "GET /media/tools/icons/image_9.png HTTP/1.1" 304 0
[2026-09-26 16:40:28,548] INFO django.server basehttp: "GET /media/tools/icons/image_6.png HTTP/1.1" 304 0
[2026-09-26 16:40:28,550] INFO django.server basehttp: "GET /media/tools/icons/image_17.png HTTP/1.1" 304 0
[2026-09-26 16:40:28,550] INFO django.server basehttp: "GET /media/tools/icons/image_18.png HTTP/1.1" 304 0
[2026-09-26 16:40:28,550] INFO django.server basehttp: "GET /media/tools/icons/image_11.png HTTP/1.1" 304 0
[2026-09-26 16:40:28,552] INFO django.server basehttp: "GET /static/css/app-shell.css?v=1790415628 HTTP/1.1" 200 41269
[2026-09-26 16:40:28,554] INFO django.server basehttp: "GET /media/modules/processed/Tool2.gif HTTP/1.1" 304 0
[2026-09-26 16:40:28,555] INFO django.server basehttp: "GET /media/tools/icons/image_20.png HTTP/1.1" 304 0
[2026-09-26 16:40:28,555] INFO django.server basehttp: "GET /media/tools/icons/image_15.png HTTP/1.1" 304 0
[2026-09-26 16:40:28,556] INFO django.server basehttp: "GET /media/tools/icons/image_16.png HTTP/1.1" 304 0
[2026-09-26 16:40:28,559] INFO django.server basehttp: "GET /media/tools/icons/image_13.png HTTP/1.1" 304 0
[2026-09-26 16:40:28,564] INFO django.server basehttp: "GET /media/tools/icons/image_7.png HTTP/1.1" 200 5704
[2026-09-26 16:40:28,570] INFO django.server basehttp: "GET /media/tools/icons/image_8.png HTTP/1.1" 200 4156
[2026-09-26 16:40:28,571] INFO django.server basehttp: "GET /media/tools/icons/image_12.png HTTP/1.1" 200 5376
[2026-09-26 16:40:28,575] INFO django.server basehttp: "GET /media/tools/icons/image_19.png HTTP/1.1" 200 6647
[2026-09-26 16:40:28,575] INFO django.server basehttp: "GET /media/tools/icons/image_14.png HTTP/1.1" 200 4998
[2026-09-26 16:40:31,879] INFO django.server basehttp: "GET /utilities/engineering/saturation-temp/ HTTP/1.1" 200 28696
[2026-09-26 16:40:32,180] INFO django.server basehttp: "GET /utilities/engineering/saturation-temp/data/?refrigerant=R32&gauge=ADD_GAUGE&high_pressure=2.5&low_pressure=0.9&high_temperature=23.1&low_temperature=5.2&suction=15&discharge=80&liquid=35 HTTP/1.1" 200 13616
[2026-09-26 16:40:42,436] INFO django.server basehttp: "GET /utilities/engineering/saturation-temp/data/?refrigerant=R32&gauge=ADD_GAUGE&high_pressure=2.5&low_pressure=0.9&high_temperature=23.1&low_temperature=5.2&suction=15&discharge=80&liquid=37.5 HTTP/1.1" 200 13614
[2026-09-26 16:40:44,236] INFO django.server basehttp: "GET /utilities/engineering/saturation-temp/data/?refrigerant=R32&gauge=ADD_GAUGE&high_pressure=2.5&low_pressure=0.9&high_temperature=23.1&low_temperature=5.2&suction=15&discharge=80&liquid=19.5 HTTP/1.1" 200 13616
[2026-09-26 16:40:44,535] INFO django.server basehttp: "GET /utilities/engineering/saturation-temp/data/?refrigerant=R32&gauge=ADD_GAUGE&high_pressure=2.5&low_pressure=0.9&high_temperature=23.1&low_temperature=5.2&suction=15&discharge=80&liquid=35 HTTP/1.1" 200 13616
[2026-09-26 16:40:46,405] INFO django.server basehttp: "GET /utilities/engineering/saturation-temp/data/?refrigerant=R32&gauge=ADD_GAUGE&high_pressure=2.5&low_pressure=0.9&high_temperature=23.1&low_temperature=5.2&suction=15&discharge=80&liquid=47.5 HTTP/1.1" 200 13504
[2026-09-26 16:40:48,526] INFO django.server basehttp: "GET /utilities/engineering/saturation-temp/data/?refrigerant=R32&gauge=ADD_GAUGE&high_pressure=2.5&low_pressure=0.9&high_temperature=23.1&low_temperature=5.2&suction=15&discharge=80&liquid=35 HTTP/1.1" 200 13616
[2026-09-26 16:40:49,252] INFO django.server basehttp: "GET /utilities/engineering/saturation-temp/data/?refrigerant=R32&gauge=ADD_GAUGE&high_pressure=2.5&low_pressure=0.9&high_temperature=23.1&low_temperature=5.2&suction=15&discharge=80&liquid=19.5 HTTP/1.1" 200 13616
[2026-09-26 16:40:49,254] INFO django.server basehttp: - Broken pipe from ('127.0.0.1', 49549)
[2026-09-26 16:40:49,491] INFO django.server basehttp: "GET /utilities/engineering/saturation-temp/data/?refrigerant=R32&gauge=ADD_GAUGE&high_pressure=2.5&low_pressure=0.9&high_temperature=23.1&low_temperature=5.2&suction=15&discharge=80&liquid=37.5 HTTP/1.1" 200 13614
[2026-09-26 16:40:57,022] INFO django.server basehttp: "GET /utilities/engineering/saturation-temp/data/?refrigerant=R32&gauge=ADD_GAUGE&high_pressure=2.5&low_pressure=0.9&high_temperature=23.1&low_temperature=5.2&suction=15&discharge=80&liquid=39 HTTP/1.1" 200 13616
[2026-09-26 16:41:04,300] INFO django.server basehttp: "GET /utilities/engineering/saturation-temp/data/?refrigerant=R32&gauge=ADD_GAUGE&high_pressure=2.5&low_pressure=0.9&high_temperature=23.1&low_temperature=5.2&suction=15&discharge=80&liquid=39 HTTP/1.1" 200 13616
[2026-09-26 16:41:04,594] INFO django.server basehttp: "GET /utilities/engineering/saturation-temp/data/?refrigerant=R32&gauge=ADD_GAUGE&high_pressure=2.5&low_pressure=0.9&high_temperature=23.1&low_temperature=5.2&suction=15&discharge=80&liquid=39.2 HTTP/1.1" 200 13614
[2026-09-26 16:41:41,131] INFO django.server basehttp: "HEAD /utilities/engineering/saturation-temp/ HTTP/1.1" 200 0
[2026-09-26 16:41:49,391] INFO django.server basehttp: "GET /utilities/engineering/saturation-temp/ HTTP/1.1" 200 28696
[2026-09-26 16:41:49,903] INFO django.server basehttp: "GET /static/css/ph_diagram.css?v=1 HTTP/1.1" 200 4025
[2026-09-26 16:41:49,904] INFO django.server basehttp: "GET /static/css/saturation_temp_utilities.css HTTP/1.1" 304 0
[2026-09-26 16:41:49,920] INFO django.server basehttp: "GET /static/js/tools_saturation.js?v=2 HTTP/1.1" 304 0
[2026-09-26 16:41:49,920] INFO django.server basehttp: "GET /static/js/ph_diagram.js?v=1 HTTP/1.1" 304 0
[2026-09-26 16:41:50,098] WARNING django.server basehttp: "GET /favicon.ico HTTP/1.1" 404 5156
[2026-09-26 16:41:50,308] INFO django.server basehttp: "GET /utilities/engineering/saturation-temp/data/?refrigerant=R32&gauge=ADD_GAUGE&high_pressure=2.5&low_pressure=0.9&high_temperature=23.1&low_temperature=5.2&suction=15&discharge=80&liquid=35 HTTP/1.1" 200 13616
[2026-09-26 16:42:00,352] INFO django.server basehttp: "GET /utilities/engineering/saturation-temp/ HTTP/1.1" 200 28696
[2026-09-26 16:42:38,529] INFO django.server basehttp: "GET /utilities/engineering/saturation-temp/ HTTP/1.1" 200 29870
[2026-09-26 16:42:40,773] INFO django.server basehttp: "GET /utilities/engineering/saturation-temp/ HTTP/1.1" 200 29870
[2026-09-26 16:42:41,932] INFO django.server basehttp: "GET /utilities/engineering/saturation-temp/data/?refrigerant=R32&gauge=ADD_GAUGE&high_pressure=2.5&low_pressure=0.9&high_temperature=23.1&low_temperature=5.2&suction=15&discharge=80&liquid=35 HTTP/1.1" 200 13616
[2026-09-26 16:42:43,780] INFO django.server basehttp: "GET /utilities/engineering/saturation-temp/data/?refrigerant=R32&gauge=NOT_GAUGE&high_pressure=2.5&low_pressure=0.9&high_temperature=23.1&low_temperature=5.2&suction=15&discharge=80&liquid=35 HTTP/1.1" 200 13550
[2026-09-26 16:42:44,678] INFO django.server basehttp: "GET /utilities/engineering/saturation-temp/data/?refrigerant=R32&gauge=ADD_GAUGE&high_pressure=2.5&low_pressure=0.9&high_temperature=23.1&low_temperature=5.2&suction=15&discharge=80&liquid=35 HTTP/1.1" 200 13616
[2026-09-26 16:42:53,962] INFO django.server basehttp: "GET /utilities/engineering/saturation-temp/?ui=add-gauge-v2 HTTP/1.1" 200 29870
[2026-09-26 16:42:54,031] INFO django.server basehttp: "GET /static/css/ph_diagram.css?v=1 HTTP/1.1" 304 0
[2026-09-26 16:42:54,306] INFO django.server basehttp: "GET /utilities/engineering/saturation-temp/data/?refrigerant=R32&gauge=ADD_GAUGE&high_pressure=2.5&low_pressure=0.9&high_temperature=23.1&low_temperature=5.2&suction=15&discharge=80&liquid=35 HTTP/1.1" 200 13616
[2026-09-26 16:43:00,290] INFO django.server basehttp: "GET /utilities/engineering/saturation-temp/data/?refrigerant=R32&gauge=NOT_GAUGE&high_pressure=2.5&low_pressure=0.9&high_temperature=23.1&low_temperature=5.2&suction=15&discharge=80&liquid=35 HTTP/1.1" 200 13550
[2026-09-26 16:43:06,195] INFO django.server basehttp: "GET /utilities/engineering/saturation-temp/data/?refrigerant=R32&gauge=ADD_GAUGE&high_pressure=2.5&low_pressure=0.9&high_temperature=23.1&low_temperature=5.2&suction=15&discharge=80&liquid=35 HTTP/1.1" 200 13616
[2026-09-26 16:43:07,444] INFO django.server basehttp: "GET /utilities/engineering/saturation-temp/data/?refrigerant=R32&gauge=NOT_GAUGE&high_pressure=2.5&low_pressure=0.9&high_temperature=23.1&low_temperature=5.2&suction=15&discharge=80&liquid=35 HTTP/1.1" 200 13550
[2026-09-26 16:43:21,650] INFO django.server basehttp: "GET /utilities/engineering/saturation-temp/ HTTP/1.1" 200 29870
[2026-09-26 16:43:21,970] INFO django.server basehttp: "GET /utilities/engineering/saturation-temp/data/?refrigerant=R32&gauge=ADD_GAUGE&high_pressure=2.5&low_pressure=0.9&high_temperature=23.1&low_temperature=5.2&suction=15&discharge=80&liquid=35 HTTP/1.1" 200 13616
[2026-09-26 16:43:23,837] INFO django.server basehttp: "GET /utilities/engineering/saturation-temp/data/?refrigerant=R32&gauge=NOT_GAUGE&high_pressure=2.5&low_pressure=0.9&high_temperature=23.1&low_temperature=5.2&suction=15&discharge=80&liquid=35 HTTP/1.1" 200 13550
[2026-09-26 16:43:25,220] INFO django.server basehttp: "GET /utilities/engineering/saturation-temp/data/?refrigerant=R32&gauge=ADD_GAUGE&high_pressure=2.5&low_pressure=0.9&high_temperature=23.1&low_temperature=5.2&suction=15&discharge=80&liquid=35 HTTP/1.1" 200 13616
[2026-09-26 16:43:31,106] INFO django.server basehttp: "GET /utilities/engineering/saturation-temp/ HTTP/1.1" 200 29870
[2026-09-26 16:43:31,357] INFO django.server basehttp: "GET /utilities/engineering/saturation-temp/data/?refrigerant=R32&gauge=ADD_GAUGE&high_pressure=2.5&low_pressure=0.9&high_temperature=23.1&low_temperature=5.2&suction=15&discharge=80&liquid=35 HTTP/1.1" 200 13616
[2026-09-26 16:43:32,195] INFO django.server basehttp: "GET /utilities/engineering/saturation-temp/data/?refrigerant=R32&gauge=NOT_GAUGE&high_pressure=2.5&low_pressure=0.9&high_temperature=23.1&low_temperature=5.2&suction=15&discharge=80&liquid=35 HTTP/1.1" 200 13550
[2026-09-26 16:46:07,087] INFO django.server basehttp: "GET /utilities/engineering/saturation-temp/?ui=add-gauge-v3 HTTP/1.1" 200 28006
[2026-09-26 16:46:07,182] INFO django.server basehttp: "GET /static/css/ph_diagram.css?v=2 HTTP/1.1" 200 2368
[2026-09-26 16:46:08,381] INFO django.server basehttp: "GET /utilities/engineering/saturation-temp/data/?refrigerant=R32&gauge=ADD_GAUGE&high_pressure=2.5&low_pressure=0.9&high_temperature=23.1&low_temperature=5.2&suction=15&discharge=80&liquid=35 HTTP/1.1" 200 13616
[2026-09-26 16:46:14,760] INFO django.server basehttp: "GET /utilities/engineering/saturation-temp/ HTTP/1.1" 200 28006
[2026-09-26 16:46:15,167] INFO django.server basehttp: "GET /static/css/ph_diagram.css?v=2 HTTP/1.1" 200 2368
[2026-09-26 16:46:15,429] INFO django.server basehttp: "GET /utilities/engineering/saturation-temp/data/?refrigerant=R32&gauge=ADD_GAUGE&high_pressure=2.5&low_pressure=0.9&high_temperature=23.1&low_temperature=5.2&suction=15&discharge=80&liquid=35 HTTP/1.1" 200 13616
[2026-09-26 16:46:17,942] INFO django.server basehttp: "GET /utilities/engineering/saturation-temp/data/?refrigerant=R32&gauge=NOT_GAUGE&high_pressure=2.5&low_pressure=0.9&high_temperature=23.1&low_temperature=5.2&suction=15&discharge=80&liquid=35 HTTP/1.1" 200 13550
[2026-09-26 16:46:18,993] INFO django.server basehttp: "GET /utilities/engineering/saturation-temp/data/?refrigerant=R32&gauge=ADD_GAUGE&high_pressure=2.5&low_pressure=0.9&high_temperature=23.1&low_temperature=5.2&suction=15&discharge=80&liquid=35 HTTP/1.1" 200 13616
[2026-09-26 16:46:20,172] INFO django.server basehttp: "GET /utilities/engineering/saturation-temp/data/?refrigerant=R32&gauge=NOT_GAUGE&high_pressure=2.5&low_pressure=0.9&high_temperature=23.1&low_temperature=5.2&suction=15&discharge=80&liquid=35 HTTP/1.1" 200 13550
[2026-09-26 16:46:21,057] INFO django.server basehttp: "GET /utilities/engineering/saturation-temp/data/?refrigerant=R32&gauge=ADD_GAUGE&high_pressure=2.5&low_pressure=0.9&high_temperature=23.1&low_temperature=5.2&suction=15&discharge=80&liquid=35 HTTP/1.1" 200 13616
[2026-09-26 16:46:21,547] INFO django.server basehttp: "GET /utilities/engineering/saturation-temp/data/?refrigerant=R32&gauge=NOT_GAUGE&high_pressure=2.5&low_pressure=0.9&high_temperature=23.1&low_temperature=5.2&suction=15&discharge=80&liquid=35 HTTP/1.1" 200 13550
[2026-09-26 16:46:22,393] INFO django.server basehttp: "GET /utilities/engineering/saturation-temp/data/?refrigerant=R32&gauge=ADD_GAUGE&high_pressure=2.5&low_pressure=0.9&high_temperature=23.1&low_temperature=5.2&suction=15&discharge=80&liquid=35 HTTP/1.1" 200 13616
[2026-09-26 16:46:24,808] INFO django.server basehttp: "GET /utilities/engineering/saturation-temp/data/?refrigerant=R32&gauge=NOT_GAUGE&high_pressure=2.5&low_pressure=0.9&high_temperature=23.1&low_temperature=5.2&suction=15&discharge=80&liquid=35 HTTP/1.1" 200 13550
[2026-09-26 16:46:25,544] INFO django.server basehttp: "GET /utilities/engineering/saturation-temp/data/?refrigerant=R32&gauge=ADD_GAUGE&high_pressure=2.5&low_pressure=0.9&high_temperature=23.1&low_temperature=5.2&suction=15&discharge=80&liquid=35 HTTP/1.1" 200 13616
[2026-09-26 16:46:29,565] INFO django.server basehttp: "GET /utilities/engineering/saturation-temp/data/?refrigerant=R32&gauge=ADD_GAUGE&high_pressure=2.5&low_pressure=0.9&high_temperature=48.4&low_temperature=19.5&suction=15&discharge=80&liquid=35 HTTP/1.1" 200 13616
[2026-09-26 16:46:30,876] INFO django.server basehttp: "GET /utilities/engineering/saturation-temp/data/?refrigerant=R32&gauge=ADD_GAUGE&high_pressure=2.5&low_pressure=0.9&high_temperature=23.1&low_temperature=5.2&suction=15&discharge=80&liquid=35 HTTP/1.1" 200 13616
[2026-09-26 16:46:31,712] INFO django.server basehttp: "GET /utilities/engineering/saturation-temp/data/?refrigerant=R32&gauge=ADD_GAUGE&high_pressure=2.5&low_pressure=0.9&high_temperature=48.4&low_temperature=19.5&suction=15&discharge=80&liquid=35 HTTP/1.1" 200 13616
[2026-09-26 16:46:32,437] INFO django.server basehttp: "GET /utilities/engineering/saturation-temp/data/?refrigerant=R32&gauge=ADD_GAUGE&high_pressure=2.5&low_pressure=0.9&high_temperature=23.1&low_temperature=5.2&suction=15&discharge=80&liquid=35 HTTP/1.1" 200 13616
[2026-09-26 16:46:33,103] INFO django.server basehttp: "GET /utilities/engineering/saturation-temp/data/?refrigerant=R32&gauge=ADD_GAUGE&high_pressure=2.5&low_pressure=0.9&high_temperature=48.4&low_temperature=19.5&suction=15&discharge=80&liquid=35 HTTP/1.1" 200 13616
[2026-09-26 16:46:33,816] INFO django.server basehttp: "GET /utilities/engineering/saturation-temp/data/?refrigerant=R32&gauge=ADD_GAUGE&high_pressure=2.5&low_pressure=0.9&high_temperature=23.1&low_temperature=5.2&suction=15&discharge=80&liquid=35 HTTP/1.1" 200 13616
[2026-09-26 16:46:34,522] INFO django.server basehttp: "GET /utilities/engineering/saturation-temp/data/?refrigerant=R32&gauge=ADD_GAUGE&high_pressure=2.5&low_pressure=0.9&high_temperature=48.4&low_temperature=19.5&suction=15&discharge=80&liquid=35 HTTP/1.1" 200 13616
[2026-09-26 16:46:37,777] INFO django.server basehttp: "GET /utilities/engineering/saturation-temp/data/?refrigerant=R32&gauge=NOT_GAUGE&high_pressure=2.5&low_pressure=0.9&high_temperature=48.4&low_temperature=19.5&suction=15&discharge=80&liquid=35 HTTP/1.1" 200 13441
[2026-09-26 16:46:39,063] INFO django.server basehttp: "GET /utilities/engineering/saturation-temp/data/?refrigerant=R32&gauge=ADD_GAUGE&high_pressure=2.5&low_pressure=0.9&high_temperature=48.4&low_temperature=19.5&suction=15&discharge=80&liquid=35 HTTP/1.1" 200 13616
[2026-09-26 16:46:40,412] INFO django.server basehttp: "GET /utilities/engineering/saturation-temp/data/?refrigerant=R32&gauge=ADD_GAUGE&high_pressure=2.5&low_pressure=0.9&high_temperature=23.1&low_temperature=5.2&suction=15&discharge=80&liquid=35 HTTP/1.1" 200 13616
[2026-09-26 16:46:41,197] INFO django.server basehttp: "GET /utilities/engineering/saturation-temp/data/?refrigerant=R32&gauge=ADD_GAUGE&high_pressure=2.5&low_pressure=0.9&high_temperature=48.4&low_temperature=19.5&suction=15&discharge=80&liquid=35 HTTP/1.1" 200 13616
[2026-09-26 16:46:55,562] INFO django.server basehttp: "GET /utilities/engineering/saturation-temp/data/?refrigerant=R32&gauge=NOT_GAUGE&high_pressure=2.5&low_pressure=0.9&high_temperature=48.4&low_temperature=19.5&suction=15&discharge=80&liquid=35 HTTP/1.1" 200 13441
[2026-09-26 16:52:19,918] INFO django.server basehttp: "GET /utilities/engineering/saturation-temp/data/?refrigerant=R32&gauge=NOT_GAUGE&high_pressure=2.5&low_pressure=0.9&high_temperature=48.4&low_temperature=19.5&suction=15&discharge=80&liquid=35 HTTP/1.1" 200 13441
[2026-09-26 16:52:20,200] INFO django.server basehttp: "GET /utilities/engineering/saturation-temp/data/?refrigerant=R32&gauge=ADD_GAUGE&high_pressure=2.5&low_pressure=0.9&high_temperature=48.4&low_temperature=19.5&suction=15&discharge=80&liquid=35 HTTP/1.1" 200 13616
[2026-09-26 16:52:20,854] INFO django.server basehttp: "GET /utilities/engineering/saturation-temp/data/?refrigerant=R32&gauge=NOT_GAUGE&high_pressure=2.5&low_pressure=0.9&high_temperature=48.4&low_temperature=19.5&suction=15&discharge=80&liquid=35 HTTP/1.1" 200 13441
[2026-09-26 16:52:21,476] INFO django.server basehttp: "GET /utilities/engineering/saturation-temp/data/?refrigerant=R32&gauge=ADD_GAUGE&high_pressure=2.5&low_pressure=0.9&high_temperature=48.4&low_temperature=19.5&suction=15&discharge=80&liquid=35 HTTP/1.1" 200 13616
[2026-09-26 16:52:23,307] INFO django.server basehttp: "GET /utilities/engineering/saturation-temp/data/?refrigerant=R32&gauge=NOT_GAUGE&high_pressure=2.5&low_pressure=0.9&high_temperature=48.4&low_temperature=19.5&suction=15&discharge=80&liquid=35 HTTP/1.1" 200 13441
[2026-09-26 16:52:25,194] INFO django.server basehttp: "GET /utilities/engineering/saturation-temp/data/?refrigerant=R32&gauge=ADD_GAUGE&high_pressure=2.5&low_pressure=0.9&high_temperature=48.4&low_temperature=19.5&suction=15&discharge=80&liquid=35 HTTP/1.1" 200 13616
[2026-09-26 16:53:05,765] INFO django.server basehttp: "GET /utilities/engineering/saturation-temp/data/?refrigerant=R32&gauge=NOT_GAUGE&high_pressure=2.5&low_pressure=0.9&high_temperature=48.4&low_temperature=19.5&suction=15&discharge=80&liquid=35 HTTP/1.1" 200 13441
[2026-09-26 16:53:12,905] INFO django.server basehttp: "GET /utilities/engineering/saturation-temp/data/?refrigerant=R32&gauge=ADD_GAUGE&high_pressure=2.5&low_pressure=0.9&high_temperature=48.4&low_temperature=19.5&suction=15&discharge=80&liquid=35 HTTP/1.1" 200 13616
[2026-09-26 16:53:14,158] INFO django.server basehttp: "GET /utilities/engineering/saturation-temp/data/?refrigerant=R32&gauge=NOT_GAUGE&high_pressure=2.5&low_pressure=0.9&high_temperature=48.4&low_temperature=19.5&suction=15&discharge=80&liquid=35 HTTP/1.1" 200 13441
[2026-09-26 16:54:19,184] INFO django.server basehttp: "GET /utilities/engineering/saturation-temp/?check=not-gauge HTTP/1.1" 200 28006
[2026-09-26 16:54:19,278] INFO django.server basehttp: "GET /static/css/ph_diagram.css?v=2 HTTP/1.1" 304 0
[2026-09-26 16:54:19,697] INFO django.server basehttp: "GET /utilities/engineering/saturation-temp/data/?refrigerant=R32&gauge=ADD_GAUGE&high_pressure=2.5&low_pressure=0.9&high_temperature=23.1&low_temperature=5.2&suction=15&discharge=80&liquid=35 HTTP/1.1" 200 13616
[2026-09-26 16:54:23,915] INFO django.server basehttp: "GET /utilities/engineering/saturation-temp/data/?refrigerant=R32&gauge=NOT_GAUGE&high_pressure=2.5&low_pressure=0.9&high_temperature=23.1&low_temperature=5.2&suction=15&discharge=80&liquid=35 HTTP/1.1" 200 13550
[2026-09-26 16:55:40,930] INFO django.server basehttp: "GET /utilities/engineering/saturation-temp/?check=not-gauge HTTP/1.1" 200 28006
[2026-09-26 16:55:41,006] INFO django.server basehttp: "GET /static/css/ph_diagram.css?v=2 HTTP/1.1" 304 0
[2026-09-26 16:55:41,006] INFO django.server basehttp: "GET /static/js/ph_diagram.js?v=2 HTTP/1.1" 200 8900
[2026-09-26 16:55:42,137] INFO django.server basehttp: "GET /utilities/engineering/saturation-temp/data/?refrigerant=R32&gauge=ADD_GAUGE&high_pressure=2.5&low_pressure=0.9&high_temperature=23.1&low_temperature=5.2&suction=15&discharge=80&liquid=35 HTTP/1.1" 200 13616
[2026-09-26 16:55:50,996] INFO django.server basehttp: "GET /utilities/engineering/saturation-temp/data/?refrigerant=R32&gauge=NOT_GAUGE&high_pressure=2.5&low_pressure=0.9&high_temperature=23.1&low_temperature=5.2&suction=15&discharge=80&liquid=35 HTTP/1.1" 200 14340
[2026-09-26 16:56:49,405] INFO django.server basehttp: "GET /utilities/engineering/saturation-temp/ HTTP/1.1" 200 28006
[2026-09-26 16:56:49,567] INFO django.server basehttp: "GET /static/css/ph_diagram.css?v=2 HTTP/1.1" 304 0
[2026-09-26 16:56:49,573] INFO django.server basehttp: "GET /static/js/ph_diagram.js?v=2 HTTP/1.1" 200 8900
[2026-09-26 16:56:49,891] INFO django.server basehttp: "GET /utilities/engineering/saturation-temp/data/?refrigerant=R32&gauge=ADD_GAUGE&high_pressure=2.5&low_pressure=0.9&high_temperature=23.1&low_temperature=5.2&suction=15&discharge=80&liquid=35 HTTP/1.1" 200 13616
[2026-09-26 16:56:51,996] INFO django.server basehttp: "GET /utilities/engineering/saturation-temp/data/?refrigerant=R32&gauge=NOT_GAUGE&high_pressure=2.5&low_pressure=0.9&high_temperature=23.1&low_temperature=5.2&suction=15&discharge=80&liquid=35 HTTP/1.1" 200 14340
[2026-09-26 16:57:03,973] INFO django.server basehttp: "GET /utilities/engineering/saturation-temp/data/?refrigerant=R32&gauge=NOT_GAUGE&high_pressure=2.5&low_pressure=0.9&high_temperature=23.1&low_temperature=5.2&suction=15&discharge=80&liquid=35 HTTP/1.1" 200 14340
[2026-09-26 16:57:03,973] INFO django.server basehttp: - Broken pipe from ('127.0.0.1', 49722)
[2026-09-26 16:57:04,197] INFO django.server basehttp: "GET /utilities/engineering/saturation-temp/data/?refrigerant=R32&gauge=NOT_GAUGE&high_pressure=2.5&low_pressure=0.9&high_temperature=23.1&low_temperature=5.2&suction=15&discharge=80&liquid=35 HTTP/1.1" 200 14340
[2026-09-26 16:57:04,741] INFO django.server basehttp: "GET /utilities/engineering/saturation-temp/data/?refrigerant=R32&gauge=NOT_GAUGE&high_pressure=2.5&low_pressure=0.9&high_temperature=23.1&low_temperature=10.4&suction=15&discharge=80&liquid=35 HTTP/1.1" 200 14339
[2026-09-26 16:57:05,623] INFO django.server basehttp: "GET /utilities/engineering/saturation-temp/data/?refrigerant=R32&gauge=NOT_GAUGE&high_pressure=2.5&low_pressure=0.9&high_temperature=23.1&low_temperature=5.7&suction=15&discharge=80&liquid=35 HTTP/1.1" 200 14343
[2026-09-26 16:57:05,885] INFO django.server basehttp: "GET /utilities/engineering/saturation-temp/data/?refrigerant=R32&gauge=NOT_GAUGE&high_pressure=2.5&low_pressure=0.9&high_temperature=23.1&low_temperature=10.2&suction=15&discharge=80&liquid=35 HTTP/1.1" 200 14345
[2026-09-26 16:57:06,180] INFO django.server basehttp: "GET /utilities/engineering/saturation-temp/data/?refrigerant=R32&gauge=NOT_GAUGE&high_pressure=2.5&low_pressure=0.9&high_temperature=23.1&low_temperature=10.2&suction=15&discharge=80&liquid=35 HTTP/1.1" 200 14345
[2026-09-26 16:57:06,505] INFO django.server basehttp: "GET /utilities/engineering/saturation-temp/data/?refrigerant=R32&gauge=NOT_GAUGE&high_pressure=2.5&low_pressure=0.9&high_temperature=23.1&low_temperature=10.4&suction=15&discharge=80&liquid=35 HTTP/1.1" 200 14339
[2026-09-26 16:57:20,286] INFO django.server basehttp: "GET /utilities/engineering/saturation-temp/data/?refrigerant=R32&gauge=NOT_GAUGE&high_pressure=2.5&low_pressure=0.9&high_temperature=23.1&low_temperature=10.4&suction=15&discharge=90&liquid=35 HTTP/1.1" 200 14340
[2026-09-26 16:57:23,725] INFO django.server basehttp: "GET /utilities/engineering/saturation-temp/data/?refrigerant=R32&gauge=ADD_GAUGE&high_pressure=2.5&low_pressure=0.9&high_temperature=23.1&low_temperature=10.4&suction=15&discharge=90&liquid=35 HTTP/1.1" 200 13617
[2026-09-26 16:57:26,303] INFO django.server basehttp: "GET /utilities/engineering/saturation-temp/data/?refrigerant=R32&gauge=NOT_GAUGE&high_pressure=2.5&low_pressure=0.9&high_temperature=23.1&low_temperature=10.4&suction=15&discharge=90&liquid=35 HTTP/1.1" 200 14340
[2026-09-26 16:57:28,278] INFO django.server basehttp: "GET /utilities/engineering/saturation-temp/data/?refrigerant=R32&gauge=ADD_GAUGE&high_pressure=2.5&low_pressure=0.9&high_temperature=23.1&low_temperature=10.4&suction=15&discharge=90&liquid=35 HTTP/1.1" 200 13617
[2026-09-26 16:57:30,935] INFO django.server basehttp: "GET /utilities/engineering/saturation-temp/data/?refrigerant=R32&gauge=NOT_GAUGE&high_pressure=2.5&low_pressure=0.9&high_temperature=23.1&low_temperature=10.4&suction=15&discharge=90&liquid=35 HTTP/1.1" 200 14340
[2026-09-26 16:57:38,328] INFO django.server basehttp: "GET /utilities/engineering/saturation-temp/data/?refrigerant=R32&gauge=ADD_GAUGE&high_pressure=2.5&low_pressure=0.9&high_temperature=23.1&low_temperature=10.4&suction=15&discharge=90&liquid=35 HTTP/1.1" 200 13617
[2026-09-26 16:57:39,968] INFO django.server basehttp: "GET /utilities/engineering/saturation-temp/data/?refrigerant=R32&gauge=NOT_GAUGE&high_pressure=2.5&low_pressure=0.9&high_temperature=23.1&low_temperature=10.4&suction=15&discharge=90&liquid=35 HTTP/1.1" 200 14340
[2026-09-26 16:57:49,990] INFO django.server basehttp: "GET /utilities/engineering/saturation-temp/data/?refrigerant=R32&gauge=NOT_GAUGE&high_pressure=2.5&low_pressure=0.9&high_temperature=23.1&low_temperature=10.4&suction=15&discharge=90&liquid=35 HTTP/1.1" 200 14340
[2026-09-26 16:57:52,965] INFO django.server basehttp: "GET /utilities/engineering/saturation-temp/data/?refrigerant=R32&gauge=NOT_GAUGE&high_pressure=2.5&low_pressure=0.9&high_temperature=25.3&low_temperature=10.4&suction=15&discharge=90&liquid=35 HTTP/1.1" 200 14344
[2026-09-26 16:57:56,586] INFO django.server basehttp: "GET /utilities/engineering/saturation-temp/data/?refrigerant=R32&gauge=NOT_GAUGE&high_pressure=2.5&low_pressure=0.9&high_temperature=50&low_temperature=10.4&suction=15&discharge=90&liquid=35 HTTP/1.1" 200 13697
[2026-09-26 16:58:01,424] WARNING django.server basehttp: "GET /utilities/engineering/saturation-temp/data/?refrigerant=R32&gauge=NOT_GAUGE&high_pressure=2.5&low_pressure=0.9&high_temperature=6&low_temperature=10.4&suction=15&discharge=90&liquid=35 HTTP/1.1" 400 179
[2026-09-26 16:58:01,709] INFO django.server basehttp: "GET /utilities/engineering/saturation-temp/data/?refrigerant=R32&gauge=NOT_GAUGE&high_pressure=2.5&low_pressure=0.9&high_temperature=60&low_temperature=10.4&suction=15&discharge=90&liquid=35 HTTP/1.1" 200 13700
[2026-09-26 16:58:04,239] INFO django.server basehttp: "GET /utilities/engineering/saturation-temp/data/?refrigerant=R32&gauge=NOT_GAUGE&high_pressure=2.5&low_pressure=0.9&high_temperature=20&low_temperature=10.4&suction=15&discharge=90&liquid=35 HTTP/1.1" 200 14346
[2026-09-26 16:58:06,285] INFO django.server basehttp: "GET /utilities/engineering/saturation-temp/data/?refrigerant=R32&gauge=NOT_GAUGE&high_pressure=2.5&low_pressure=0.9&high_temperature=48.4&low_temperature=19.5&suction=15&discharge=80&liquid=35 HTTP/1.1" 200 14239
[2026-09-26 16:58:10,678] INFO django.server basehttp: "GET /utilities/engineering/saturation-temp/data/?refrigerant=R32&gauge=NOT_GAUGE&high_pressure=2.5&low_pressure=0.9&high_temperature=20&low_temperature=10.4&suction=15&discharge=90&liquid=35 HTTP/1.1" 200 14346
[2026-09-26 16:58:13,937] INFO django.server basehttp: "GET /utilities/engineering/saturation-temp/data/?refrigerant=R32&gauge=NOT_GAUGE&high_pressure=2.5&low_pressure=0.9&high_temperature=50&low_temperature=10.4&suction=15&discharge=90&liquid=35 HTTP/1.1" 200 13697
[2026-09-26 16:59:26,278] INFO django.server basehttp: "GET /utilities/ HTTP/1.1" 200 10054
[2026-09-26 16:59:26,457] INFO django.server basehttp: "GET /static/css/design-system.css?v=1790416766 HTTP/1.1" 200 7762
[2026-09-26 16:59:26,461] INFO django.server basehttp: "GET /static/css/app-shell.css?v=1790416766 HTTP/1.1" 200 41269
[2026-09-26 16:59:28,035] INFO django.server basehttp: "GET /utilities/calculators/salary/ HTTP/1.1" 200 5273
[2026-09-26 16:59:28,340] INFO django.server basehttp: "GET /static/css/design-system.css?v=1790416768 HTTP/1.1" 200 7762
[2026-09-26 16:59:28,343] INFO django.server basehttp: "GET /static/css/app-shell.css?v=1790416768 HTTP/1.1" 200 41269
[2026-09-26 16:59:28,346] INFO django.server basehttp: "GET /static/js/tools_calculators.js?v=1790416768 HTTP/1.1" 200 10639
[2026-09-26 16:59:30,314] INFO django.server basehttp: "GET /utilities/ HTTP/1.1" 200 10054
[2026-09-26 16:59:30,327] INFO django.server basehttp: "GET /static/css/design-system.css?v=1790416770 HTTP/1.1" 200 7762
[2026-09-26 16:59:30,328] INFO django.server basehttp: "GET /static/css/app-shell.css?v=1790416770 HTTP/1.1" 200 41269
[2026-09-26 16:59:32,197] INFO django.server basehttp: "GET /utilities/engineering/saturation-temp/ HTTP/1.1" 200 28006
[2026-09-26 16:59:32,209] INFO django.server basehttp: "GET /static/css/ph_diagram.css?v=2 HTTP/1.1" 304 0
[2026-09-26 16:59:32,214] INFO django.server basehttp: "GET /static/js/ph_diagram.js?v=2 HTTP/1.1" 304 0
[2026-09-26 16:59:32,524] INFO django.server basehttp: "GET /utilities/engineering/saturation-temp/data/?refrigerant=R32&gauge=ADD_GAUGE&high_pressure=2.5&low_pressure=0.9&high_temperature=23.1&low_temperature=5.2&suction=15&discharge=80&liquid=35 HTTP/1.1" 200 13616
[2026-09-26 17:00:48,843] INFO django.server basehttp: "GET /utilities/engineering/saturation-temp/?check=compact-header HTTP/1.1" 200 26449
[2026-09-26 17:00:48,945] INFO django.server basehttp: "GET /static/css/ph_diagram.css?v=2 HTTP/1.1" 304 0
[2026-09-26 17:00:48,965] INFO django.server basehttp: "GET /static/js/ph_diagram.js?v=2 HTTP/1.1" 304 0
[2026-09-26 17:00:50,178] INFO django.server basehttp: "GET /utilities/engineering/saturation-temp/data/?refrigerant=R32&gauge=ADD_GAUGE&high_pressure=2.5&low_pressure=0.9&high_temperature=23.1&low_temperature=5.2&suction=15&discharge=80&liquid=35 HTTP/1.1" 200 13616
[2026-09-26 17:03:44,590] INFO django.server basehttp: "GET /utilities/engineering/saturation-temp/ HTTP/1.1" 200 26449
[2026-09-26 17:03:45,205] INFO django.server basehttp: "GET /static/css/ph_diagram.css?v=2 HTTP/1.1" 304 0
[2026-09-26 17:03:45,209] INFO django.server basehttp: "GET /static/js/ph_diagram.js?v=2 HTTP/1.1" 304 0
[2026-09-26 17:03:45,513] INFO django.server basehttp: "GET /utilities/engineering/saturation-temp/data/?refrigerant=R32&gauge=ADD_GAUGE&high_pressure=2.5&low_pressure=0.9&high_temperature=23.1&low_temperature=5.2&suction=15&discharge=80&liquid=35 HTTP/1.1" 200 13616
[2026-09-26 17:03:49,487] INFO django.server basehttp: "GET /utilities/ HTTP/1.1" 200 10054
[2026-09-26 17:03:49,501] INFO django.server basehttp: "GET /static/css/design-system.css?v=1790417029 HTTP/1.1" 200 7762
[2026-09-26 17:03:49,504] INFO django.server basehttp: "GET /static/css/app-shell.css?v=1790417029 HTTP/1.1" 200 41269
[2026-09-26 17:03:51,602] INFO django.server basehttp: "GET /utilities/calculators/temperature/ HTTP/1.1" 200 3968
[2026-09-26 17:03:51,903] INFO django.server basehttp: "GET /static/css/design-system.css?v=1790417031 HTTP/1.1" 200 7762
[2026-09-26 17:03:51,905] INFO django.server basehttp: "GET /static/css/app-shell.css?v=1790417031 HTTP/1.1" 200 41269
[2026-09-26 17:03:51,910] INFO django.server basehttp: "GET /static/js/tools_calculators.js?v=1790417031 HTTP/1.1" 200 10639
[2026-09-26 17:03:53,855] INFO django.server basehttp: "GET /utilities/ HTTP/1.1" 200 10054
[2026-09-26 17:03:53,868] INFO django.server basehttp: "GET /static/css/design-system.css?v=1790417033 HTTP/1.1" 200 7762
[2026-09-26 17:03:53,869] INFO django.server basehttp: "GET /static/css/app-shell.css?v=1790417033 HTTP/1.1" 200 41269
[2026-09-26 17:03:56,049] INFO django.server basehttp: "GET /utilities/engineering/saturation-temp/ HTTP/1.1" 200 26449
[2026-09-26 17:03:56,297] INFO django.server basehttp: "GET /utilities/engineering/saturation-temp/data/?refrigerant=R32&gauge=ADD_GAUGE&high_pressure=2.5&low_pressure=0.9&high_temperature=23.1&low_temperature=5.2&suction=15&discharge=80&liquid=35 HTTP/1.1" 200 13616
[2026-09-26 17:04:30,760] INFO django.server basehttp: "GET /utilities/ HTTP/1.1" 200 10054
[2026-09-26 17:04:30,773] INFO django.server basehttp: "GET /static/css/design-system.css?v=1790417070 HTTP/1.1" 200 7762
[2026-09-26 17:04:30,777] INFO django.server basehttp: "GET /static/css/app-shell.css?v=1790417070 HTTP/1.1" 200 41269
[2026-09-26 17:04:33,033] INFO django.server basehttp: "GET /utilities/engineering/pressure/ HTTP/1.1" 200 4136
[2026-09-26 17:04:33,327] INFO django.server basehttp: "GET /static/css/design-system.css?v=1790417073 HTTP/1.1" 200 7762
[2026-09-26 17:04:33,328] INFO django.server basehttp: "GET /static/css/app-shell.css?v=1790417073 HTTP/1.1" 200 41269
[2026-09-26 17:04:33,334] INFO django.server basehttp: "GET /static/js/tools_engineering.js?v=1790417073 HTTP/1.1" 200 5430
[2026-09-26 17:04:39,411] INFO django.server basehttp: "GET /utilities/ HTTP/1.1" 200 10054
[2026-09-26 17:04:39,420] INFO django.server basehttp: "GET /static/css/design-system.css?v=1790417079 HTTP/1.1" 200 7762
[2026-09-26 17:04:39,421] INFO django.server basehttp: "GET /static/css/app-shell.css?v=1790417079 HTTP/1.1" 200 41269
[2026-09-26 17:06:34,021] INFO django.server basehttp: "GET /utilities/engineering/saturation-temp/?check=light-controls HTTP/1.1" 200 26141
[2026-09-26 17:06:34,046] INFO django.server basehttp: "GET /static/css/ph_diagram.css?v=3 HTTP/1.1" 200 3598
[2026-09-26 17:06:34,067] INFO django.server basehttp: "GET /static/js/ph_diagram.js?v=2 HTTP/1.1" 304 0
[2026-09-26 17:06:34,068] INFO django.server basehttp: "GET /static/js/tools_saturation.js?v=3 HTTP/1.1" 200 12127
[2026-09-26 17:06:35,332] INFO django.server basehttp: "GET /utilities/engineering/saturation-temp/data/?refrigerant=R32&gauge=ADD_GAUGE&high_pressure=2.5&low_pressure=0.9&high_temperature=23.1&low_temperature=5.2&suction=15&discharge=80&liquid=35 HTTP/1.1" 200 13616
[2026-09-26 17:06:47,847] INFO django.server basehttp: "GET /utilities/ HTTP/1.1" 200 10054
[2026-09-26 17:06:47,859] INFO django.server basehttp: "GET /static/css/design-system.css?v=1790417207 HTTP/1.1" 200 7762
[2026-09-26 17:06:47,860] INFO django.server basehttp: "GET /static/css/app-shell.css?v=1790417207 HTTP/1.1" 200 41269
[2026-09-26 17:06:49,290] INFO django.server basehttp: "GET /utilities/engineering/saturation-temp/ HTTP/1.1" 200 26141
[2026-09-26 17:06:49,306] INFO django.server basehttp: "GET /static/css/ph_diagram.css?v=3 HTTP/1.1" 200 3598
[2026-09-26 17:06:49,308] INFO django.server basehttp: "GET /static/js/tools_saturation.js?v=3 HTTP/1.1" 200 12127
[2026-09-26 17:06:49,310] INFO django.server basehttp: "GET /static/js/ph_diagram.js?v=2 HTTP/1.1" 304 0
[2026-09-26 17:06:49,564] INFO django.server basehttp: "GET /utilities/engineering/saturation-temp/data/?refrigerant=R32&gauge=ADD_GAUGE&high_pressure=2.5&low_pressure=0.9&high_temperature=23.1&low_temperature=5.2&suction=15&discharge=80&liquid=35 HTTP/1.1" 200 13616
[2026-09-26 17:06:57,884] INFO django.server basehttp: "GET /utilities/engineering/saturation-temp/data/?refrigerant=R32&gauge=NOT_GAUGE&high_pressure=2.5&low_pressure=0.9&high_temperature=23.1&low_temperature=5.2&suction=15&discharge=80&liquid=35 HTTP/1.1" 200 14340
[2026-09-26 17:06:59,321] INFO django.server basehttp: "GET /utilities/engineering/saturation-temp/data/?refrigerant=R32&gauge=ADD_GAUGE&high_pressure=2.5&low_pressure=0.9&high_temperature=23.1&low_temperature=5.2&suction=15&discharge=80&liquid=35 HTTP/1.1" 200 13616
[2026-09-26 17:06:59,921] INFO django.server basehttp: "GET /utilities/engineering/saturation-temp/data/?refrigerant=R32&gauge=NOT_GAUGE&high_pressure=2.5&low_pressure=0.9&high_temperature=23.1&low_temperature=5.2&suction=15&discharge=80&liquid=35 HTTP/1.1" 200 14340
[2026-09-26 17:07:00,479] INFO django.server basehttp: "GET /utilities/engineering/saturation-temp/data/?refrigerant=R32&gauge=ADD_GAUGE&high_pressure=2.5&low_pressure=0.9&high_temperature=23.1&low_temperature=5.2&suction=15&discharge=80&liquid=35 HTTP/1.1" 200 13616
[2026-09-26 17:07:26,199] INFO django.server basehttp: "GET /utilities/engineering/saturation-temp/data/?refrigerant=R32&gauge=NOT_GAUGE&high_pressure=2.5&low_pressure=0.9&high_temperature=23.1&low_temperature=5.2&suction=15&discharge=80&liquid=35 HTTP/1.1" 200 14340
[2026-09-26 17:07:28,108] INFO django.server basehttp: "GET /utilities/engineering/saturation-temp/data/?refrigerant=R32&gauge=ADD_GAUGE&high_pressure=2.5&low_pressure=0.9&high_temperature=23.1&low_temperature=5.2&suction=15&discharge=80&liquid=35 HTTP/1.1" 200 13616
[2026-09-26 17:07:28,791] INFO django.server basehttp: "GET /utilities/engineering/saturation-temp/data/?refrigerant=R32&gauge=NOT_GAUGE&high_pressure=2.5&low_pressure=0.9&high_temperature=23.1&low_temperature=5.2&suction=15&discharge=80&liquid=35 HTTP/1.1" 200 14340
[2026-09-26 17:07:31,522] INFO django.server basehttp: "GET /utilities/engineering/saturation-temp/data/?refrigerant=R32&gauge=NOT_GAUGE&high_pressure=2.5&low_pressure=0.9&high_temperature=48.4&low_temperature=19.5&suction=15&discharge=80&liquid=35 HTTP/1.1" 200 14239
[2026-09-26 17:07:33,110] INFO django.server basehttp: "GET /utilities/engineering/saturation-temp/data/?refrigerant=R32&gauge=NOT_GAUGE&high_pressure=2.5&low_pressure=0.9&high_temperature=23.1&low_temperature=5.2&suction=15&discharge=80&liquid=35 HTTP/1.1" 200 14340
[2026-09-26 17:07:35,663] INFO django.server basehttp: "GET /utilities/engineering/saturation-temp/data/?refrigerant=R32&gauge=NOT_GAUGE&high_pressure=2.5&low_pressure=0.9&high_temperature=12.9&low_temperature=5.2&suction=15&discharge=80&liquid=35 HTTP/1.1" 200 14346
[2026-09-26 17:07:36,048] INFO django.server basehttp: "GET /utilities/engineering/saturation-temp/data/?refrigerant=R32&gauge=NOT_GAUGE&high_pressure=2.5&low_pressure=0.9&high_temperature=35.4&low_temperature=5.2&suction=15&discharge=80&liquid=35 HTTP/1.1" 200 13700
[2026-09-26 17:07:38,238] INFO django.server basehttp: "GET /utilities/engineering/saturation-temp/data/?refrigerant=R32&gauge=NOT_GAUGE&high_pressure=2.5&low_pressure=0.9&high_temperature=50&low_temperature=5.2&suction=15&discharge=80&liquid=35 HTTP/1.1" 200 13699
[2026-09-26 17:08:01,834] INFO django.server basehttp: "GET /utilities/ HTTP/1.1" 200 10054
[2026-09-26 17:08:01,852] INFO django.server basehttp: "GET /static/css/design-system.css?v=1790417281 HTTP/1.1" 200 7762
[2026-09-26 17:08:01,854] INFO django.server basehttp: "GET /static/css/app-shell.css?v=1790417281 HTTP/1.1" 200 41269
[2026-09-26 17:08:03,151] INFO django.server basehttp: "GET /utilities/pdf-edit/ HTTP/1.1" 200 20928
[2026-09-26 17:08:03,154] INFO django.server basehttp: "GET /static/css/design-system.css?v=1790343406 HTTP/1.1" 304 0
[2026-09-26 17:08:03,155] INFO django.server basehttp: "GET /static/css/app-shell.css?v=1790343406 HTTP/1.1" 304 0
[2026-09-26 17:08:03,155] INFO django.server basehttp: "GET /static/js/tools_pdf_edit.js?v=1790343406 HTTP/1.1" 304 0
[2026-09-26 17:08:03,421] INFO django.server basehttp: "GET /static/css/design-system.css?v=1790417283 HTTP/1.1" 200 7762
[2026-09-26 17:08:03,423] INFO django.server basehttp: "GET /static/css/app-shell.css?v=1790417283 HTTP/1.1" 200 41269
[2026-09-26 17:08:03,425] INFO django.server basehttp: "GET /static/js/tools_pdf_edit.js?v=1790417283 HTTP/1.1" 200 30411
[2026-09-26 17:08:04,790] INFO django.server basehttp: "GET /utilities/ HTTP/1.1" 200 10054
[2026-09-26 17:08:04,804] INFO django.server basehttp: "GET /static/css/design-system.css?v=1790417284 HTTP/1.1" 200 7762
[2026-09-26 17:08:04,805] INFO django.server basehttp: "GET /static/css/app-shell.css?v=1790417284 HTTP/1.1" 200 41269
[2026-09-26 17:08:06,684] INFO django.server basehttp: "GET /utilities/engineering/saturation-temp/ HTTP/1.1" 200 26141
[2026-09-26 17:08:06,698] INFO django.server basehttp: "GET /static/js/ph_diagram.js?v=2 HTTP/1.1" 304 0
[2026-09-26 17:08:06,701] INFO django.server basehttp: "GET /static/css/ph_diagram.css?v=3 HTTP/1.1" 304 0
[2026-09-26 17:08:06,702] INFO django.server basehttp: "GET /static/js/tools_saturation.js?v=3 HTTP/1.1" 304 0
[2026-09-26 17:08:06,968] INFO django.server basehttp: "GET /utilities/engineering/saturation-temp/data/?refrigerant=R32&gauge=ADD_GAUGE&high_pressure=2.5&low_pressure=0.9&high_temperature=23.1&low_temperature=5.2&suction=15&discharge=80&liquid=35 HTTP/1.1" 200 13616
[2026-09-26 17:08:08,392] INFO django.server basehttp: "GET /utilities/ HTTP/1.1" 200 10054
[2026-09-26 17:08:08,408] INFO django.server basehttp: "GET /static/css/design-system.css?v=1790417288 HTTP/1.1" 200 7762
[2026-09-26 17:08:08,409] INFO django.server basehttp: "GET /static/css/app-shell.css?v=1790417288 HTTP/1.1" 200 41269
[2026-09-26 17:08:11,851] INFO django.server basehttp: "GET /utilities/engineering/pressure/ HTTP/1.1" 200 4136
[2026-09-26 17:08:11,862] INFO django.server basehttp: "GET /static/css/design-system.css?v=1790417291 HTTP/1.1" 200 7762
[2026-09-26 17:08:11,864] INFO django.server basehttp: "GET /static/js/tools_engineering.js?v=1790417291 HTTP/1.1" 200 5430
[2026-09-26 17:08:11,864] INFO django.server basehttp: "GET /static/css/app-shell.css?v=1790417291 HTTP/1.1" 200 41269
[2026-09-26 17:10:52,452] INFO django.server basehttp: "GET /utilities/engineering/saturation-temp/?check=tools-header HTTP/1.1" 200 26738
[2026-09-26 17:10:52,465] INFO django.server basehttp: "GET /static/css/ph_diagram.css?v=4 HTTP/1.1" 200 4903
[2026-09-26 17:10:52,490] INFO django.server basehttp: "GET /static/js/ph_diagram.js?v=2 HTTP/1.1" 304 0
[2026-09-26 17:10:52,490] INFO django.server basehttp: "GET /static/js/tools_saturation.js?v=3 HTTP/1.1" 304 0
[2026-09-26 17:10:53,652] INFO django.server basehttp: "GET /utilities/engineering/saturation-temp/data/?refrigerant=R32&gauge=ADD_GAUGE&high_pressure=2.5&low_pressure=0.9&high_temperature=23.1&low_temperature=5.2&suction=15&discharge=80&liquid=35 HTTP/1.1" 200 13616
[2026-09-26 17:11:25,214] INFO django.server basehttp: "GET /utilities/ HTTP/1.1" 200 10054
[2026-09-26 17:11:25,495] INFO django.server basehttp: "GET /static/css/design-system.css?v=1790417485 HTTP/1.1" 200 7762
[2026-09-26 17:11:25,498] INFO django.server basehttp: "GET /static/css/app-shell.css?v=1790417485 HTTP/1.1" 200 41269
[2026-09-26 17:11:29,085] INFO django.server basehttp: "GET /utilities/engineering/saturation-temp/ HTTP/1.1" 200 26738
[2026-09-26 17:11:29,375] INFO django.server basehttp: "GET /static/css/ph_diagram.css?v=4 HTTP/1.1" 200 4903
[2026-09-26 17:11:29,377] INFO django.server basehttp: "GET /static/js/tools_saturation.js?v=3 HTTP/1.1" 304 0
[2026-09-26 17:11:29,380] INFO django.server basehttp: "GET /static/js/ph_diagram.js?v=2 HTTP/1.1" 304 0
[2026-09-26 17:11:29,642] INFO django.server basehttp: "GET /utilities/engineering/saturation-temp/data/?refrigerant=R32&gauge=ADD_GAUGE&high_pressure=2.5&low_pressure=0.9&high_temperature=23.1&low_temperature=5.2&suction=15&discharge=80&liquid=35 HTTP/1.1" 200 13616
[2026-09-26 17:11:57,475] INFO django.server basehttp: "GET /utilities/engineering/saturation-temp/?check=tools-header HTTP/1.1" 200 26913
[2026-09-26 17:11:57,494] INFO django.server basehttp: "GET /static/css/ph_diagram.css?v=5 HTTP/1.1" 200 4960
[2026-09-26 17:11:57,495] INFO django.server basehttp: "GET /static/js/tools_saturation.js?v=3 HTTP/1.1" 304 0
[2026-09-26 17:11:58,561] INFO django.server basehttp: "GET /utilities/engineering/saturation-temp/data/?refrigerant=R32&gauge=ADD_GAUGE&high_pressure=2.5&low_pressure=0.9&high_temperature=23.1&low_temperature=5.2&suction=15&discharge=80&liquid=35 HTTP/1.1" 200 13616
[2026-09-26 17:13:59,530] INFO django.server basehttp: "GET /utilities/engineering/saturation-temp/data/?refrigerant=R32&gauge=ADD_GAUGE&high_pressure=2.5&low_pressure=0.9&high_temperature=48.4&low_temperature=19.5&suction=15&discharge=80&liquid=35 HTTP/1.1" 200 13616
[2026-09-26 17:14:01,367] INFO django.server basehttp: "GET /utilities/engineering/saturation-temp/data/?refrigerant=R32&gauge=NOT_GAUGE&high_pressure=2.5&low_pressure=0.9&high_temperature=48.4&low_temperature=19.5&suction=15&discharge=80&liquid=35 HTTP/1.1" 200 14239
[2026-09-26 17:14:04,033] INFO django.server basehttp: "GET /utilities/engineering/saturation-temp/data/?refrigerant=R454B&gauge=NOT_GAUGE&high_pressure=2.5&low_pressure=0.9&high_temperature=48.4&low_temperature=19.5&suction=15&discharge=80&liquid=35 HTTP/1.1" 200 5421
[2026-09-26 17:14:05,518] INFO django.server basehttp: "GET /utilities/engineering/saturation-temp/data/?refrigerant=R290&gauge=NOT_GAUGE&high_pressure=2.5&low_pressure=0.9&high_temperature=48.4&low_temperature=19.5&suction=15&discharge=80&liquid=35 HTTP/1.1" 200 14211
[2026-09-26 17:14:07,265] INFO django.server basehttp: "GET /utilities/engineering/saturation-temp/data/?refrigerant=R32&gauge=NOT_GAUGE&high_pressure=2.5&low_pressure=0.9&high_temperature=48.4&low_temperature=19.5&suction=15&discharge=80&liquid=35 HTTP/1.1" 200 14239
[2026-09-26 17:24:47,629] INFO django.server basehttp: "GET /utilities/engineering/saturation-temp/data/?refrigerant=R32&gauge=ADD_GAUGE&high_pressure=2.5&low_pressure=0.9&high_temperature=48.4&low_temperature=19.5&suction=15&discharge=80&liquid=35 HTTP/1.1" 200 13616
[2026-09-26 17:24:48,674] INFO django.server basehttp: "GET /utilities/engineering/saturation-temp/data/?refrigerant=R32&gauge=NOT_GAUGE&high_pressure=2.5&low_pressure=0.9&high_temperature=48.4&low_temperature=19.5&suction=15&discharge=80&liquid=35 HTTP/1.1" 200 14239
[2026-09-26 17:24:57,617] INFO django.server basehttp: "GET /utilities/engineering/saturation-temp/data/?refrigerant=R32&gauge=ADD_GAUGE&high_pressure=2.5&low_pressure=0.9&high_temperature=48.4&low_temperature=19.5&suction=15&discharge=80&liquid=35 HTTP/1.1" 200 13616
[2026-09-26 17:24:58,266] INFO django.server basehttp: "GET /utilities/engineering/saturation-temp/data/?refrigerant=R32&gauge=NOT_GAUGE&high_pressure=2.5&low_pressure=0.9&high_temperature=48.4&low_temperature=19.5&suction=15&discharge=80&liquid=35 HTTP/1.1" 200 14239
[2026-09-26 17:24:59,539] INFO django.server basehttp: "GET /utilities/engineering/saturation-temp/data/?refrigerant=R32&gauge=ADD_GAUGE&high_pressure=2.5&low_pressure=0.9&high_temperature=48.4&low_temperature=19.5&suction=15&discharge=80&liquid=35 HTTP/1.1" 200 13616
[2026-09-26 17:24:59,894] INFO django.server basehttp: "GET /utilities/engineering/saturation-temp/data/?refrigerant=R32&gauge=NOT_GAUGE&high_pressure=2.5&low_pressure=0.9&high_temperature=48.4&low_temperature=19.5&suction=15&discharge=80&liquid=35 HTTP/1.1" 200 14239
[2026-09-26 17:25:17,902] INFO django.server basehttp: "GET /dashboard/ HTTP/1.1" 302 0
[2026-09-26 17:25:17,934] INFO django.server basehttp: "GET /login/?next=/dashboard/ HTTP/1.1" 200 4902
[2026-09-26 17:25:17,938] INFO django.server basehttp: "GET /static/css/design-system.css?v=1790343401 HTTP/1.1" 304 0
[2026-09-26 17:25:17,939] INFO django.server basehttp: "GET /static/css/app-shell.css?v=1790343401 HTTP/1.1" 304 0
[2026-09-26 17:25:18,318] INFO django.server basehttp: "GET /static/css/design-system.css?v=1790418317 HTTP/1.1" 200 7762
[2026-09-26 17:25:18,318] INFO django.server basehttp: "GET /static/css/home.css?v=1790418317 HTTP/1.1" 200 16683
[2026-09-26 17:25:20,578] INFO django.server basehttp: "GET / HTTP/1.1" 200 33328
[2026-09-26 17:25:20,590] INFO django.server basehttp: "GET /static/css/design-system.css?v=1790418320 HTTP/1.1" 200 7762
[2026-09-26 17:25:20,592] INFO django.server basehttp: "GET /static/css/home.css?v=1790418320 HTTP/1.1" 200 16683
[2026-09-26 17:25:20,592] INFO django.server basehttp: "GET /media/standards/ahri.png HTTP/1.1" 304 0
[2026-09-26 17:25:20,598] INFO django.server basehttp: "GET /media/standards/ilac-nsc.png HTTP/1.1" 304 0
[2026-09-26 17:25:20,599] INFO django.server basehttp: "GET /media/standards/egat-no5.png HTTP/1.1" 304 0
[2026-09-26 17:25:20,599] INFO django.server basehttp: "GET /media/standards/tisi.png HTTP/1.1" 304 0
[2026-09-26 17:25:20,632] INFO django.server basehttp: "GET /media/modules/processed/Doc.gif HTTP/1.1" 304 0
[2026-09-26 17:25:20,636] INFO django.server basehttp: "GET /media/modules/processed/Manpower.gif HTTP/1.1" 304 0
[2026-09-26 17:25:20,636] INFO django.server basehttp: "GET /media/modules/processed/Analytics.gif HTTP/1.1" 304 0
[2026-09-26 17:25:20,640] INFO django.server basehttp: "GET /media/hero/Gemini_Image.jpg HTTP/1.1" 200 747319
[2026-09-26 17:25:20,645] INFO django.server basehttp: "GET /media/modules/processed/Cer.gif HTTP/1.1" 200 1286837
[2026-09-26 17:25:20,651] INFO django.server basehttp: "GET /media/modules/processed/Happy.gif HTTP/1.1" 200 2320924
[2026-09-26 17:25:27,208] INFO django.server basehttp: "GET /utilities/ HTTP/1.1" 200 10054
[2026-09-26 17:25:27,476] INFO django.server basehttp: "GET /static/css/design-system.css?v=1790418327 HTTP/1.1" 200 7762
[2026-09-26 17:25:27,479] INFO django.server basehttp: "GET /static/css/app-shell.css?v=1790418327 HTTP/1.1" 200 41269
[2026-09-26 17:26:25,666] INFO django.server basehttp: "GET /utilities/engineering/saturation-temp/?check=export HTTP/1.1" 200 27321
[2026-09-26 17:26:25,694] INFO django.server basehttp: "GET /static/css/ph_diagram.css?v=6 HTTP/1.1" 200 6315
[2026-09-26 17:26:25,722] INFO django.server basehttp: "GET /static/js/ph_diagram.js?v=2 HTTP/1.1" 304 0
[2026-09-26 17:26:25,722] INFO django.server basehttp: "GET /static/js/tools_saturation.js?v=4 HTTP/1.1" 200 13023
[2026-09-26 17:26:26,961] INFO django.server basehttp: "GET /utilities/engineering/saturation-temp/data/?refrigerant=R32&gauge=ADD_GAUGE&high_pressure=2.5&low_pressure=0.9&high_temperature=23.1&low_temperature=5.2&suction=15&discharge=80&liquid=35 HTTP/1.1" 200 13616
[2026-09-26 17:27:14,839] INFO django.server basehttp: "GET /utilities/engineering/saturation-temp/ HTTP/1.1" 200 27321
[2026-09-26 17:27:15,248] INFO django.server basehttp: "GET /static/css/saturation_temp_utilities.css HTTP/1.1" 304 0
[2026-09-26 17:27:15,250] INFO django.server basehttp: "GET /static/css/ph_diagram.css?v=6 HTTP/1.1" 200 6315
[2026-09-26 17:27:15,257] INFO django.server basehttp: "GET /static/js/ph_diagram.js?v=2 HTTP/1.1" 304 0
[2026-09-26 17:27:15,257] INFO django.server basehttp: "GET /static/js/tools_saturation.js?v=4 HTTP/1.1" 200 13023
[2026-09-26 17:27:15,524] INFO django.server basehttp: "GET /utilities/engineering/saturation-temp/data/?refrigerant=R32&gauge=ADD_GAUGE&high_pressure=2.5&low_pressure=0.9&high_temperature=23.1&low_temperature=5.2&suction=15&discharge=80&liquid=35 HTTP/1.1" 200 13616
[2026-09-26 17:27:27,565] INFO django.server basehttp: "GET /dashboard/ HTTP/1.1" 302 0
[2026-09-26 17:27:27,594] INFO django.server basehttp: "GET /login/?next=/dashboard/ HTTP/1.1" 200 4902
[2026-09-26 17:27:27,612] INFO django.server basehttp: "GET /static/css/design-system.css?v=1790418447 HTTP/1.1" 200 7762
[2026-09-26 17:27:27,614] INFO django.server basehttp: "GET /static/css/home.css?v=1790418447 HTTP/1.1" 200 16683
[2026-09-26 17:27:29,012] INFO django.server basehttp: "GET / HTTP/1.1" 200 33328
[2026-09-26 17:27:29,030] INFO django.server basehttp: "GET /static/css/design-system.css?v=1790418448 HTTP/1.1" 200 7762
[2026-09-26 17:27:29,031] INFO django.server basehttp: "GET /static/css/home.css?v=1790418448 HTTP/1.1" 200 16683
[2026-09-26 17:27:33,002] INFO django.server basehttp: "GET /utilities/ HTTP/1.1" 200 10054
[2026-09-26 17:27:33,013] INFO django.server basehttp: "GET /static/css/design-system.css?v=1790418452 HTTP/1.1" 200 7762
[2026-09-26 17:27:33,015] INFO django.server basehttp: "GET /static/css/app-shell.css?v=1790418452 HTTP/1.1" 200 41269
[2026-09-26 17:27:34,310] INFO django.server basehttp: "GET /utilities/engineering/saturation-temp/ HTTP/1.1" 200 27321
[2026-09-26 17:27:34,326] INFO django.server basehttp: "GET /static/css/ph_diagram.css?v=6 HTTP/1.1" 304 0
[2026-09-26 17:27:34,327] INFO django.server basehttp: "GET /static/js/tools_saturation.js?v=4 HTTP/1.1" 304 0
[2026-09-26 17:27:34,571] INFO django.server basehttp: "GET /utilities/engineering/saturation-temp/data/?refrigerant=R32&gauge=ADD_GAUGE&high_pressure=2.5&low_pressure=0.9&high_temperature=23.1&low_temperature=5.2&suction=15&discharge=80&liquid=35 HTTP/1.1" 200 13616
[2026-09-26 17:32:53,024] INFO django.server basehttp: "GET /utilities/engineering/saturation-temp/?check=preview-v2 HTTP/1.1" 200 28564
[2026-09-26 17:32:53,047] INFO django.server basehttp: "GET /static/css/ph_diagram.css?v=7 HTTP/1.1" 200 8923
[2026-09-26 17:32:53,068] INFO django.server basehttp: "GET /static/js/ph_diagram.js?v=2 HTTP/1.1" 304 0
[2026-09-26 17:32:53,069] INFO django.server basehttp: "GET /static/js/tools_saturation.js?v=5 HTTP/1.1" 200 15604
[2026-09-26 17:32:54,283] INFO django.server basehttp: "GET /utilities/engineering/saturation-temp/data/?refrigerant=R32&gauge=ADD_GAUGE&high_pressure=2.5&low_pressure=0.9&high_temperature=23.1&low_temperature=5.2&suction=15&discharge=80&liquid=35 HTTP/1.1" 200 13616
[2026-09-26 17:33:33,539] INFO django.server basehttp: "GET /utilities/engineering/saturation-temp/?check=preview-v2 HTTP/1.1" 200 28564
[2026-09-26 17:33:33,560] INFO django.server basehttp: "GET /static/css/ph_diagram.css?v=8 HTTP/1.1" 200 8951
[2026-09-26 17:33:33,560] INFO django.server basehttp: "GET /static/js/tools_saturation.js?v=5 HTTP/1.1" 304 0
[2026-09-26 17:33:34,644] INFO django.server basehttp: "GET /utilities/engineering/saturation-temp/data/?refrigerant=R32&gauge=ADD_GAUGE&high_pressure=2.5&low_pressure=0.9&high_temperature=23.1&low_temperature=5.2&suction=15&discharge=80&liquid=35 HTTP/1.1" 200 13616
[2026-09-26 17:34:25,008] INFO django.server basehttp: "GET /utilities/engineering/saturation-temp/ HTTP/1.1" 200 28564
[2026-09-26 17:34:25,421] INFO django.server basehttp: "GET /static/css/ph_diagram.css?v=8 HTTP/1.1" 200 8951
[2026-09-26 17:34:25,425] INFO django.server basehttp: "GET /static/js/tools_saturation.js?v=5 HTTP/1.1" 200 15604
[2026-09-26 17:34:25,428] INFO django.server basehttp: "GET /static/js/ph_diagram.js?v=2 HTTP/1.1" 304 0
[2026-09-26 17:34:25,735] INFO django.server basehttp: "GET /utilities/engineering/saturation-temp/data/?refrigerant=R32&gauge=ADD_GAUGE&high_pressure=2.5&low_pressure=0.9&high_temperature=23.1&low_temperature=5.2&suction=15&discharge=80&liquid=35 HTTP/1.1" 200 13616
[2026-09-26 17:44:46,946] INFO django.server basehttp: "GET /utilities/engineering/saturation-temp/?check=center-clear HTTP/1.1" 200 28966
[2026-09-26 17:44:46,968] INFO django.server basehttp: "GET /static/css/ph_diagram.css?v=9 HTTP/1.1" 200 9370
[2026-09-26 17:44:46,990] INFO django.server basehttp: "GET /static/js/ph_diagram.js?v=3 HTTP/1.1" 200 9243
[2026-09-26 17:44:46,991] INFO django.server basehttp: "GET /static/js/tools_saturation.js?v=6 HTTP/1.1" 200 16456
[2026-09-26 17:44:48,198] INFO django.server basehttp: "GET /utilities/engineering/saturation-temp/data/?refrigerant=R32&gauge=ADD_GAUGE&high_pressure=2.5&low_pressure=0.9&high_temperature=23.1&low_temperature=5.2&suction=15&discharge=80&liquid=35 HTTP/1.1" 200 13616
[2026-09-26 17:45:53,607] INFO django.server basehttp: "GET /utilities/engineering/saturation-temp/ HTTP/1.1" 200 28966
[2026-09-26 17:45:53,731] INFO django.server basehttp: "GET /static/css/ph_diagram.css?v=9 HTTP/1.1" 200 9370
[2026-09-26 17:45:53,738] INFO django.server basehttp: "GET /static/js/ph_diagram.js?v=3 HTTP/1.1" 200 9243
[2026-09-26 17:45:53,739] INFO django.server basehttp: "GET /static/js/tools_saturation.js?v=6 HTTP/1.1" 200 16456
[2026-09-26 17:45:54,047] INFO django.server basehttp: "GET /utilities/engineering/saturation-temp/data/?refrigerant=R32&gauge=ADD_GAUGE&high_pressure=2.5&low_pressure=0.9&high_temperature=23.1&low_temperature=5.2&suction=15&discharge=80&liquid=35 HTTP/1.1" 200 13616
[2026-09-26 17:46:00,866] INFO django.server basehttp: "GET /utilities/engineering/saturation-temp/ HTTP/1.1" 200 28966
[2026-09-26 17:46:01,127] INFO django.server basehttp: "GET /utilities/engineering/saturation-temp/data/?refrigerant=R32&gauge=ADD_GAUGE&high_pressure=2.5&low_pressure=0.9&high_temperature=23.1&low_temperature=5.2&suction=15&discharge=80&liquid=35 HTTP/1.1" 200 13616
[2026-09-26 17:50:33,767] INFO django.server basehttp: "GET /utilities/engineering/saturation-temp/ HTTP/1.1" 200 28966
[2026-09-26 17:50:34,127] INFO django.server basehttp: "GET /static/css/ph_diagram.css?v=9 HTTP/1.1" 304 0
[2026-09-26 17:50:34,129] INFO django.server basehttp: "GET /static/js/ph_diagram.js?v=3 HTTP/1.1" 304 0
[2026-09-26 17:50:34,129] INFO django.server basehttp: "GET /static/js/tools_saturation.js?v=6 HTTP/1.1" 304 0
[2026-09-26 17:50:34,371] INFO django.server basehttp: "GET /utilities/engineering/saturation-temp/data/?refrigerant=R32&gauge=ADD_GAUGE&high_pressure=2.5&low_pressure=0.9&high_temperature=23.1&low_temperature=5.2&suction=15&discharge=80&liquid=35 HTTP/1.1" 200 13616
[2026-09-26 18:13:04,131] INFO django.server basehttp: "GET /utilities/ HTTP/1.1" 200 10054
[2026-09-26 18:13:04,458] INFO django.server basehttp: "GET /static/css/design-system.css?v=1790421184 HTTP/1.1" 200 7762
[2026-09-26 18:13:04,459] INFO django.server basehttp: "GET /static/css/app-shell.css?v=1790421184 HTTP/1.1" 200 41269
[2026-09-26 18:13:12,861] INFO django.server basehttp: "GET /dashboard/ HTTP/1.1" 302 0
[2026-09-26 18:13:12,894] INFO django.server basehttp: "GET /login/?next=/dashboard/ HTTP/1.1" 200 4902
[2026-09-26 18:13:12,936] INFO django.server basehttp: "GET /static/css/design-system.css?v=1790421192 HTTP/1.1" 200 7762
[2026-09-26 18:13:12,938] INFO django.server basehttp: "GET /static/css/home.css?v=1790421192 HTTP/1.1" 200 16683
[2026-09-26 18:13:16,371] INFO django.server basehttp: "GET / HTTP/1.1" 200 33328
[2026-09-26 18:13:16,383] INFO django.server basehttp: "GET /static/css/design-system.css?v=1790421196 HTTP/1.1" 200 7762
[2026-09-26 18:13:16,384] INFO django.server basehttp: "GET /static/css/home.css?v=1790421196 HTTP/1.1" 200 16683
[2026-09-26 18:13:29,681] INFO django.server basehttp: "GET /happy-workplace/ HTTP/1.1" 200 16226
[2026-09-26 18:13:29,683] INFO django.server basehttp: "GET /static/css/design-system.css?v=1790343324 HTTP/1.1" 304 0
[2026-09-26 18:13:29,684] INFO django.server basehttp: "GET /static/css/app-shell.css?v=1790343324 HTTP/1.1" 304 0
[2026-09-26 18:13:29,686] INFO django.server basehttp: "GET /media/happy_workplace/posters/image_4.png HTTP/1.1" 304 0
[2026-09-26 18:13:29,686] INFO django.server basehttp: "GET /media/happy_workplace/posters/DT_Birthday_SSbYLAI.png HTTP/1.1" 304 0
[2026-09-26 18:13:29,726] INFO django.server basehttp: "GET /static/css/design-system.css?v=1790421209 HTTP/1.1" 200 7762
[2026-09-26 18:13:29,728] INFO django.server basehttp: "GET /static/css/app-shell.css?v=1790421209 HTTP/1.1" 200 41269
[2026-09-26 18:13:29,729] INFO django.server basehttp: "GET /static/css/happy_workplace.css?v=1790421209 HTTP/1.1" 200 38401
[2026-09-26 18:13:29,737] INFO django.server basehttp: "GET /media/happy_workplace/posters/image_2.png HTTP/1.1" 200 2640225
[2026-09-26 18:13:44,291] INFO django.server basehttp: "GET /login/ HTTP/1.1" 200 4891
[2026-09-26 18:13:44,295] INFO django.server basehttp: "GET /static/css/home.css?v=1790342753 HTTP/1.1" 304 0
[2026-09-26 18:13:44,312] INFO django.server basehttp: "GET /static/css/design-system.css?v=1790421224 HTTP/1.1" 200 7762
[2026-09-26 18:13:44,313] INFO django.server basehttp: "GET /static/css/home.css?v=1790421224 HTTP/1.1" 200 16683
[2026-09-26 18:14:11,456] INFO django.server basehttp: "POST /login/ HTTP/1.1" 302 0
[2026-09-26 18:14:11,691] INFO django.server basehttp: "GET /dashboard/ HTTP/1.1" 200 8954
[2026-09-26 18:14:11,707] INFO django.server basehttp: "GET /static/css/design-system.css?v=1790421251 HTTP/1.1" 200 7762
[2026-09-26 18:14:11,708] INFO django.server basehttp: "GET /static/css/app-shell.css?v=1790421251 HTTP/1.1" 200 41269
[2026-09-26 18:14:17,189] INFO django.server basehttp: "GET /utilities/ HTTP/1.1" 200 12346
[2026-09-26 18:14:17,208] INFO django.server basehttp: "GET /static/css/design-system.css?v=1790421257 HTTP/1.1" 200 7762
[2026-09-26 18:14:17,208] INFO django.server basehttp: "GET /static/css/app-shell.css?v=1790421257 HTTP/1.1" 200 41269
[2026-09-26 18:14:20,537] INFO django.server basehttp: "GET /settings/standards/ HTTP/1.1" 200 21112
[2026-09-26 18:14:20,541] INFO django.server basehttp: "GET /static/css/design-system.css?v=1790342776 HTTP/1.1" 304 0
[2026-09-26 18:14:20,542] INFO django.server basehttp: "GET /static/css/app-shell.css?v=1790342776 HTTP/1.1" 304 0
[2026-09-26 18:14:20,802] INFO django.server basehttp: "GET /static/css/design-system.css?v=1790421260 HTTP/1.1" 200 7762
[2026-09-26 18:14:20,804] INFO django.server basehttp: "GET /static/css/app-shell.css?v=1790421260 HTTP/1.1" 200 41269
[2026-09-26 18:14:22,120] INFO django.server basehttp: "GET /settings/about-topics/ HTTP/1.1" 200 15272
[2026-09-26 18:14:22,168] INFO django.server basehttp: "GET /static/css/design-system.css?v=1790421262 HTTP/1.1" 200 7762
[2026-09-26 18:14:22,170] INFO django.server basehttp: "GET /static/css/app-shell.css?v=1790421262 HTTP/1.1" 200 41269
[2026-09-26 18:14:22,176] INFO django.server basehttp: "GET /media/about/ChatGPT_Image_Sep_23_2026_10_22_00_AM.png HTTP/1.1" 304 0
[2026-09-26 18:14:22,178] INFO django.server basehttp: "GET /media/about/Policy.jpg HTTP/1.1" 200 160627
[2026-09-26 18:14:24,394] INFO django.server basehttp: "GET /dashboard/ HTTP/1.1" 200 8954
[2026-09-26 18:14:24,422] INFO django.server basehttp: "GET /static/css/design-system.css?v=1790421264 HTTP/1.1" 200 7762
[2026-09-26 18:14:24,424] INFO django.server basehttp: "GET /static/css/app-shell.css?v=1790421264 HTTP/1.1" 200 41269
[2026-09-26 18:14:27,179] INFO django.server basehttp: "GET / HTTP/1.1" 200 33667
[2026-09-26 18:14:27,198] INFO django.server basehttp: "GET /static/css/design-system.css?v=1790421267 HTTP/1.1" 200 7762
[2026-09-26 18:14:27,200] INFO django.server basehttp: "GET /static/css/home.css?v=1790421267 HTTP/1.1" 200 16683
[2026-09-26 18:14:31,877] INFO django.server basehttp: "GET /internal/ HTTP/1.1" 200 9433
[2026-09-26 18:14:31,936] INFO django.server basehttp: "GET /static/css/design-system.css?v=1790421271 HTTP/1.1" 200 7762
[2026-09-26 18:14:31,937] INFO django.server basehttp: "GET /static/css/app-shell.css?v=1790421271 HTTP/1.1" 200 41269
[2026-09-26 18:14:34,202] INFO django.server basehttp: "GET /training-history/ HTTP/1.1" 200 57025
[2026-09-26 18:14:34,205] INFO django.server basehttp: "GET /static/css/design-system.css?v=1790343509 HTTP/1.1" 304 0
[2026-09-26 18:14:34,206] INFO django.server basehttp: "GET /static/css/app-shell.css?v=1790343509 HTTP/1.1" 304 0
[2026-09-26 18:14:34,207] INFO django.server basehttp: "GET /static/js/training_history.js?v=1790343509 HTTP/1.1" 304 0
[2026-09-26 18:14:34,523] INFO django.server basehttp: "GET /static/css/design-system.css?v=1790421274 HTTP/1.1" 200 7762
[2026-09-26 18:14:34,525] INFO django.server basehttp: "GET /static/css/app-shell.css?v=1790421274 HTTP/1.1" 200 41269
[2026-09-26 18:14:34,532] INFO django.server basehttp: "GET /static/js/training_history.js?v=1790421274 HTTP/1.1" 200 44178
[2026-09-26 18:17:48,222] INFO django.server basehttp: "GET /training-history/ HTTP/1.1" 200 57025
[2026-09-26 18:21:21,001] INFO django.server basehttp: "GET /training-history/ HTTP/1.1" 302 0
[2026-09-26 18:21:21,016] INFO django.server basehttp: "GET /login/?next=/training-history/ HTTP/1.1" 200 4909
[2026-09-26 18:21:21,044] INFO django.server basehttp: "GET /static/css/design-system.css?v=1790421681 HTTP/1.1" 200 7762
[2026-09-26 18:21:21,045] INFO django.server basehttp: "GET /static/css/home.css?v=1790421681 HTTP/1.1" 200 16683
[2026-09-26 18:22:58,372] INFO django.server basehttp: "GET /static/js/training_history.js?v=pdf-header-repeat HTTP/1.1" 200 45338
[2026-09-26 18:25:25,673] INFO django.server basehttp: "GET /training-history/ HTTP/1.1" 200 57025
[2026-09-26 18:25:26,045] INFO django.server basehttp: "GET /static/css/design-system.css?v=1790421925 HTTP/1.1" 200 7762
[2026-09-26 18:25:26,049] INFO django.server basehttp: "GET /static/css/app-shell.css?v=1790421925 HTTP/1.1" 200 41269
[2026-09-26 18:25:26,049] INFO django.server basehttp: "GET /static/js/training_history.js?v=1790421925 HTTP/1.1" 200 45338
[2026-09-26 18:25:28,241] INFO django.server basehttp: "GET /training-history/ HTTP/1.1" 200 57025
[2026-09-26 18:25:41,136] INFO django.server basehttp: "GET /training-history/ HTTP/1.1" 200 57025
[2026-09-26 18:28:04,776] INFO django.server basehttp: "GET /training-history/ HTTP/1.1" 200 57025
[2026-09-26 18:28:04,823] INFO django.server basehttp: "GET /static/css/design-system.css?v=1790422084 HTTP/1.1" 200 7762
[2026-09-26 18:28:04,824] INFO django.server basehttp: "GET /static/css/app-shell.css?v=1790422084 HTTP/1.1" 200 41269
[2026-09-26 18:28:04,827] INFO django.server basehttp: "GET /static/js/training_history.js?v=1790422084 HTTP/1.1" 200 45743
[2026-09-26 18:28:06,686] INFO django.server basehttp: "GET /training-history/ HTTP/1.1" 200 57025
[2026-09-26 18:28:36,569] INFO django.server basehttp: "GET /training-history/ HTTP/1.1" 200 57025
[2026-09-26 18:32:28,454] INFO django.server basehttp: "GET /static/__codex_training_pdf_test.html HTTP/1.1" 200 57047
[2026-09-26 18:32:28,481] INFO django.server basehttp: "GET /static/css/design-system.css?v=1790422325 HTTP/1.1" 200 7762
[2026-09-26 18:32:28,482] INFO django.server basehttp: "GET /static/css/app-shell.css?v=1790422325 HTTP/1.1" 200 41269
[2026-09-26 18:32:28,823] INFO django.server basehttp: "GET /static/js/training_history.js?v=1790422325 HTTP/1.1" 200 45743
[2026-09-26 18:34:03,107] INFO django.server basehttp: "GET /static/__codex_training_pdf_test.html HTTP/1.1" 200 68150
[2026-09-26 18:34:03,131] INFO django.server basehttp: "GET /static/js/training_history.js?v=1790422325 HTTP/1.1" 304 0
[2026-09-26 18:34:52,842] INFO django.server basehttp: "GET /static/__codex_training_pdf_test.html HTTP/1.1" 200 68871
[2026-09-26 18:34:52,862] INFO django.server basehttp: "GET /static/js/training_history.js?v=1790422325 HTTP/1.1" 304 0
[2026-09-26 18:35:13,337] INFO django.server basehttp: "GET /static/__codex_training_pdf_test.html HTTP/1.1" 200 69039
[2026-09-26 18:36:28,852] INFO django.server basehttp: "GET /training-history/ HTTP/1.1" 200 57025
[2026-09-26 18:36:29,317] INFO django.server basehttp: "GET /static/css/design-system.css?v=1790422588 HTTP/1.1" 200 7762
[2026-09-26 18:36:29,324] INFO django.server basehttp: "GET /static/js/training_history.js?v=1790422588 HTTP/1.1" 200 45743
[2026-09-26 18:36:29,324] INFO django.server basehttp: "GET /static/css/app-shell.css?v=1790422588 HTTP/1.1" 200 41269
[2026-09-26 18:48:41,057] INFO django.server basehttp: "GET /training-history/ HTTP/1.1" 200 57025
[2026-09-26 18:48:41,639] INFO django.server basehttp: "GET /static/css/design-system.css?v=1790423321 HTTP/1.1" 200 7762
[2026-09-26 18:48:41,642] INFO django.server basehttp: "GET /static/js/training_history.js?v=1790423321 HTTP/1.1" 200 45743
[2026-09-26 18:48:41,643] INFO django.server basehttp: "GET /static/css/app-shell.css?v=1790423321 HTTP/1.1" 200 41269
[2026-09-26 18:48:48,010] INFO django.server basehttp: "GET /training-history/ HTTP/1.1" 200 57025
[2026-09-26 18:52:23,065] INFO django.server basehttp: "GET /training-history/ HTTP/1.1" 200 57025
[2026-09-26 18:52:23,085] INFO django.server basehttp: "GET /static/css/design-system.css?v=1790423543 HTTP/1.1" 200 7762
[2026-09-26 18:52:23,089] INFO django.server basehttp: "GET /static/js/training_history.js?v=1790423543 HTTP/1.1" 200 45743
[2026-09-26 18:52:23,089] INFO django.server basehttp: "GET /static/css/app-shell.css?v=1790423543 HTTP/1.1" 200 41269
[2026-09-26 18:52:26,491] INFO django.server basehttp: "GET /training-history/ HTTP/1.1" 200 57025
[2026-09-26 18:53:29,336] INFO django.server basehttp: "GET / HTTP/1.1" 200 33667
[2026-09-26 18:53:29,360] INFO django.server basehttp: "GET /static/css/design-system.css?v=1790423609 HTTP/1.1" 200 7762
[2026-09-26 18:53:29,362] INFO django.server basehttp: "GET /static/css/home.css?v=1790423609 HTTP/1.1" 200 16683
[2026-09-26 18:53:32,108] INFO django.server basehttp: "GET /internal/ HTTP/1.1" 200 9433
[2026-09-26 18:53:32,421] INFO django.server basehttp: "GET /static/css/design-system.css?v=1790423612 HTTP/1.1" 200 7762
[2026-09-26 18:53:32,423] INFO django.server basehttp: "GET /static/css/app-shell.css?v=1790423612 HTTP/1.1" 200 41269
[2026-09-26 18:53:33,255] INFO django.server basehttp: "GET /training-history/ HTTP/1.1" 200 57025
[2026-09-26 18:53:33,276] INFO django.server basehttp: "GET /static/css/design-system.css?v=1790423613 HTTP/1.1" 200 7762
[2026-09-26 18:53:33,277] INFO django.server basehttp: "GET /static/css/app-shell.css?v=1790423613 HTTP/1.1" 200 41269
[2026-09-26 18:53:33,281] INFO django.server basehttp: "GET /static/js/training_history.js?v=1790423613 HTTP/1.1" 200 45743
[2026-09-26 18:53:35,030] INFO django.server basehttp: "GET /training-history/ HTTP/1.1" 200 57025
[2026-09-26 18:56:33,212] INFO django.server basehttp: "GET /dashboard/ HTTP/1.1" 200 8898
[2026-09-26 18:56:33,327] INFO django.server basehttp: "GET /static/css/design-system.css?v=1790423793 HTTP/1.1" 200 7762
[2026-09-26 18:56:33,329] INFO django.server basehttp: "GET /static/css/app-shell.css?v=1790423793 HTTP/1.1" 200 41269
[2026-09-26 18:56:34,821] INFO django.server basehttp: "GET /utilities/ HTTP/1.1" 200 12346
[2026-09-26 18:56:34,864] INFO django.server basehttp: "GET /static/css/design-system.css?v=1790423794 HTTP/1.1" 200 7762
[2026-09-26 18:56:34,869] INFO django.server basehttp: "GET /static/css/app-shell.css?v=1790423794 HTTP/1.1" 200 41269
[2026-09-26 18:56:37,801] INFO django.server basehttp: "GET /dashboard/ HTTP/1.1" 200 8898
[2026-09-26 18:56:37,827] INFO django.server basehttp: "GET /static/css/design-system.css?v=1790423797 HTTP/1.1" 200 7762
[2026-09-26 18:56:37,829] INFO django.server basehttp: "GET /static/css/app-shell.css?v=1790423797 HTTP/1.1" 200 41269
[2026-09-26 18:56:45,636] INFO django.server basehttp: "GET /static/__codex_training_pdf_test.html HTTP/1.1" 200 69019
[2026-09-26 18:56:45,660] INFO django.server basehttp: "GET /static/css/design-system.css?v=1790423792 HTTP/1.1" 200 7762
[2026-09-26 18:56:45,660] INFO django.server basehttp: "GET /static/css/app-shell.css?v=1790423792 HTTP/1.1" 200 41269
[2026-09-26 18:56:45,675] INFO django.server basehttp: "GET /static/js/training_history.js?v=1790423792 HTTP/1.1" 200 45912
[2026-09-26 18:57:41,610] INFO django.server basehttp: "GET /dashboard/ HTTP/1.1" 200 8898
[2026-09-26 18:57:41,632] INFO django.server basehttp: "GET /static/css/design-system.css?v=1790423861 HTTP/1.1" 200 7762
[2026-09-26 18:57:41,635] INFO django.server basehttp: "GET /static/css/app-shell.css?v=1790423861 HTTP/1.1" 200 41269
[2026-09-26 18:57:42,771] INFO django.server basehttp: "GET / HTTP/1.1" 200 33667
[2026-09-26 18:57:42,795] INFO django.server basehttp: "GET /static/css/design-system.css?v=1790423862 HTTP/1.1" 200 7762
[2026-09-26 18:57:42,796] INFO django.server basehttp: "GET /static/css/home.css?v=1790423862 HTTP/1.1" 200 16683
[2026-09-26 18:57:45,493] INFO django.server basehttp: "GET /internal/ HTTP/1.1" 200 9433
[2026-09-26 18:57:45,516] INFO django.server basehttp: "GET /static/css/design-system.css?v=1790423865 HTTP/1.1" 200 7762
[2026-09-26 18:57:45,517] INFO django.server basehttp: "GET /static/css/app-shell.css?v=1790423865 HTTP/1.1" 200 41269
[2026-09-26 18:57:47,354] INFO django.server basehttp: "GET /spare-parts/ HTTP/1.1" 200 61934
[2026-09-26 18:57:47,660] INFO django.server basehttp: "GET /static/css/design-system.css?v=1790423867 HTTP/1.1" 200 7762
[2026-09-26 18:57:47,661] INFO django.server basehttp: "GET /static/css/app-shell.css?v=1790423867 HTTP/1.1" 200 41269
[2026-09-26 18:57:47,668] INFO django.server basehttp: "GET /static/css/spare_parts.css?v=1790423867 HTTP/1.1" 200 15525
[2026-09-26 18:57:47,668] INFO django.server basehttp: "GET /static/js/spare_parts.js?v=1790423867 HTTP/1.1" 200 37368
[2026-09-26 18:57:48,013] INFO django.server basehttp: "GET /spare-parts/ HTTP/1.1" 302 0
[2026-09-26 18:57:48,023] INFO django.server basehttp: "GET /login/?next=/spare-parts/ HTTP/1.1" 200 4904
[2026-09-26 18:57:49,464] INFO django.server basehttp: "GET /internal/ HTTP/1.1" 200 9433
[2026-09-26 18:57:49,495] INFO django.server basehttp: "GET /static/css/design-system.css?v=1790423869 HTTP/1.1" 200 7762
[2026-09-26 18:57:49,496] INFO django.server basehttp: "GET /static/css/app-shell.css?v=1790423869 HTTP/1.1" 200 41269
[2026-09-26 18:57:50,588] INFO django.server basehttp: "GET /training-history/ HTTP/1.1" 200 57047
[2026-09-26 18:57:50,644] INFO django.server basehttp: "GET /static/css/design-system.css?v=1790423870 HTTP/1.1" 200 7762
[2026-09-26 18:57:50,646] INFO django.server basehttp: "GET /static/css/app-shell.css?v=1790423870 HTTP/1.1" 200 41269
[2026-09-26 18:57:50,647] INFO django.server basehttp: "GET /static/js/training_history.js?v=1790423870 HTTP/1.1" 200 45912
[2026-09-26 19:02:14,235] INFO django.server basehttp: "GET /training-history/ HTTP/1.1" 200 57047
[2026-09-26 19:02:14,593] INFO django.server basehttp: "GET /static/css/design-system.css?v=1790424134 HTTP/1.1" 200 7762
[2026-09-26 19:02:14,599] INFO django.server basehttp: "GET /static/css/app-shell.css?v=1790424134 HTTP/1.1" 200 41269
[2026-09-26 19:02:14,599] INFO django.server basehttp: "GET /static/js/training_history.js?v=1790424134 HTTP/1.1" 200 45912
[2026-09-26 19:08:53,452] INFO django.server basehttp: "GET /training-history/ HTTP/1.1" 200 57047
[2026-09-26 19:10:54,724] INFO django.server basehttp: "GET /training-history/ HTTP/1.1" 200 57047
[2026-09-26 19:11:41,619] INFO django.server basehttp: "GET /training-history/ HTTP/1.1" 200 57047
[2026-09-26 19:12:24,140] INFO django.server basehttp: "GET /training-history/ HTTP/1.1" 200 57047
[2026-09-26 19:12:30,395] INFO django.server basehttp: "GET /training-history/ HTTP/1.1" 200 57047
[2026-09-26 19:13:18,374] INFO django.server basehttp: "GET /training-history/ HTTP/1.1" 200 57047
[2026-09-26 19:32:48,468] INFO django.server basehttp: "GET /settings/about-topics/ HTTP/1.1" 200 15272
[2026-09-26 19:32:48,573] INFO django.server basehttp: "GET /static/css/design-system.css?v=1790425968 HTTP/1.1" 200 7762
[2026-09-26 19:32:48,575] INFO django.server basehttp: "GET /static/css/app-shell.css?v=1790425968 HTTP/1.1" 200 41269
[2026-09-26 19:32:49,379] INFO django.server basehttp: "GET /settings/home-appearance/ HTTP/1.1" 200 19276
[2026-09-26 19:32:49,384] INFO django.server basehttp: "GET /static/css/design-system.css?v=1790342779 HTTP/1.1" 304 0
[2026-09-26 19:32:49,384] INFO django.server basehttp: "GET /static/css/app-shell.css?v=1790342779 HTTP/1.1" 304 0
[2026-09-26 19:32:49,717] INFO django.server basehttp: "GET /static/css/design-system.css?v=1790425969 HTTP/1.1" 200 7762
[2026-09-26 19:32:49,720] INFO django.server basehttp: "GET /static/css/app-shell.css?v=1790425969 HTTP/1.1" 200 41269
[2026-09-26 19:32:50,672] INFO django.server basehttp: "GET /audit/ HTTP/1.1" 200 14284
[2026-09-26 19:32:50,991] INFO django.server basehttp: "GET /static/css/design-system.css?v=1790425970 HTTP/1.1" 200 7762
[2026-09-26 19:32:50,992] INFO django.server basehttp: "GET /static/css/app-shell.css?v=1790425970 HTTP/1.1" 200 41269
[2026-09-26 19:32:51,692] INFO django.server basehttp: "GET /dashboard/ HTTP/1.1" 200 8898
[2026-09-26 19:32:51,984] INFO django.server basehttp: "GET /static/css/design-system.css?v=1790425971 HTTP/1.1" 200 7762
[2026-09-26 19:32:51,985] INFO django.server basehttp: "GET /static/css/app-shell.css?v=1790425971 HTTP/1.1" 200 41269
[2026-09-26 19:32:52,789] INFO django.server basehttp: "GET /documents/ HTTP/1.1" 200 22206
[2026-09-26 19:32:53,056] INFO django.server basehttp: "GET /static/css/design-system.css?v=1790425972 HTTP/1.1" 200 7762
[2026-09-26 19:32:53,058] INFO django.server basehttp: "GET /static/css/app-shell.css?v=1790425972 HTTP/1.1" 200 41269
[2026-09-26 19:32:53,782] INFO django.server basehttp: "GET /dashboard/ HTTP/1.1" 200 8898
[2026-09-26 19:32:53,797] INFO django.server basehttp: "GET /static/css/design-system.css?v=1790425973 HTTP/1.1" 200 7762
[2026-09-26 19:32:53,797] INFO django.server basehttp: "GET /static/css/app-shell.css?v=1790425973 HTTP/1.1" 200 41269
[2026-09-26 19:32:57,428] INFO django.server basehttp: "GET / HTTP/1.1" 200 33667
[2026-09-26 19:32:57,452] INFO django.server basehttp: "GET /static/css/design-system.css?v=1790425977 HTTP/1.1" 200 7762
[2026-09-26 19:32:57,453] INFO django.server basehttp: "GET /static/css/home.css?v=1790425977 HTTP/1.1" 200 16683
[2026-09-26 19:32:59,449] INFO django.server basehttp: "GET /internal/ HTTP/1.1" 200 9433
[2026-09-26 19:32:59,508] INFO django.server basehttp: "GET /static/css/design-system.css?v=1790425979 HTTP/1.1" 200 7762
[2026-09-26 19:32:59,508] INFO django.server basehttp: "GET /static/css/app-shell.css?v=1790425979 HTTP/1.1" 200 41269
[2026-09-26 19:33:01,834] INFO django.server basehttp: "GET /training-history/ HTTP/1.1" 200 57047
[2026-09-26 19:33:01,885] INFO django.server basehttp: "GET /static/css/design-system.css?v=1790425981 HTTP/1.1" 200 7762
[2026-09-26 19:33:01,890] INFO django.server basehttp: "GET /static/css/app-shell.css?v=1790425981 HTTP/1.1" 200 41269
[2026-09-26 19:33:01,891] INFO django.server basehttp: "GET /static/js/training_history.js?v=1790425981 HTTP/1.1" 200 45912
[2026-09-26 20:47:16,122] INFO django.server basehttp: "GET /training-history/ HTTP/1.1" 200 57047
[2026-09-26 20:47:16,680] INFO django.server basehttp: "GET /static/css/design-system.css?v=1790430436 HTTP/1.1" 200 7762
[2026-09-26 20:47:16,683] INFO django.server basehttp: "GET /static/css/app-shell.css?v=1790430436 HTTP/1.1" 200 41269
[2026-09-26 20:47:16,684] INFO django.server basehttp: "GET /static/js/training_history.js?v=1790430436 HTTP/1.1" 200 47060
[2026-09-26 20:47:20,139] INFO django.server basehttp: "GET /training-history/ HTTP/1.1" 200 57047
[2026-09-26 20:47:36,265] INFO django.server basehttp: "GET /training-history/ HTTP/1.1" 200 57047
[2026-09-26 20:49:00,717] INFO django.server basehttp: "GET /training-history/ HTTP/1.1" 200 57047
[2026-09-26 20:49:00,762] INFO django.server basehttp: "GET /static/css/design-system.css?v=1790430540 HTTP/1.1" 200 7762
[2026-09-26 20:49:00,763] INFO django.server basehttp: "GET /static/css/app-shell.css?v=1790430540 HTTP/1.1" 200 41269
[2026-09-26 20:49:00,768] INFO django.server basehttp: "GET /static/js/training_history.js?v=1790430540 HTTP/1.1" 200 47624
[2026-09-26 20:49:02,648] INFO django.server basehttp: "GET /training-history/ HTTP/1.1" 200 57047
[2026-09-26 20:49:08,725] INFO django.server basehttp: "GET /internal/ HTTP/1.1" 200 9433
[2026-09-26 20:49:08,849] INFO django.server basehttp: "GET /static/css/design-system.css?v=1790430548 HTTP/1.1" 200 7762
[2026-09-26 20:49:08,851] INFO django.server basehttp: "GET /static/css/app-shell.css?v=1790430548 HTTP/1.1" 200 41269
[2026-09-26 20:49:51,971] INFO django.server basehttp: "GET / HTTP/1.1" 200 33667
[2026-09-26 20:49:51,994] INFO django.server basehttp: "GET /static/css/design-system.css?v=1790430591 HTTP/1.1" 200 7762
[2026-09-26 20:49:51,998] INFO django.server basehttp: "GET /static/css/home.css?v=1790430591 HTTP/1.1" 200 16683
[2026-09-26 20:50:06,124] INFO django.server basehttp: "GET /utilities/ HTTP/1.1" 200 12346
[2026-09-26 20:50:06,175] INFO django.server basehttp: "GET /static/css/design-system.css?v=1790430606 HTTP/1.1" 200 7762
[2026-09-26 20:50:06,177] INFO django.server basehttp: "GET /static/css/app-shell.css?v=1790430606 HTTP/1.1" 200 41269
[2026-09-26 20:50:10,370] INFO django.server basehttp: "GET /utilities/calculators/salary/ HTTP/1.1" 200 6315
[2026-09-26 20:50:10,434] INFO django.server basehttp: "GET /static/css/design-system.css?v=1790430610 HTTP/1.1" 200 7762
[2026-09-26 20:50:10,437] INFO django.server basehttp: "GET /static/css/app-shell.css?v=1790430610 HTTP/1.1" 200 41269
[2026-09-26 20:50:10,440] INFO django.server basehttp: "GET /static/js/tools_calculators.js?v=1790430610 HTTP/1.1" 200 10639
[2026-09-26 20:50:17,973] INFO django.server basehttp: "GET /utilities/ HTTP/1.1" 200 12346
[2026-09-26 20:50:17,998] INFO django.server basehttp: "GET /static/css/design-system.css?v=1790430617 HTTP/1.1" 200 7762
[2026-09-26 20:50:17,998] INFO django.server basehttp: "GET /static/css/app-shell.css?v=1790430617 HTTP/1.1" 200 41269
[2026-09-26 20:50:21,106] INFO django.server basehttp: "GET / HTTP/1.1" 200 33667
[2026-09-26 20:50:21,131] INFO django.server basehttp: "GET /static/css/design-system.css?v=1790430621 HTTP/1.1" 200 7762
[2026-09-26 20:50:21,134] INFO django.server basehttp: "GET /static/css/home.css?v=1790430621 HTTP/1.1" 200 16683
[2026-09-26 20:50:22,335] INFO django.server basehttp: "GET /happy-workplace/ HTTP/1.1" 200 17450
[2026-09-26 20:50:22,386] INFO django.server basehttp: "GET /static/css/design-system.css?v=1790430622 HTTP/1.1" 200 7762
[2026-09-26 20:50:22,388] INFO django.server basehttp: "GET /static/css/app-shell.css?v=1790430622 HTTP/1.1" 200 41269
[2026-09-26 20:50:22,389] INFO django.server basehttp: "GET /static/css/happy_workplace.css?v=1790430622 HTTP/1.1" 200 38401
[2026-09-26 20:50:23,863] INFO django.server basehttp: "GET /happy-workplace/wordle/ HTTP/1.1" 200 23581
[2026-09-26 20:50:23,917] INFO django.server basehttp: "GET /static/css/design-system.css?v=1790430623 HTTP/1.1" 200 7762
[2026-09-26 20:50:23,919] INFO django.server basehttp: "GET /static/css/app-shell.css?v=1790430623 HTTP/1.1" 200 41269
[2026-09-26 20:50:23,920] INFO django.server basehttp: "GET /static/css/happy_workplace.css?v=1790430623 HTTP/1.1" 200 38401
[2026-09-26 20:50:23,923] INFO django.server basehttp: "GET /static/js/hwp_play.js?v=1790430623 HTTP/1.1" 200 1103
[2026-09-26 20:50:25,521] INFO django.server basehttp: "GET /happy-workplace/wordle/reset/ HTTP/1.1" 200 4594
[2026-09-26 20:50:25,585] INFO django.server basehttp: "GET /static/css/design-system.css?v=1790430625 HTTP/1.1" 200 7762
[2026-09-26 20:50:25,586] INFO django.server basehttp: "GET /static/css/app-shell.css?v=1790430625 HTTP/1.1" 200 41269
[2026-09-26 20:50:26,665] INFO django.server basehttp: "POST /happy-workplace/wordle/reset/ HTTP/1.1" 302 0
[2026-09-26 20:50:26,680] INFO django.server basehttp: "GET /happy-workplace/wordle/ HTTP/1.1" 200 23694
[2026-09-26 20:50:26,700] INFO django.server basehttp: "GET /static/css/design-system.css?v=1790430626 HTTP/1.1" 200 7762
[2026-09-26 20:50:26,702] INFO django.server basehttp: "GET /static/js/hwp_play.js?v=1790430626 HTTP/1.1" 200 1103
[2026-09-26 20:50:26,702] INFO django.server basehttp: "GET /static/css/app-shell.css?v=1790430626 HTTP/1.1" 200 41269
[2026-09-26 20:50:26,703] INFO django.server basehttp: "GET /static/css/happy_workplace.css?v=1790430626 HTTP/1.1" 200 38401
[2026-09-26 20:50:30,523] INFO django.server basehttp: "GET /happy-workplace/ HTTP/1.1" 200 17450
[2026-09-26 20:50:30,547] INFO django.server basehttp: "GET /static/css/design-system.css?v=1790430630 HTTP/1.1" 200 7762
[2026-09-26 20:50:30,550] INFO django.server basehttp: "GET /static/css/happy_workplace.css?v=1790430630 HTTP/1.1" 200 38401
[2026-09-26 20:50:30,550] INFO django.server basehttp: "GET /static/css/app-shell.css?v=1790430630 HTTP/1.1" 200 41269
[2026-09-26 20:50:31,568] INFO django.server basehttp: "GET /happy-workplace/squares/ HTTP/1.1" 200 24168
[2026-09-26 20:50:31,858] INFO django.server basehttp: "GET /static/css/design-system.css?v=1790430631 HTTP/1.1" 200 7762
[2026-09-26 20:50:31,862] INFO django.server basehttp: "GET /static/js/hwp_leaderboard.js?v=1790430631 HTTP/1.1" 200 1422
[2026-09-26 20:50:31,863] INFO django.server basehttp: "GET /static/css/app-shell.css?v=1790430631 HTTP/1.1" 200 41269
[2026-09-26 20:50:31,863] INFO django.server basehttp: "GET /static/css/happy_workplace.css?v=1790430631 HTTP/1.1" 200 38401
[2026-09-26 20:50:31,865] INFO django.server basehttp: "GET /static/js/hwp_play.js?v=1790430631 HTTP/1.1" 200 1103
[2026-09-26 20:50:34,199] INFO django.server basehttp: "GET /happy-workplace/game-score/squares/reset/ HTTP/1.1" 200 4597
[2026-09-26 20:50:34,271] INFO django.server basehttp: "GET /static/css/design-system.css?v=1790430634 HTTP/1.1" 200 7762
[2026-09-26 20:50:34,273] INFO django.server basehttp: "GET /static/css/app-shell.css?v=1790430634 HTTP/1.1" 200 41269
[2026-09-26 20:50:35,379] INFO django.server basehttp: "POST /happy-workplace/game-score/squares/reset/ HTTP/1.1" 302 0
[2026-09-26 20:50:35,397] INFO django.server basehttp: "GET /happy-workplace/squares/ HTTP/1.1" 200 24337
[2026-09-26 20:50:35,421] INFO django.server basehttp: "GET /static/css/design-system.css?v=1790430635 HTTP/1.1" 200 7762
[2026-09-26 20:50:35,423] INFO django.server basehttp: "GET /static/js/hwp_play.js?v=1790430635 HTTP/1.1" 200 1103
[2026-09-26 20:50:35,424] INFO django.server basehttp: "GET /static/js/hwp_leaderboard.js?v=1790430635 HTTP/1.1" 200 1422
[2026-09-26 20:50:35,424] INFO django.server basehttp: "GET /static/css/happy_workplace.css?v=1790430635 HTTP/1.1" 200 38401
[2026-09-26 20:50:35,425] INFO django.server basehttp: "GET /static/css/app-shell.css?v=1790430635 HTTP/1.1" 200 41269
[2026-09-26 20:50:37,191] INFO django.server basehttp: "GET /happy-workplace/ HTTP/1.1" 200 17450
[2026-09-26 20:50:37,216] INFO django.server basehttp: "GET /static/css/design-system.css?v=1790430637 HTTP/1.1" 200 7762
[2026-09-26 20:50:37,218] INFO django.server basehttp: "GET /static/css/app-shell.css?v=1790430637 HTTP/1.1" 200 41269
[2026-09-26 20:50:37,218] INFO django.server basehttp: "GET /static/css/happy_workplace.css?v=1790430637 HTTP/1.1" 200 38401
[2026-09-26 20:50:38,726] INFO django.server basehttp: "GET /happy-workplace/typing-test/ HTTP/1.1" 200 18593
[2026-09-26 20:50:38,791] INFO django.server basehttp: "GET /static/css/design-system.css?v=1790430638 HTTP/1.1" 200 7762
[2026-09-26 20:50:38,793] INFO django.server basehttp: "GET /static/css/app-shell.css?v=1790430638 HTTP/1.1" 200 41269
[2026-09-26 20:50:38,796] INFO django.server basehttp: "GET /static/js/hwp_leaderboard.js?v=1790430638 HTTP/1.1" 200 1422
[2026-09-26 20:50:38,797] INFO django.server basehttp: "GET /static/css/happy_workplace.css?v=1790430638 HTTP/1.1" 200 38401
[2026-09-26 20:50:38,797] INFO django.server basehttp: "GET /static/js/hwp_play.js?v=1790430638 HTTP/1.1" 200 1103
[2026-09-26 20:50:43,701] INFO django.server basehttp: "GET /happy-workplace/ HTTP/1.1" 200 17450
[2026-09-26 20:50:43,727] INFO django.server basehttp: "GET /static/css/design-system.css?v=1790430643 HTTP/1.1" 200 7762
[2026-09-26 20:50:43,730] INFO django.server basehttp: "GET /static/css/app-shell.css?v=1790430643 HTTP/1.1" 200 41269
[2026-09-26 20:50:43,731] INFO django.server basehttp: "GET /static/css/happy_workplace.css?v=1790430643 HTTP/1.1" 200 38401
[2026-09-26 20:50:45,171] INFO django.server basehttp: "GET /happy-workplace/fortune-stick/ HTTP/1.1" 200 19688
[2026-09-26 20:50:45,233] INFO django.server basehttp: "GET /static/css/design-system.css?v=1790430645 HTTP/1.1" 200 7762
[2026-09-26 20:50:45,233] INFO django.server basehttp: "GET /static/css/app-shell.css?v=1790430645 HTTP/1.1" 200 41269
[2026-09-26 20:50:45,234] INFO django.server basehttp: "GET /static/css/happy_workplace.css?v=1790430645 HTTP/1.1" 200 38401
[2026-09-26 20:50:45,235] INFO django.server basehttp: "GET /static/js/hwp_play.js?v=1790430645 HTTP/1.1" 200 1103
[2026-09-26 20:50:46,499] INFO django.server basehttp: "GET /happy-workplace/ HTTP/1.1" 200 17450
[2026-09-26 20:50:46,523] INFO django.server basehttp: "GET /static/css/design-system.css?v=1790430646 HTTP/1.1" 200 7762
[2026-09-26 20:50:46,525] INFO django.server basehttp: "GET /static/css/app-shell.css?v=1790430646 HTTP/1.1" 200 41269
[2026-09-26 20:50:46,526] INFO django.server basehttp: "GET /static/css/happy_workplace.css?v=1790430646 HTTP/1.1" 200 38401
[2026-09-26 20:50:48,476] INFO django.server basehttp: "GET /happy-workplace/wordle/ HTTP/1.1" 200 23526
[2026-09-26 20:50:48,500] INFO django.server basehttp: "GET /static/css/design-system.css?v=1790430648 HTTP/1.1" 200 7762
[2026-09-26 20:50:48,503] INFO django.server basehttp: "GET /static/css/happy_workplace.css?v=1790430648 HTTP/1.1" 200 38401
[2026-09-26 20:50:48,503] INFO django.server basehttp: "GET /static/css/app-shell.css?v=1790430648 HTTP/1.1" 200 41269
[2026-09-26 20:50:48,504] INFO django.server basehttp: "GET /static/js/hwp_play.js?v=1790430648 HTTP/1.1" 200 1103
[2026-09-26 21:04:23,298] INFO django.server basehttp: "GET /happy-workplace/wordle/ HTTP/1.1" 200 32846
[2026-09-26 21:04:23,835] INFO django.server basehttp: "GET /static/css/design-system.css?v=1790431463 HTTP/1.1" 200 7762
[2026-09-26 21:04:23,838] INFO django.server basehttp: "GET /static/css/app-shell.css?v=1790431463 HTTP/1.1" 200 41269
[2026-09-26 21:04:23,838] INFO django.server basehttp: "GET /static/css/happy_workplace.css?v=1790431463 HTTP/1.1" 200 38401
[2026-09-26 21:04:23,839] INFO django.server basehttp: "GET /static/js/hwp_play.js?v=1790431463 HTTP/1.1" 200 1103
[2026-09-26 21:04:27,381] INFO django.server basehttp: "GET /happy-workplace/ HTTP/1.1" 200 17450
[2026-09-26 21:04:27,398] INFO django.server basehttp: "GET /static/css/design-system.css?v=1790431467 HTTP/1.1" 200 7762
[2026-09-26 21:04:27,399] INFO django.server basehttp: "GET /static/css/happy_workplace.css?v=1790431467 HTTP/1.1" 200 38401
[2026-09-26 21:04:27,400] INFO django.server basehttp: "GET /static/css/app-shell.css?v=1790431467 HTTP/1.1" 200 41269
[2026-09-26 21:04:30,057] INFO django.server basehttp: "GET / HTTP/1.1" 200 33667
[2026-09-26 21:04:30,074] INFO django.server basehttp: "GET /static/css/design-system.css?v=1790431470 HTTP/1.1" 200 7762
[2026-09-26 21:04:30,077] INFO django.server basehttp: "GET /static/css/home.css?v=1790431470 HTTP/1.1" 200 16683
[2026-09-26 21:04:34,263] INFO django.server basehttp: "GET /happy-workplace/ HTTP/1.1" 200 17450
[2026-09-26 21:04:34,283] INFO django.server basehttp: "GET /static/css/design-system.css?v=1790431474 HTTP/1.1" 200 7762
[2026-09-26 21:04:34,284] INFO django.server basehttp: "GET /static/css/app-shell.css?v=1790431474 HTTP/1.1" 200 41269
[2026-09-26 21:04:34,284] INFO django.server basehttp: "GET /static/css/happy_workplace.css?v=1790431474 HTTP/1.1" 200 38401
[2026-09-26 21:04:35,655] INFO django.server basehttp: "GET /happy-workplace/manage/ HTTP/1.1" 200 26135
[2026-09-26 21:04:35,711] INFO django.server basehttp: "GET /static/css/design-system.css?v=1790431475 HTTP/1.1" 200 7762
[2026-09-26 21:04:35,712] INFO django.server basehttp: "GET /static/css/app-shell.css?v=1790431475 HTTP/1.1" 200 41269
[2026-09-26 21:04:35,713] INFO django.server basehttp: "GET /static/css/happy_workplace.css?v=1790431475 HTTP/1.1" 200 38401
[2026-09-26 21:04:35,719] INFO django.server basehttp: "GET /media/happy_workplace/fortunes/p-1.jpg HTTP/1.1" 200 156028
[2026-09-26 21:04:35,720] INFO django.server basehttp: "GET /media/happy_workplace/fortunes/p-2.jpg HTTP/1.1" 200 157930
[2026-09-26 21:04:35,725] INFO django.server basehttp: "GET /media/happy_workplace/fortunes/p-3.jpg HTTP/1.1" 200 157127
[2026-09-26 21:04:35,726] INFO django.server basehttp: "GET /media/happy_workplace/fortunes/p-4.jpg HTTP/1.1" 200 161419
[2026-09-26 21:04:35,729] INFO django.server basehttp: "GET /media/happy_workplace/fortunes/p-5.jpg HTTP/1.1" 200 156107
[2026-09-26 21:04:35,731] INFO django.server basehttp: "GET /media/happy_workplace/fortunes/p-6.jpg HTTP/1.1" 200 155260
[2026-09-26 21:04:35,737] INFO django.server basehttp: "GET /media/happy_workplace/fortunes/p-7.jpg HTTP/1.1" 200 156407
[2026-09-26 21:04:35,738] INFO django.server basehttp: "GET /media/happy_workplace/fortunes/p-8.jpg HTTP/1.1" 200 151466
[2026-09-26 21:04:35,746] INFO django.server basehttp: "GET /media/happy_workplace/fortunes/p-9.jpg HTTP/1.1" 200 172498
[2026-09-26 21:04:35,746] INFO django.server basehttp: "GET /media/happy_workplace/fortunes/p-10.jpg HTTP/1.1" 200 138889
[2026-09-26 21:04:35,751] INFO django.server basehttp: "GET /media/happy_workplace/fortunes/p-11.jpg HTTP/1.1" 200 155558
[2026-09-26 21:04:35,752] INFO django.server basehttp: "GET /media/happy_workplace/fortunes/p-12.jpg HTTP/1.1" 200 152040
[2026-09-26 21:04:35,756] INFO django.server basehttp: "GET /media/happy_workplace/fortunes/p-13.jpg HTTP/1.1" 200 152718
[2026-09-26 21:04:35,757] INFO django.server basehttp: "GET /media/happy_workplace/fortunes/p-14.jpg HTTP/1.1" 200 174853
[2026-09-26 21:04:35,761] INFO django.server basehttp: "GET /media/happy_workplace/fortunes/p-15.jpg HTTP/1.1" 200 148557
[2026-09-26 21:04:35,761] INFO django.server basehttp: "GET /media/happy_workplace/fortunes/p-16.jpg HTTP/1.1" 200 127111
[2026-09-26 21:04:35,769] INFO django.server basehttp: "GET /media/happy_workplace/fortunes/p-17.jpg HTTP/1.1" 200 156009
[2026-09-26 21:04:35,777] INFO django.server basehttp: "GET /media/happy_workplace/fortunes/p-18.jpg HTTP/1.1" 200 129251
[2026-09-26 21:04:35,778] INFO django.server basehttp: "GET /media/happy_workplace/fortunes/p-19.jpg HTTP/1.1" 200 156639
[2026-09-26 21:04:35,781] INFO django.server basehttp: "GET /media/happy_workplace/fortunes/p-21.jpg HTTP/1.1" 200 148851
[2026-09-26 21:04:35,786] INFO django.server basehttp: "GET /media/happy_workplace/fortunes/p-22.jpg HTTP/1.1" 200 151413
[2026-09-26 21:04:35,787] INFO django.server basehttp: "GET /media/happy_workplace/fortunes/p-20.jpg HTTP/1.1" 200 155003
[2026-09-26 21:04:35,788] INFO django.server basehttp: "GET /media/happy_workplace/fortunes/p-23.jpg HTTP/1.1" 200 155558
[2026-09-26 21:04:35,793] INFO django.server basehttp: "GET /media/happy_workplace/fortunes/p-24.jpg HTTP/1.1" 200 162730
[2026-09-26 21:04:35,794] INFO django.server basehttp: "GET /media/happy_workplace/fortunes/p-25.jpg HTTP/1.1" 200 159355
[2026-09-26 21:04:35,796] INFO django.server basehttp: "GET /media/happy_workplace/fortunes/p-26.jpg HTTP/1.1" 200 155634
[2026-09-26 21:04:35,797] INFO django.server basehttp: "GET /media/happy_workplace/fortunes/p-28.jpg HTTP/1.1" 200 158678
[2026-09-26 21:04:35,797] INFO django.server basehttp: "GET /media/happy_workplace/fortunes/p-27.jpg HTTP/1.1" 200 160106
[2026-09-26 21:04:38,419] INFO django.server basehttp: "GET /happy-workplace/manage/poster/7/delete/ HTTP/1.1" 200 4674
[2026-09-26 21:04:38,474] INFO django.server basehttp: "GET /static/css/design-system.css?v=1790431478 HTTP/1.1" 200 7762
[2026-09-26 21:04:38,476] INFO django.server basehttp: "GET /static/css/app-shell.css?v=1790431478 HTTP/1.1" 200 41269
[2026-09-26 21:04:40,477] INFO django.server basehttp: "POST /happy-workplace/manage/poster/7/delete/ HTTP/1.1" 302 0
[2026-09-26 21:04:40,500] INFO django.server basehttp: "GET /happy-workplace/manage/ HTTP/1.1" 200 25772
[2026-09-26 21:04:40,523] INFO django.server basehttp: "GET /static/css/design-system.css?v=1790431480 HTTP/1.1" 200 7762
[2026-09-26 21:04:40,525] INFO django.server basehttp: "GET /static/css/app-shell.css?v=1790431480 HTTP/1.1" 200 41269
[2026-09-26 21:04:40,525] INFO django.server basehttp: "GET /static/css/happy_workplace.css?v=1790431480 HTTP/1.1" 200 38401
[2026-09-26 21:04:40,932] INFO django.server basehttp: "GET /happy-workplace/manage/ HTTP/1.1" 302 0
[2026-09-26 21:04:40,943] INFO django.server basehttp: "GET /login/?next=/happy-workplace/manage/ HTTP/1.1" 200 4915
[2026-09-26 21:04:41,436] INFO django.server basehttp: "GET /happy-workplace/manage/poster/8/delete/ HTTP/1.1" 200 4662
[2026-09-26 21:04:41,498] INFO django.server basehttp: - Broken pipe from ('127.0.0.1', 50718)
[2026-09-26 21:04:41,500] INFO django.server basehttp: "GET /static/css/design-system.css?v=1790431481 HTTP/1.1" 200 7762
[2026-09-26 21:04:41,500] INFO django.server basehttp: "GET /static/css/app-shell.css?v=1790431481 HTTP/1.1" 200 41269
[2026-09-26 21:04:42,347] INFO django.server basehttp: "POST /happy-workplace/manage/poster/8/delete/ HTTP/1.1" 302 0
[2026-09-26 21:04:42,373] INFO django.server basehttp: "GET /happy-workplace/manage/ HTTP/1.1" 200 25276
[2026-09-26 21:04:42,400] INFO django.server basehttp: "GET /static/css/design-system.css?v=1790431482 HTTP/1.1" 200 7762
[2026-09-26 21:04:42,405] INFO django.server basehttp: "GET /static/css/app-shell.css?v=1790431482 HTTP/1.1" 200 41269
[2026-09-26 21:04:42,407] INFO django.server basehttp: "GET /static/css/happy_workplace.css?v=1790431482 HTTP/1.1" 200 38401
[2026-09-26 21:04:43,480] INFO django.server basehttp: "GET /happy-workplace/manage/poster/9/delete/ HTTP/1.1" 200 4662
[2026-09-26 21:04:43,550] INFO django.server basehttp: "GET /static/css/design-system.css?v=1790431483 HTTP/1.1" 200 7762
[2026-09-26 21:04:43,550] INFO django.server basehttp: "GET /static/css/app-shell.css?v=1790431483 HTTP/1.1" 200 41269
[2026-09-26 21:04:44,493] INFO django.server basehttp: "POST /happy-workplace/manage/poster/9/delete/ HTTP/1.1" 302 0
[2026-09-26 21:04:44,517] INFO django.server basehttp: "GET /happy-workplace/manage/ HTTP/1.1" 200 24866
[2026-09-26 21:04:44,541] INFO django.server basehttp: "GET /static/css/design-system.css?v=1790431484 HTTP/1.1" 200 7762
[2026-09-26 21:04:44,542] INFO django.server basehttp: "GET /static/css/app-shell.css?v=1790431484 HTTP/1.1" 200 41269
[2026-09-26 21:04:44,544] INFO django.server basehttp: "GET /static/css/happy_workplace.css?v=1790431484 HTTP/1.1" 200 38401
[2026-09-26 21:04:45,582] INFO django.server basehttp: "GET /happy-workplace/ HTTP/1.1" 200 16295
[2026-09-26 21:04:45,609] INFO django.server basehttp: "GET /static/css/design-system.css?v=1790431485 HTTP/1.1" 200 7762
[2026-09-26 21:04:45,611] INFO django.server basehttp: "GET /static/css/happy_workplace.css?v=1790431485 HTTP/1.1" 200 38401
[2026-09-26 21:04:45,612] INFO django.server basehttp: "GET /static/css/app-shell.css?v=1790431485 HTTP/1.1" 200 41269
[2026-09-26 21:04:50,609] INFO django.server basehttp: "GET / HTTP/1.1" 200 33667
[2026-09-26 21:04:50,635] INFO django.server basehttp: "GET /static/css/design-system.css?v=1790431490 HTTP/1.1" 200 7762
[2026-09-26 21:04:50,635] INFO django.server basehttp: "GET /static/css/home.css?v=1790431490 HTTP/1.1" 200 16683
[2026-09-26 21:04:57,415] INFO django.server basehttp: "GET /utilities/ HTTP/1.1" 200 12346
[2026-09-26 21:04:57,743] INFO django.server basehttp: "GET /static/css/design-system.css?v=1790431497 HTTP/1.1" 200 7762
[2026-09-26 21:04:57,746] INFO django.server basehttp: "GET /static/css/app-shell.css?v=1790431497 HTTP/1.1" 200 41269
[2026-09-26 21:11:37,208] INFO django.server basehttp: "GET / HTTP/1.1" 200 33667
[2026-09-26 21:11:37,339] INFO django.server basehttp: "GET /static/css/design-system.css?v=1790431897 HTTP/1.1" 200 7762
[2026-09-26 21:11:37,340] INFO django.server basehttp: "GET /static/css/home.css?v=1790431897 HTTP/1.1" 200 16683
[2026-09-26 21:19:39,500] INFO django.server basehttp: "GET /dashboard/ HTTP/1.1" 200 8882
[2026-09-26 21:19:40,008] INFO django.server basehttp: "GET /static/css/design-system.css?v=1790432379 HTTP/1.1" 200 7762
[2026-09-26 21:19:40,009] INFO django.server basehttp: "GET /static/css/app-shell.css?v=1790432379 HTTP/1.1" 200 41269
[2026-09-26 21:19:40,681] INFO django.server basehttp: "GET /settings/home-appearance/ HTTP/1.1" 200 19276
[2026-09-26 21:19:40,965] INFO django.server basehttp: "GET /static/css/design-system.css?v=1790432380 HTTP/1.1" 200 7762
[2026-09-26 21:19:40,966] INFO django.server basehttp: "GET /static/css/app-shell.css?v=1790432380 HTTP/1.1" 200 41269
[2026-09-26 21:19:54,611] INFO django.server basehttp: "POST /settings/home-appearance/ HTTP/1.1" 302 0
[2026-09-26 21:19:54,629] INFO django.server basehttp: "GET /settings/home-appearance/ HTTP/1.1" 200 19526
[2026-09-26 21:19:54,652] INFO django.server basehttp: "GET /static/css/design-system.css?v=1790432394 HTTP/1.1" 200 7762
[2026-09-26 21:19:54,654] INFO django.server basehttp: "GET /static/css/app-shell.css?v=1790432394 HTTP/1.1" 200 41269
[2026-09-26 21:19:54,661] INFO django.server basehttp: "GET /media/hero/ChatGPT_Image_Sep_26_2026_09_18_03_PM.png HTTP/1.1" 200 2352788
[2026-09-26 21:19:57,241] INFO django.server basehttp: "GET / HTTP/1.1" 200 33692
[2026-09-26 21:19:57,294] INFO django.server basehttp: "GET /static/css/design-system.css?v=1790432397 HTTP/1.1" 200 7762
[2026-09-26 21:19:57,295] INFO django.server basehttp: "GET /static/css/home.css?v=1790432397 HTTP/1.1" 200 16683
[2026-09-26 21:19:57,307] INFO django.server basehttp: "GET /media/hero/ChatGPT_Image_Sep_26_2026_09_18_03_PM.png HTTP/1.1" 304 0
[2026-09-27 09:18:53,756] INFO django.server basehttp: "GET /internal/ HTTP/1.1" 302 0
[2026-09-27 09:18:53,800] INFO django.server basehttp: "GET /login/?next=/internal/ HTTP/1.1" 200 4901
[2026-09-27 09:18:54,189] INFO django.server basehttp: "GET /static/css/design-system.css?v=1790475533 HTTP/1.1" 200 7762
[2026-09-27 09:18:54,190] INFO django.server basehttp: "GET /static/css/home.css?v=1790475533 HTTP/1.1" 200 16683
[2026-09-27 09:18:55,873] INFO django.server basehttp: "GET / HTTP/1.1" 200 33353
[2026-09-27 09:18:55,897] INFO django.server basehttp: "GET /static/css/design-system.css?v=1790475535 HTTP/1.1" 200 7762
[2026-09-27 09:18:55,900] INFO django.server basehttp: "GET /static/css/home.css?v=1790475535 HTTP/1.1" 200 16683
[2026-09-27 09:18:55,909] INFO django.server basehttp: "GET /media/standards/ahri.png HTTP/1.1" 304 0
[2026-09-27 09:18:55,909] INFO django.server basehttp: "GET /media/standards/ilac-nsc.png HTTP/1.1" 304 0
[2026-09-27 09:18:55,910] INFO django.server basehttp: "GET /media/standards/egat-no5.png HTTP/1.1" 304 0
[2026-09-27 09:18:55,910] INFO django.server basehttp: "GET /media/standards/tisi.png HTTP/1.1" 304 0
[2026-09-27 09:18:55,921] INFO django.server basehttp: "GET /media/modules/processed/Manpower.gif HTTP/1.1" 304 0
[2026-09-27 09:18:55,924] INFO django.server basehttp: "GET /media/modules/processed/Cer.gif HTTP/1.1" 304 0
[2026-09-27 09:18:55,927] INFO django.server basehttp: "GET /media/modules/processed/Doc.gif HTTP/1.1" 304 0
[2026-09-27 09:18:55,928] INFO django.server basehttp: "GET /media/modules/processed/Happy.gif HTTP/1.1" 304 0
[2026-09-27 09:18:55,928] INFO django.server basehttp: "GET /media/modules/processed/Analytics.gif HTTP/1.1" 304 0
[2026-09-27 09:18:55,928] INFO django.server basehttp: "GET /media/modules/processed/Tool2.gif HTTP/1.1" 304 0
[2026-09-27 09:18:55,931] INFO django.server basehttp: "GET /media/hero/ChatGPT_Image_Sep_26_2026_09_18_03_PM.png HTTP/1.1" 304 0
[2026-09-27 09:19:01,646] INFO django.server basehttp: "GET /internal/ HTTP/1.1" 302 0
[2026-09-27 09:19:01,662] INFO django.server basehttp: "GET /login/?next=/internal/ HTTP/1.1" 200 4901
[2026-09-27 09:19:01,710] INFO django.server basehttp: "GET /static/css/design-system.css?v=1790475541 HTTP/1.1" 200 7762
[2026-09-27 09:19:01,711] INFO django.server basehttp: "GET /static/css/home.css?v=1790475541 HTTP/1.1" 200 16683
[2026-09-27 09:19:02,972] INFO django.server basehttp: "GET / HTTP/1.1" 200 33353
[2026-09-27 09:19:03,001] INFO django.server basehttp: "GET /static/css/design-system.css?v=1790475542 HTTP/1.1" 200 7762
[2026-09-27 09:19:03,003] INFO django.server basehttp: "GET /static/css/home.css?v=1790475542 HTTP/1.1" 200 16683
[2026-09-27 09:54:29,014] INFO django.server basehttp: "GET / HTTP/1.1" 200 33949
[2026-09-27 09:54:29,049] INFO django.server basehttp: "GET /media/standards/tisi.png HTTP/1.1" 304 0
[2026-09-27 09:54:29,049] INFO django.server basehttp: "GET /media/standards/egat-no5.png HTTP/1.1" 304 0
[2026-09-27 09:54:29,050] INFO django.server basehttp: "GET /static/css/home.css?v=1790477669 HTTP/1.1" 200 18589
[2026-09-27 09:54:29,051] INFO django.server basehttp: "GET /static/css/design-system.css?v=1790477669 HTTP/1.1" 200 7762
[2026-09-27 09:54:29,075] INFO django.server basehttp: "GET /media/standards/ilac-nsc.png HTTP/1.1" 304 0
[2026-09-27 09:54:29,076] INFO django.server basehttp: "GET /media/standards/ahri.png HTTP/1.1" 304 0
[2026-09-27 09:54:29,078] INFO django.server basehttp: "GET /media/modules/processed/Doc.gif HTTP/1.1" 304 0
[2026-09-27 09:54:29,078] INFO django.server basehttp: "GET /media/modules/processed/Manpower.gif HTTP/1.1" 304 0
[2026-09-27 09:54:29,079] INFO django.server basehttp: "GET /media/modules/processed/Cer.gif HTTP/1.1" 304 0
[2026-09-27 09:54:29,082] INFO django.server basehttp: "GET /media/modules/processed/Analytics.gif HTTP/1.1" 304 0
[2026-09-27 09:54:29,082] INFO django.server basehttp: "GET /media/modules/processed/Happy.gif HTTP/1.1" 304 0
[2026-09-27 09:54:29,101] INFO django.server basehttp: "GET /media/modules/processed/Tool2.gif HTTP/1.1" 304 0
[2026-09-27 09:54:29,135] INFO django.server basehttp: "GET /media/hero/ChatGPT_Image_Sep_26_2026_09_18_03_PM.png HTTP/1.1" 200 2352788
[2026-09-27 09:55:44,469] INFO django.server basehttp: "GET / HTTP/1.1" 200 33949
[2026-09-27 09:55:44,842] INFO django.server basehttp: "GET /static/css/design-system.css?v=1790477744 HTTP/1.1" 200 7762
[2026-09-27 09:55:44,845] INFO django.server basehttp: "GET /static/css/home.css?v=1790477744 HTTP/1.1" 200 18589
[2026-09-27 09:59:56,388] INFO django.server basehttp: "GET / HTTP/1.1" 200 33949
[2026-09-27 09:59:56,417] INFO django.server basehttp: "GET /static/css/design-system.css?v=1790477996 HTTP/1.1" 200 7762
[2026-09-27 09:59:56,419] INFO django.server basehttp: "GET /static/css/home.css?v=1790477996 HTTP/1.1" 200 18603
[2026-09-27 10:01:03,169] INFO django.server basehttp: "GET / HTTP/1.1" 200 33949
[2026-09-27 10:01:03,351] INFO django.server basehttp: "GET /static/css/design-system.css?v=1790478063 HTTP/1.1" 200 7762
[2026-09-27 10:01:03,352] INFO django.server basehttp: "GET /static/css/home.css?v=1790478063 HTTP/1.1" 200 18603
[2026-09-27 10:01:03,376] INFO django.server basehttp: "GET /media/modules/processed/Manpower.gif HTTP/1.1" 200 1581887
[2026-09-27 10:01:03,379] INFO django.server basehttp: "GET /media/hero/ChatGPT_Image_Sep_26_2026_09_18_03_PM.png HTTP/1.1" 200 2352788
[2026-09-27 10:05:40,427] INFO django.server basehttp: "GET / HTTP/1.1" 200 34506
[2026-09-27 10:05:40,450] INFO django.server basehttp: "GET /static/css/design-system.css?v=1790478340 HTTP/1.1" 200 7762
[2026-09-27 10:05:40,451] INFO django.server basehttp: "GET /static/css/home.css?v=1790478340 HTTP/1.1" 200 19625
[2026-09-27 10:06:20,992] INFO django.server basehttp: "GET / HTTP/1.1" 200 34506
[2026-09-27 10:06:21,057] INFO django.server basehttp: "GET /static/css/design-system.css?v=1790478380 HTTP/1.1" 200 7762
[2026-09-27 10:06:21,059] INFO django.server basehttp: "GET /static/css/home.css?v=1790478380 HTTP/1.1" 200 19623
[2026-09-27 10:06:55,794] INFO django.server basehttp: "GET / HTTP/1.1" 200 34506
[2026-09-27 10:06:55,965] INFO django.server basehttp: "GET /static/css/design-system.css?v=1790478415 HTTP/1.1" 200 7762
[2026-09-27 10:06:55,966] INFO django.server basehttp: "GET /static/css/home.css?v=1790478415 HTTP/1.1" 200 19623
[2026-09-27 10:06:55,995] INFO django.server basehttp: "GET /media/modules/processed/Manpower.gif HTTP/1.1" 200 1581887
[2026-09-27 10:06:55,998] INFO django.server basehttp: "GET /media/hero/ChatGPT_Image_Sep_26_2026_09_18_03_PM.png HTTP/1.1" 200 2352788
[2026-09-27 10:06:56,003] INFO django.server basehttp: "GET /media/modules/processed/Analytics.gif HTTP/1.1" 200 1552807
[2026-09-27 10:10:03,331] INFO django.server basehttp: "GET / HTTP/1.1" 200 34506
[2026-09-27 10:10:03,357] INFO django.server basehttp: "GET /static/css/design-system.css?v=1790478603 HTTP/1.1" 200 7762
[2026-09-27 10:10:03,358] INFO django.server basehttp: "GET /static/css/home.css?v=1790478603 HTTP/1.1" 200 19749
[2026-09-27 10:11:37,954] INFO django.server basehttp: "GET / HTTP/1.1" 200 34506
[2026-09-27 10:11:38,047] INFO django.server basehttp: "GET /static/css/design-system.css?v=1790478697 HTTP/1.1" 200 7762
[2026-09-27 10:11:38,047] INFO django.server basehttp: "GET /static/css/home.css?v=1790478697 HTTP/1.1" 200 19749
[2026-09-27 10:11:38,076] INFO django.server basehttp: "GET /media/hero/ChatGPT_Image_Sep_26_2026_09_18_03_PM.png HTTP/1.1" 200 2352788
[2026-09-27 10:11:38,080] INFO django.server basehttp: "GET /media/modules/processed/Manpower.gif HTTP/1.1" 200 1581887
[2026-09-27 10:11:38,084] INFO django.server basehttp: "GET /media/modules/processed/Analytics.gif HTTP/1.1" 200 1552807
[2026-09-27 10:19:51,043] INFO django.server basehttp: "GET /login/ HTTP/1.1" 200 4891
[2026-09-27 10:19:51,587] INFO django.server basehttp: "GET /static/css/design-system.css?v=1790479191 HTTP/1.1" 200 7762
[2026-09-27 10:19:51,587] INFO django.server basehttp: "GET /static/css/home.css?v=1790479191 HTTP/1.1" 200 19749
[2026-09-27 10:19:59,384] INFO django.server basehttp: "POST /login/ HTTP/1.1" 302 0
[2026-09-27 10:19:59,647] INFO django.server basehttp: "GET /dashboard/ HTTP/1.1" 200 8882
[2026-09-27 10:19:59,670] INFO django.server basehttp: "GET /static/css/design-system.css?v=1790479199 HTTP/1.1" 200 7762
[2026-09-27 10:19:59,671] INFO django.server basehttp: "GET /static/css/app-shell.css?v=1790479199 HTTP/1.1" 200 41269
[2026-09-27 10:20:02,519] INFO django.server basehttp: "GET / HTTP/1.1" 200 34845
[2026-09-27 10:20:02,545] INFO django.server basehttp: "GET /static/css/design-system.css?v=1790479202 HTTP/1.1" 200 7762
[2026-09-27 10:20:02,549] INFO django.server basehttp: "GET /static/css/home.css?v=1790479202 HTTP/1.1" 200 19749
[2026-09-27 10:20:06,249] INFO django.server basehttp: "GET /dashboard/ HTTP/1.1" 200 8882
[2026-09-27 10:20:06,281] INFO django.server basehttp: "GET /static/css/design-system.css?v=1790479206 HTTP/1.1" 200 7762
[2026-09-27 10:20:06,282] INFO django.server basehttp: "GET /static/css/app-shell.css?v=1790479206 HTTP/1.1" 200 41269
[2026-09-27 10:20:11,425] INFO django.server basehttp: "GET /settings/about-topics/ HTTP/1.1" 200 15272
[2026-09-27 10:20:11,743] INFO django.server basehttp: "GET /static/css/design-system.css?v=1790479211 HTTP/1.1" 200 7762
[2026-09-27 10:20:11,746] INFO django.server basehttp: "GET /static/css/app-shell.css?v=1790479211 HTTP/1.1" 200 41269
[2026-09-27 10:20:11,748] INFO django.server basehttp: "GET /media/about/Policy.jpg HTTP/1.1" 304 0
[2026-09-27 10:20:11,748] INFO django.server basehttp: "GET /media/about/ChatGPT_Image_Sep_23_2026_10_22_00_AM.png HTTP/1.1" 304 0
[2026-09-27 10:20:17,730] INFO django.server basehttp: "GET / HTTP/1.1" 200 34845
[2026-09-27 10:20:17,752] INFO django.server basehttp: "GET /static/css/design-system.css?v=1790479217 HTTP/1.1" 200 7762
[2026-09-27 10:20:17,752] INFO django.server basehttp: "GET /static/css/home.css?v=1790479217 HTTP/1.1" 200 19749
[2026-09-27 10:22:39,482] INFO django.server basehttp: "GET / HTTP/1.1" 200 34506
[2026-09-27 10:22:39,736] INFO django.server basehttp: "GET /static/css/design-system.css?v=1790479359 HTTP/1.1" 200 7762
[2026-09-27 10:22:39,736] INFO django.server basehttp: "GET /static/css/home.css?v=1790479359 HTTP/1.1" 200 21534
[2026-09-27 10:23:32,654] INFO django.server basehttp: "GET / HTTP/1.1" 200 35683
[2026-09-27 10:23:32,675] INFO django.server basehttp: "GET /static/css/design-system.css?v=1790479412 HTTP/1.1" 200 7762
[2026-09-27 10:23:32,676] INFO django.server basehttp: "GET /static/css/home.css?v=1790479412 HTTP/1.1" 200 21534
[2026-09-27 10:23:51,953] INFO django.server basehttp: "GET / HTTP/1.1" 200 36022
[2026-09-27 10:23:52,051] INFO django.server basehttp: "GET /static/css/design-system.css?v=1790479431 HTTP/1.1" 200 7762
[2026-09-27 10:23:52,051] INFO django.server basehttp: "GET /static/css/home.css?v=1790479431 HTTP/1.1" 200 21534
[2026-09-27 10:39:10,942] INFO django.server basehttp: "GET /documents/ HTTP/1.1" 200 22206
[2026-09-27 10:39:10,947] INFO django.server basehttp: "GET /static/css/design-system.css?v=1790425972 HTTP/1.1" 304 0
[2026-09-27 10:39:10,947] INFO django.server basehttp: "GET /static/css/app-shell.css?v=1790425972 HTTP/1.1" 304 0
[2026-09-27 10:39:11,269] INFO django.server basehttp: "GET /static/css/design-system.css?v=1790480350 HTTP/1.1" 200 7762
[2026-09-27 10:39:11,270] INFO django.server basehttp: "GET /static/css/app-shell.css?v=1790480350 HTTP/1.1" 200 41269
[2026-09-27 10:54:15,828] INFO django.server basehttp: "GET / HTTP/1.1" 200 32226
[2026-09-27 10:54:15,863] INFO django.server basehttp: "GET /static/css/home.css?v=1790481255 HTTP/1.1" 200 19400
[2026-09-27 10:54:15,864] INFO django.server basehttp: "GET /static/img/home/about/policy.webp HTTP/1.1" 200 32640
[2026-09-27 10:54:15,864] INFO django.server basehttp: "GET /static/css/design-system.css?v=1790481255 HTTP/1.1" 200 7762
[2026-09-27 10:54:15,864] INFO django.server basehttp: "GET /static/img/home/about/vision.webp HTTP/1.1" 200 29916
[2026-09-27 10:54:15,882] INFO django.server basehttp: "GET /static/img/home/about/objective.webp HTTP/1.1" 200 37974
[2026-09-27 10:54:15,885] INFO django.server basehttp: "GET /static/img/home/about/kpi.webp HTTP/1.1" 200 22032
[2026-09-27 10:54:15,886] INFO django.server basehttp: "GET /static/img/home/about/contact.webp HTTP/1.1" 200 31884
[2026-09-27 10:54:39,726] INFO django.server basehttp: "GET / HTTP/1.1" 200 32565
[2026-09-27 10:54:40,094] INFO django.server basehttp: "GET /static/css/design-system.css?v=1790481279 HTTP/1.1" 200 7762
[2026-09-27 10:54:40,095] INFO django.server basehttp: "GET /static/css/home.css?v=1790481279 HTTP/1.1" 200 19400
[2026-09-27 10:54:40,099] INFO django.server basehttp: "GET /static/img/home/about/policy.webp HTTP/1.1" 200 32640
[2026-09-27 10:54:40,099] INFO django.server basehttp: "GET /static/img/home/about/vision.webp HTTP/1.1" 200 29916
[2026-09-27 10:54:40,101] INFO django.server basehttp: "GET /static/img/home/about/objective.webp HTTP/1.1" 200 37974
[2026-09-27 10:54:40,102] INFO django.server basehttp: "GET /static/img/home/about/kpi.webp HTTP/1.1" 200 22032
[2026-09-27 10:54:40,103] INFO django.server basehttp: "GET /static/img/home/about/contact.webp HTTP/1.1" 200 31884
[2026-09-27 10:54:57,682] INFO django.server basehttp: "GET / HTTP/1.1" 200 32565
[2026-09-27 10:54:57,717] INFO django.server basehttp: "GET /static/css/design-system.css?v=1790481297 HTTP/1.1" 200 7762
[2026-09-27 10:54:57,717] INFO django.server basehttp: "GET /static/css/home.css?v=1790481297 HTTP/1.1" 200 19400
[2026-09-27 10:54:57,723] INFO django.server basehttp: "GET /static/img/home/about/contact.webp HTTP/1.1" 304 0
[2026-09-27 10:54:57,724] INFO django.server basehttp: "GET /static/img/home/about/policy.webp HTTP/1.1" 304 0
[2026-09-27 10:54:57,724] INFO django.server basehttp: "GET /static/img/home/about/vision.webp HTTP/1.1" 304 0
[2026-09-27 10:54:57,724] INFO django.server basehttp: "GET /static/img/home/about/kpi.webp HTTP/1.1" 304 0
[2026-09-27 10:54:57,726] INFO django.server basehttp: "GET /static/img/home/about/objective.webp HTTP/1.1" 304 0
[2026-09-27 10:54:59,709] INFO django.server basehttp: "GET / HTTP/1.1" 200 32565
[2026-09-27 10:54:59,741] INFO django.server basehttp: "GET /static/css/design-system.css?v=1790481299 HTTP/1.1" 200 7762
[2026-09-27 10:54:59,742] INFO django.server basehttp: "GET /static/css/home.css?v=1790481299 HTTP/1.1" 200 19400
[2026-09-27 10:55:26,747] INFO django.server basehttp: - Broken pipe from ('127.0.0.1', 53367)
[2026-09-27 10:55:26,749] INFO django.server basehttp: - Broken pipe from ('127.0.0.1', 53377)
[2026-09-27 10:57:13,662] INFO django.server basehttp: "GET / HTTP/1.1" 200 32246
[2026-09-27 10:57:13,694] INFO django.server basehttp: "GET /static/css/design-system.css?v=1790481433 HTTP/1.1" 200 7762
[2026-09-27 10:57:13,697] INFO django.server basehttp: "GET /static/img/home/about/policy.webp?v=2 HTTP/1.1" 200 36732
[2026-09-27 10:57:13,697] INFO django.server basehttp: "GET /static/css/home.css?v=1790481433 HTTP/1.1" 200 19400
[2026-09-27 10:57:13,697] INFO django.server basehttp: "GET /static/img/home/about/vision.webp?v=2 HTTP/1.1" 200 35930
[2026-09-27 10:57:13,721] INFO django.server basehttp: "GET /static/img/home/about/kpi.webp?v=2 HTTP/1.1" 200 27510
[2026-09-27 10:57:13,721] INFO django.server basehttp: "GET /static/img/home/about/objective.webp?v=2 HTTP/1.1" 200 45640
[2026-09-27 10:57:13,742] INFO django.server basehttp: "GET /static/img/home/about/contact.webp?v=2 HTTP/1.1" 200 41740
[2026-09-27 10:57:43,500] INFO django.server basehttp: "GET / HTTP/1.1" 200 32585
[2026-09-27 10:57:43,571] INFO django.server basehttp: "GET /static/css/design-system.css?v=1790481463 HTTP/1.1" 200 7762
[2026-09-27 10:57:43,573] INFO django.server basehttp: "GET /static/css/home.css?v=1790481463 HTTP/1.1" 200 19400
[2026-09-27 10:57:43,576] INFO django.server basehttp: "GET /static/img/home/about/policy.webp?v=2 HTTP/1.1" 200 36732
[2026-09-27 10:57:43,577] INFO django.server basehttp: "GET /static/img/home/about/vision.webp?v=2 HTTP/1.1" 200 35930
[2026-09-27 10:57:43,578] INFO django.server basehttp: "GET /static/img/home/about/objective.webp?v=2 HTTP/1.1" 200 45640
[2026-09-27 10:57:43,579] INFO django.server basehttp: "GET /static/img/home/about/kpi.webp?v=2 HTTP/1.1" 200 27510
[2026-09-27 10:57:43,580] INFO django.server basehttp: "GET /static/img/home/about/contact.webp?v=2 HTTP/1.1" 200 41740
[2026-09-27 10:57:43,608] INFO django.server basehttp: "GET /media/modules/processed/Manpower.gif HTTP/1.1" 200 1581887
[2026-09-27 11:02:31,260] INFO django.server basehttp: "GET / HTTP/1.1" 200 32246
[2026-09-27 11:02:31,297] INFO django.server basehttp: "GET /static/css/design-system.css?v=1790481751 HTTP/1.1" 200 7762
[2026-09-27 11:02:31,298] INFO django.server basehttp: "GET /static/img/home/about/policy.webp?v=3 HTTP/1.1" 200 34776
[2026-09-27 11:02:31,298] INFO django.server basehttp: "GET /static/img/home/about/vision.webp?v=3 HTTP/1.1" 200 30684
[2026-09-27 11:02:31,299] INFO django.server basehttp: "GET /static/css/home.css?v=1790481751 HTTP/1.1" 200 19400
[2026-09-27 11:02:31,334] INFO django.server basehttp: "GET /static/img/home/about/contact.webp?v=3 HTTP/1.1" 200 37640
[2026-09-27 11:02:31,334] INFO django.server basehttp: "GET /static/img/home/about/objective.webp?v=3 HTTP/1.1" 200 39310
[2026-09-27 11:02:31,334] INFO django.server basehttp: "GET /static/img/home/about/kpi.webp?v=3 HTTP/1.1" 200 27496
[2026-09-27 11:02:31,547] INFO django.server basehttp: "GET /media/about/ChatGPT_Image_Sep_23_2026_10_22_00_AM.png HTTP/1.1" 200 1777207
[2026-09-27 11:04:16,401] INFO django.server basehttp: "GET / HTTP/1.1" 200 32585
[2026-09-27 11:04:16,836] INFO django.server basehttp: "GET /static/css/design-system.css?v=1790481856 HTTP/1.1" 200 7762
[2026-09-27 11:04:16,836] INFO django.server basehttp: "GET /static/css/home.css?v=1790481856 HTTP/1.1" 200 19400
[2026-09-27 11:04:16,841] INFO django.server basehttp: "GET /static/img/home/about/vision.webp?v=3 HTTP/1.1" 200 30684
[2026-09-27 11:04:16,841] INFO django.server basehttp: "GET /static/img/home/about/policy.webp?v=3 HTTP/1.1" 200 34776
[2026-09-27 11:04:16,843] INFO django.server basehttp: "GET /static/img/home/about/objective.webp?v=3 HTTP/1.1" 200 39310
[2026-09-27 11:04:16,843] INFO django.server basehttp: "GET /static/img/home/about/kpi.webp?v=3 HTTP/1.1" 200 27496
[2026-09-27 11:04:16,845] INFO django.server basehttp: "GET /static/img/home/about/contact.webp?v=3 HTTP/1.1" 200 37640
[2026-09-27 11:04:16,864] INFO django.server basehttp: "GET /media/modules/processed/Manpower.gif HTTP/1.1" 200 1581887
[2026-09-27 11:04:54,080] INFO django.server basehttp: "GET /happy-workplace/ HTTP/1.1" 200 16295
[2026-09-27 11:04:54,478] INFO django.server basehttp: "GET /static/css/design-system.css?v=1790481894 HTTP/1.1" 200 7762
[2026-09-27 11:04:54,483] INFO django.server basehttp: "GET /static/css/app-shell.css?v=1790481894 HTTP/1.1" 200 41269
[2026-09-27 11:04:54,483] INFO django.server basehttp: "GET /static/css/happy_workplace.css?v=1790481894 HTTP/1.1" 200 38401
[2026-09-27 11:04:56,048] INFO django.server basehttp: "GET /happy-workplace/wordle/ HTTP/1.1" 200 32846
[2026-09-27 11:04:56,379] INFO django.server basehttp: "GET /static/css/design-system.css?v=1790481896 HTTP/1.1" 200 7762
[2026-09-27 11:04:56,383] INFO django.server basehttp: "GET /static/css/happy_workplace.css?v=1790481896 HTTP/1.1" 200 38401
[2026-09-27 11:04:56,383] INFO django.server basehttp: "GET /static/css/app-shell.css?v=1790481896 HTTP/1.1" 200 41269
[2026-09-27 11:04:56,385] INFO django.server basehttp: "GET /static/js/hwp_play.js?v=1790481896 HTTP/1.1" 200 1103
[2026-09-27 11:04:59,820] INFO django.server basehttp: "GET /happy-workplace/ HTTP/1.1" 200 16295
[2026-09-27 11:04:59,854] INFO django.server basehttp: "GET /static/css/design-system.css?v=1790481899 HTTP/1.1" 200 7762
[2026-09-27 11:04:59,857] INFO django.server basehttp: "GET /static/css/app-shell.css?v=1790481899 HTTP/1.1" 200 41269
[2026-09-27 11:04:59,858] INFO django.server basehttp: "GET /static/css/happy_workplace.css?v=1790481899 HTTP/1.1" 200 38401
[2026-09-27 11:05:00,993] INFO django.server basehttp: "GET /happy-workplace/manage/ HTTP/1.1" 200 24721
[2026-09-27 11:05:00,996] INFO django.server basehttp: "GET /static/css/happy_workplace.css?v=1790431475 HTTP/1.1" 304 0
[2026-09-27 11:05:00,996] INFO django.server basehttp: "GET /static/css/design-system.css?v=1790431475 HTTP/1.1" 304 0
[2026-09-27 11:05:00,997] INFO django.server basehttp: "GET /static/css/app-shell.css?v=1790431475 HTTP/1.1" 304 0
[2026-09-27 11:05:00,997] INFO django.server basehttp: "GET /media/happy_workplace/fortunes/p-4.jpg HTTP/1.1" 304 0
[2026-09-27 11:05:00,998] INFO django.server basehttp: "GET /media/happy_workplace/fortunes/p-3.jpg HTTP/1.1" 304 0
[2026-09-27 11:05:01,005] INFO django.server basehttp: "GET /media/happy_workplace/fortunes/p-5.jpg HTTP/1.1" 304 0
[2026-09-27 11:05:01,006] INFO django.server basehttp: "GET /media/happy_workplace/fortunes/p-2.jpg HTTP/1.1" 304 0
[2026-09-27 11:05:01,006] INFO django.server basehttp: "GET /media/happy_workplace/fortunes/p-7.jpg HTTP/1.1" 304 0
[2026-09-27 11:05:01,007] INFO django.server basehttp: "GET /media/happy_workplace/fortunes/p-9.jpg HTTP/1.1" 304 0
[2026-09-27 11:05:01,008] INFO django.server basehttp: "GET /media/happy_workplace/fortunes/p-6.jpg HTTP/1.1" 304 0
[2026-09-27 11:05:01,008] INFO django.server basehttp: "GET /media/happy_workplace/fortunes/p-1.jpg HTTP/1.1" 304 0
[2026-09-27 11:05:01,008] INFO django.server basehttp: "GET /media/happy_workplace/fortunes/p-8.jpg HTTP/1.1" 304 0
[2026-09-27 11:05:01,008] INFO django.server basehttp: "GET /media/happy_workplace/fortunes/p-10.jpg HTTP/1.1" 304 0
[2026-09-27 11:05:01,009] INFO django.server basehttp: "GET /media/happy_workplace/fortunes/p-11.jpg HTTP/1.1" 304 0
[2026-09-27 11:05:01,010] INFO django.server basehttp: "GET /media/happy_workplace/fortunes/p-12.jpg HTTP/1.1" 304 0
[2026-09-27 11:05:01,010] INFO django.server basehttp: "GET /media/happy_workplace/fortunes/p-13.jpg HTTP/1.1" 304 0
[2026-09-27 11:05:01,011] INFO django.server basehttp: "GET /media/happy_workplace/fortunes/p-14.jpg HTTP/1.1" 304 0
[2026-09-27 11:05:01,011] INFO django.server basehttp: "GET /media/happy_workplace/fortunes/p-15.jpg HTTP/1.1" 304 0
[2026-09-27 11:05:01,011] INFO django.server basehttp: "GET /media/happy_workplace/fortunes/p-17.jpg HTTP/1.1" 304 0
[2026-09-27 11:05:01,012] INFO django.server basehttp: "GET /media/happy_workplace/fortunes/p-19.jpg HTTP/1.1" 304 0
[2026-09-27 11:05:01,012] INFO django.server basehttp: "GET /media/happy_workplace/fortunes/p-16.jpg HTTP/1.1" 304 0
[2026-09-27 11:05:01,014] INFO django.server basehttp: "GET /media/happy_workplace/fortunes/p-21.jpg HTTP/1.1" 304 0
[2026-09-27 11:05:01,014] INFO django.server basehttp: "GET /media/happy_workplace/fortunes/p-20.jpg HTTP/1.1" 304 0
[2026-09-27 11:05:01,015] INFO django.server basehttp: "GET /media/happy_workplace/fortunes/p-18.jpg HTTP/1.1" 304 0
[2026-09-27 11:05:01,016] INFO django.server basehttp: "GET /media/happy_workplace/fortunes/p-23.jpg HTTP/1.1" 304 0
[2026-09-27 11:05:01,016] INFO django.server basehttp: "GET /media/happy_workplace/fortunes/p-22.jpg HTTP/1.1" 304 0
[2026-09-27 11:05:01,017] INFO django.server basehttp: "GET /media/happy_workplace/fortunes/p-25.jpg HTTP/1.1" 304 0
[2026-09-27 11:05:01,018] INFO django.server basehttp: "GET /media/happy_workplace/fortunes/p-24.jpg HTTP/1.1" 304 0
[2026-09-27 11:05:01,018] INFO django.server basehttp: "GET /media/happy_workplace/fortunes/p-26.jpg HTTP/1.1" 304 0
[2026-09-27 11:05:01,019] INFO django.server basehttp: "GET /media/happy_workplace/fortunes/p-27.jpg HTTP/1.1" 304 0
[2026-09-27 11:05:01,019] INFO django.server basehttp: "GET /media/happy_workplace/fortunes/p-28.jpg HTTP/1.1" 304 0
[2026-09-27 11:05:01,060] INFO django.server basehttp: "GET /static/css/design-system.css?v=1790481900 HTTP/1.1" 200 7762
[2026-09-27 11:05:01,064] INFO django.server basehttp: "GET /static/css/app-shell.css?v=1790481900 HTTP/1.1" 200 41269
[2026-09-27 11:05:01,064] INFO django.server basehttp: "GET /static/css/happy_workplace.css?v=1790481900 HTTP/1.1" 200 38401
[2026-09-27 11:05:17,634] INFO django.server basehttp: "POST /happy-workplace/manage/play-limit/ HTTP/1.1" 302 0
[2026-09-27 11:05:17,656] INFO django.server basehttp: "GET /happy-workplace/manage/ HTTP/1.1" 200 24944
[2026-09-27 11:05:17,933] INFO django.server basehttp: "GET /static/css/design-system.css?v=1790481917 HTTP/1.1" 200 7762
[2026-09-27 11:05:17,936] INFO django.server basehttp: "GET /static/css/happy_workplace.css?v=1790481917 HTTP/1.1" 200 38401
[2026-09-27 11:05:17,937] INFO django.server basehttp: "GET /static/css/app-shell.css?v=1790481917 HTTP/1.1" 200 41269
[2026-09-27 11:05:19,438] INFO django.server basehttp: "GET /happy-workplace/ HTTP/1.1" 200 16295
[2026-09-27 11:05:19,477] INFO django.server basehttp: "GET /static/css/design-system.css?v=1790481919 HTTP/1.1" 200 7762
[2026-09-27 11:05:19,480] INFO django.server basehttp: "GET /static/css/app-shell.css?v=1790481919 HTTP/1.1" 200 41269
[2026-09-27 11:05:19,481] INFO django.server basehttp: "GET /static/css/happy_workplace.css?v=1790481919 HTTP/1.1" 200 38401
[2026-09-27 11:05:20,880] INFO django.server basehttp: "GET /happy-workplace/typing-test/ HTTP/1.1" 200 18590
[2026-09-27 11:05:20,884] INFO django.server basehttp: "GET /static/css/design-system.css?v=1790430638 HTTP/1.1" 304 0
[2026-09-27 11:05:20,885] INFO django.server basehttp: "GET /static/css/app-shell.css?v=1790430638 HTTP/1.1" 304 0
[2026-09-27 11:05:20,886] INFO django.server basehttp: "GET /static/js/hwp_play.js?v=1790430638 HTTP/1.1" 304 0
[2026-09-27 11:05:20,887] INFO django.server basehttp: "GET /static/js/hwp_leaderboard.js?v=1790430638 HTTP/1.1" 304 0
[2026-09-27 11:05:20,889] INFO django.server basehttp: "GET /static/css/happy_workplace.css?v=1790430638 HTTP/1.1" 304 0
[2026-09-27 11:05:21,218] INFO django.server basehttp: "GET /static/css/design-system.css?v=1790481920 HTTP/1.1" 200 7762
[2026-09-27 11:05:21,222] INFO django.server basehttp: "GET /static/css/app-shell.css?v=1790481920 HTTP/1.1" 200 41269
[2026-09-27 11:05:21,222] INFO django.server basehttp: "GET /static/css/happy_workplace.css?v=1790481920 HTTP/1.1" 200 38401
[2026-09-27 11:05:21,223] INFO django.server basehttp: "GET /static/js/hwp_leaderboard.js?v=1790481920 HTTP/1.1" 200 1422
[2026-09-27 11:05:21,223] INFO django.server basehttp: "GET /static/js/hwp_play.js?v=1790481920 HTTP/1.1" 200 1103
[2026-09-27 11:05:22,206] INFO django.server basehttp: "POST /happy-workplace/play/typing/start/ HTTP/1.1" 200 40
[2026-09-27 11:05:25,263] INFO django.server basehttp: "GET /happy-workplace/ HTTP/1.1" 200 16295
[2026-09-27 11:05:25,292] INFO django.server basehttp: "GET /static/css/design-system.css?v=1790481925 HTTP/1.1" 200 7762
[2026-09-27 11:05:25,299] INFO django.server basehttp: "GET /static/css/happy_workplace.css?v=1790481925 HTTP/1.1" 200 38401
[2026-09-27 11:05:25,300] INFO django.server basehttp: "GET /static/css/app-shell.css?v=1790481925 HTTP/1.1" 200 41269
[2026-09-27 11:05:26,723] INFO django.server basehttp: "GET /happy-workplace/squares/ HTTP/1.1" 200 24165
[2026-09-27 11:05:26,727] INFO django.server basehttp: "GET /static/js/hwp_leaderboard.js?v=1790430631 HTTP/1.1" 304 0
[2026-09-27 11:05:26,728] INFO django.server basehttp: "GET /static/js/hwp_play.js?v=1790430631 HTTP/1.1" 304 0
[2026-09-27 11:05:26,729] INFO django.server basehttp: "GET /static/css/design-system.css?v=1790430631 HTTP/1.1" 304 0
[2026-09-27 11:05:26,730] INFO django.server basehttp: "GET /static/css/happy_workplace.css?v=1790430631 HTTP/1.1" 304 0
[2026-09-27 11:05:26,732] INFO django.server basehttp: "GET /static/css/app-shell.css?v=1790430631 HTTP/1.1" 304 0
[2026-09-27 11:05:26,803] INFO django.server basehttp: "GET /static/css/design-system.css?v=1790481926 HTTP/1.1" 200 7762
[2026-09-27 11:05:26,806] INFO django.server basehttp: "GET /static/js/hwp_play.js?v=1790481926 HTTP/1.1" 200 1103
[2026-09-27 11:05:26,807] INFO django.server basehttp: "GET /static/js/hwp_leaderboard.js?v=1790481926 HTTP/1.1" 200 1422
[2026-09-27 11:05:26,807] INFO django.server basehttp: "GET /static/css/happy_workplace.css?v=1790481926 HTTP/1.1" 200 38401
[2026-09-27 11:05:26,807] INFO django.server basehttp: "GET /static/css/app-shell.css?v=1790481926 HTTP/1.1" 200 41269
[2026-09-27 11:05:29,147] INFO django.server basehttp: "POST /happy-workplace/play/squares/start/ HTTP/1.1" 200 40
[2026-09-27 11:05:29,448] INFO django.server basehttp: "GET /happy-workplace/squares/puzzle/ HTTP/1.1" 200 437
[2026-09-27 11:05:29,507] INFO django.server basehttp: "GET /happy-workplace/squares/puzzle/ HTTP/1.1" 200 392
[2026-09-27 11:05:40,395] INFO django.server basehttp: "GET /happy-workplace/ HTTP/1.1" 200 16295
[2026-09-27 11:05:40,434] INFO django.server basehttp: "GET /static/css/design-system.css?v=1790481940 HTTP/1.1" 200 7762
[2026-09-27 11:05:40,436] INFO django.server basehttp: "GET /static/css/happy_workplace.css?v=1790481940 HTTP/1.1" 200 38401
[2026-09-27 11:05:40,437] INFO django.server basehttp: "GET /static/css/app-shell.css?v=1790481940 HTTP/1.1" 200 41269
[2026-09-27 11:05:43,394] INFO django.server basehttp: "GET /happy-workplace/typing-test/ HTTP/1.1" 200 18590
[2026-09-27 11:05:43,427] INFO django.server basehttp: "GET /static/css/design-system.css?v=1790481943 HTTP/1.1" 200 7762
[2026-09-27 11:05:43,427] INFO django.server basehttp: "GET /static/js/hwp_leaderboard.js?v=1790481943 HTTP/1.1" 200 1422
[2026-09-27 11:05:43,427] INFO django.server basehttp: "GET /static/css/happy_workplace.css?v=1790481943 HTTP/1.1" 200 38401
[2026-09-27 11:05:43,427] INFO django.server basehttp: "GET /static/js/hwp_play.js?v=1790481943 HTTP/1.1" 200 1103
[2026-09-27 11:05:43,428] INFO django.server basehttp: "GET /static/css/app-shell.css?v=1790481943 HTTP/1.1" 200 41269
[2026-09-27 11:08:52,542] INFO django.server basehttp: "GET /happy-workplace/typing-test/ HTTP/1.1" 200 16153
[2026-09-27 11:08:52,575] INFO django.server basehttp: "GET /static/css/design-system.css?v=1790482132 HTTP/1.1" 200 7762
[2026-09-27 11:08:52,578] INFO django.server basehttp: "GET /static/js/hwp_leaderboard.js?v=1790482132 HTTP/1.1" 200 1422
[2026-09-27 11:08:52,579] INFO django.server basehttp: "GET /static/js/hwp_play.js?v=1790482132 HTTP/1.1" 200 1103
[2026-09-27 11:08:52,580] INFO django.server basehttp: "GET /static/css/app-shell.css?v=1790482132 HTTP/1.1" 200 41269
[2026-09-27 11:08:52,581] INFO django.server basehttp: "GET /static/css/happy_workplace.css?v=1790482132 HTTP/1.1" 200 38401
[2026-09-27 11:08:59,576] INFO django.server basehttp: "POST /happy-workplace/play/typing/start/ HTTP/1.1" 200 40
[2026-09-27 11:09:32,882] INFO django.server basehttp: "GET /happy-workplace/typing-test/ HTTP/1.1" 200 19116
[2026-09-27 11:09:33,212] INFO django.server basehttp: "GET /static/css/design-system.css?v=1790482172 HTTP/1.1" 200 7762
[2026-09-27 11:09:33,216] INFO django.server basehttp: "GET /static/js/hwp_leaderboard.js?v=1790482172 HTTP/1.1" 200 1422
[2026-09-27 11:09:33,217] INFO django.server basehttp: "GET /static/js/hwp_play.js?v=1790482172 HTTP/1.1" 200 1103
[2026-09-27 11:09:33,218] INFO django.server basehttp: "GET /static/css/happy_workplace.css?v=1790482172 HTTP/1.1" 200 38401
[2026-09-27 11:09:33,218] INFO django.server basehttp: "GET /static/css/app-shell.css?v=1790482172 HTTP/1.1" 200 41269
[2026-09-27 11:09:34,709] INFO django.server basehttp: "GET /happy-workplace/typing-test/ HTTP/1.1" 200 19116
[2026-09-27 11:09:34,745] INFO django.server basehttp: "GET /static/js/hwp_leaderboard.js?v=1790482174 HTTP/1.1" 200 1422
[2026-09-27 11:09:34,746] INFO django.server basehttp: "GET /static/css/happy_workplace.css?v=1790482174 HTTP/1.1" 200 38401
[2026-09-27 11:09:34,746] INFO django.server basehttp: "GET /static/css/design-system.css?v=1790482174 HTTP/1.1" 200 7762
[2026-09-27 11:09:34,746] INFO django.server basehttp: "GET /static/css/app-shell.css?v=1790482174 HTTP/1.1" 200 41269
[2026-09-27 11:09:34,746] INFO django.server basehttp: "GET /static/js/hwp_play.js?v=1790482174 HTTP/1.1" 200 1103
[2026-09-27 11:09:39,876] INFO django.server basehttp: "GET /happy-workplace/game-score/typing_th/reset/ HTTP/1.1" 200 4665
[2026-09-27 11:09:39,945] INFO django.server basehttp: "GET /static/css/design-system.css?v=1790482179 HTTP/1.1" 200 7762
[2026-09-27 11:09:39,946] INFO django.server basehttp: "GET /static/css/app-shell.css?v=1790482179 HTTP/1.1" 200 41269
[2026-09-27 11:09:41,436] INFO django.server basehttp: "POST /happy-workplace/game-score/typing_th/reset/ HTTP/1.1" 302 0
[2026-09-27 11:09:41,492] INFO django.server basehttp: "GET /happy-workplace/typing-test/ HTTP/1.1" 200 19317
[2026-09-27 11:09:41,523] INFO django.server basehttp: "GET /static/css/design-system.css?v=1790482181 HTTP/1.1" 200 7762
[2026-09-27 11:09:41,525] INFO django.server basehttp: "GET /static/js/hwp_leaderboard.js?v=1790482181 HTTP/1.1" 200 1422
[2026-09-27 11:09:41,526] INFO django.server basehttp: "GET /static/js/hwp_play.js?v=1790482181 HTTP/1.1" 200 1103
[2026-09-27 11:09:41,526] INFO django.server basehttp: "GET /static/css/app-shell.css?v=1790482181 HTTP/1.1" 200 41269
[2026-09-27 11:09:41,527] INFO django.server basehttp: "GET /static/css/happy_workplace.css?v=1790482181 HTTP/1.1" 200 38401
[2026-09-27 11:09:43,163] INFO django.server basehttp: "GET /happy-workplace/game-score/typing_en/reset/ HTTP/1.1" 200 4683
[2026-09-27 11:09:43,241] INFO django.server basehttp: "GET /static/css/design-system.css?v=1790482183 HTTP/1.1" 200 7762
[2026-09-27 11:09:43,242] INFO django.server basehttp: "GET /static/css/app-shell.css?v=1790482183 HTTP/1.1" 200 41269
[2026-09-27 11:09:44,424] INFO django.server basehttp: "POST /happy-workplace/game-score/typing_en/reset/ HTTP/1.1" 302 0
[2026-09-27 11:09:44,449] INFO django.server basehttp: "GET /happy-workplace/typing-test/ HTTP/1.1" 200 19326
[2026-09-27 11:09:44,483] INFO django.server basehttp: "GET /static/css/design-system.css?v=1790482184 HTTP/1.1" 200 7762
[2026-09-27 11:09:44,486] INFO django.server basehttp: "GET /static/css/app-shell.css?v=1790482184 HTTP/1.1" 200 41269
[2026-09-27 11:09:44,487] INFO django.server basehttp: "GET /static/js/hwp_play.js?v=1790482184 HTTP/1.1" 200 1103
[2026-09-27 11:09:44,487] INFO django.server basehttp: "GET /static/css/happy_workplace.css?v=1790482184 HTTP/1.1" 200 38401
[2026-09-27 11:09:44,487] INFO django.server basehttp: "GET /static/js/hwp_leaderboard.js?v=1790482184 HTTP/1.1" 200 1422
[2026-09-27 11:09:49,177] INFO django.server basehttp: "POST /happy-workplace/play/typing/limit/ HTTP/1.1" 302 0
[2026-09-27 11:09:49,193] INFO django.server basehttp: "GET /happy-workplace/typing-test/ HTTP/1.1" 200 19303
[2026-09-27 11:09:49,495] INFO django.server basehttp: "GET /static/css/design-system.css?v=1790482189 HTTP/1.1" 200 7762
[2026-09-27 11:09:49,496] INFO django.server basehttp: "GET /static/js/hwp_leaderboard.js?v=1790482189 HTTP/1.1" 200 1422
[2026-09-27 11:09:49,497] INFO django.server basehttp: "GET /static/js/hwp_play.js?v=1790482189 HTTP/1.1" 200 1103
[2026-09-27 11:09:49,497] INFO django.server basehttp: "GET /static/css/happy_workplace.css?v=1790482189 HTTP/1.1" 200 38401
[2026-09-27 11:09:49,498] INFO django.server basehttp: "GET /static/css/app-shell.css?v=1790482189 HTTP/1.1" 200 41269
[2026-09-27 11:09:52,379] INFO django.server basehttp: "POST /happy-workplace/play/typing/start/ HTTP/1.1" 200 40
[2026-09-27 11:10:59,383] INFO django.server basehttp: "POST /happy-workplace/play/typing/limit/ HTTP/1.1" 302 0
[2026-09-27 11:10:59,392] INFO django.server basehttp: "GET /happy-workplace/typing-test/ HTTP/1.1" 200 19303
[2026-09-27 11:10:59,705] INFO django.server basehttp: "GET /static/css/design-system.css?v=1790482259 HTTP/1.1" 200 7762
[2026-09-27 11:10:59,711] INFO django.server basehttp: "GET /static/js/hwp_play.js?v=1790482259 HTTP/1.1" 200 1103
[2026-09-27 11:10:59,711] INFO django.server basehttp: "GET /static/js/hwp_leaderboard.js?v=1790482259 HTTP/1.1" 200 1422
[2026-09-27 11:10:59,712] INFO django.server basehttp: "GET /static/css/app-shell.css?v=1790482259 HTTP/1.1" 200 41269
[2026-09-27 11:10:59,712] INFO django.server basehttp: "GET /static/css/happy_workplace.css?v=1790482259 HTTP/1.1" 200 38401
[2026-09-27 11:11:01,160] INFO django.server basehttp: "GET /happy-workplace/ HTTP/1.1" 200 16295
[2026-09-27 11:11:01,204] INFO django.server basehttp: "GET /static/css/design-system.css?v=1790482261 HTTP/1.1" 200 7762
[2026-09-27 11:11:01,205] INFO django.server basehttp: "GET /static/css/app-shell.css?v=1790482261 HTTP/1.1" 200 41269
[2026-09-27 11:11:01,205] INFO django.server basehttp: "GET /static/css/happy_workplace.css?v=1790482261 HTTP/1.1" 200 38401
[2026-09-27 11:11:14,986] INFO django.server basehttp: "GET / HTTP/1.1" 200 32585
[2026-09-27 11:11:15,027] INFO django.server basehttp: "GET /static/img/home/about/kpi.webp?v=3 HTTP/1.1" 304 0
[2026-09-27 11:11:15,028] INFO django.server basehttp: "GET /static/img/home/about/policy.webp?v=3 HTTP/1.1" 304 0
[2026-09-27 11:11:15,029] INFO django.server basehttp: "GET /static/img/home/about/objective.webp?v=3 HTTP/1.1" 304 0
[2026-09-27 11:11:15,031] INFO django.server basehttp: "GET /static/css/home.css?v=1790482274 HTTP/1.1" 200 19400
[2026-09-27 11:11:15,031] INFO django.server basehttp: "GET /static/img/home/about/vision.webp?v=3 HTTP/1.1" 304 0
[2026-09-27 11:11:15,032] INFO django.server basehttp: "GET /static/img/home/about/contact.webp?v=3 HTTP/1.1" 304 0
[2026-09-27 11:11:15,033] INFO django.server basehttp: "GET /static/css/design-system.css?v=1790482274 HTTP/1.1" 200 7762
[2026-09-27 11:15:38,291] INFO django.server basehttp: "GET / HTTP/1.1" 200 32585
[2026-09-27 11:15:38,422] INFO django.server basehttp: "GET /static/css/design-system.css?v=1790482538 HTTP/1.1" 200 7762
[2026-09-27 11:15:38,424] INFO django.server basehttp: "GET /static/css/home.css?v=1790482538 HTTP/1.1" 200 19400
[2026-09-27 11:15:38,429] INFO django.server basehttp: "GET /static/img/home/about/vision.webp?v=3 HTTP/1.1" 304 0
[2026-09-27 11:15:38,429] INFO django.server basehttp: "GET /static/img/home/about/kpi.webp?v=3 HTTP/1.1" 304 0
[2026-09-27 11:15:38,431] INFO django.server basehttp: "GET /static/img/home/about/policy.webp?v=3 HTTP/1.1" 304 0
[2026-09-27 11:15:38,432] INFO django.server basehttp: "GET /static/img/home/about/contact.webp?v=3 HTTP/1.1" 304 0
[2026-09-27 11:15:38,432] INFO django.server basehttp: "GET /static/img/home/about/objective.webp?v=3 HTTP/1.1" 304 0
[2026-09-27 11:15:50,655] INFO django.server basehttp: "GET /happy-workplace/ HTTP/1.1" 200 15552
[2026-09-27 11:15:50,691] INFO django.server basehttp: "GET /static/css/design-system.css?v=1790482550 HTTP/1.1" 200 7762
[2026-09-27 11:15:50,693] INFO django.server basehttp: "GET /static/css/app-shell.css?v=1790482550 HTTP/1.1" 200 42063
[2026-09-27 11:15:50,694] INFO django.server basehttp: "GET /static/css/happy_workplace.css?v=1790482550 HTTP/1.1" 200 38401
[2026-09-27 11:16:22,506] INFO django.server basehttp: "POST /i18n/setlang/ HTTP/1.1" 302 0
[2026-09-27 11:16:22,524] INFO django.server basehttp: "GET /happy-workplace/ HTTP/1.1" 200 15638
[2026-09-27 11:16:22,546] INFO django.server basehttp: "GET /static/css/design-system.css?v=1790482582 HTTP/1.1" 200 7762
[2026-09-27 11:16:22,546] INFO django.server basehttp: "GET /static/css/happy_workplace.css?v=1790482582 HTTP/1.1" 200 38401
[2026-09-27 11:16:22,546] INFO django.server basehttp: "GET /static/css/app-shell.css?v=1790482582 HTTP/1.1" 200 42063
[2026-09-27 11:16:33,726] INFO django.server basehttp: "POST /i18n/setlang/ HTTP/1.1" 302 0
[2026-09-27 11:16:33,739] INFO django.server basehttp: "GET /happy-workplace/ HTTP/1.1" 200 15552
[2026-09-27 11:16:33,756] INFO django.server basehttp: "GET /static/css/design-system.css?v=1790482593 HTTP/1.1" 200 7762
[2026-09-27 11:16:33,757] INFO django.server basehttp: "GET /static/css/app-shell.css?v=1790482593 HTTP/1.1" 200 42063
[2026-09-27 11:16:33,758] INFO django.server basehttp: "GET /static/css/happy_workplace.css?v=1790482593 HTTP/1.1" 200 38401
[2026-09-27 11:17:49,105] INFO django.server basehttp: "GET / HTTP/1.1" 200 32586
[2026-09-27 11:17:49,145] INFO django.server basehttp: "GET /static/css/design-system.css?v=1790482669 HTTP/1.1" 200 7762
[2026-09-27 11:17:49,149] INFO django.server basehttp: "GET /static/img/home/about/policy.webp?v=3 HTTP/1.1" 304 0
[2026-09-27 11:17:49,150] INFO django.server basehttp: "GET /static/img/home/about/contact.webp?v=3 HTTP/1.1" 304 0
[2026-09-27 11:17:49,151] INFO django.server basehttp: "GET /static/img/home/about/vision.webp?v=3 HTTP/1.1" 304 0
[2026-09-27 11:17:49,151] INFO django.server basehttp: "GET /static/img/home/about/kpi.webp?v=3 HTTP/1.1" 304 0
[2026-09-27 11:17:49,151] INFO django.server basehttp: "GET /static/img/home/about/objective.webp?v=3 HTTP/1.1" 304 0
[2026-09-27 11:17:49,151] INFO django.server basehttp: "GET /static/css/home.css?v=1790482669 HTTP/1.1" 200 19400
[2026-09-27 11:18:00,594] INFO django.server basehttp: "GET /documents/ HTTP/1.1" 200 22767
[2026-09-27 11:18:00,690] INFO django.server basehttp: "GET /static/css/design-system.css?v=1790482680 HTTP/1.1" 200 7762
[2026-09-27 11:18:00,691] INFO django.server basehttp: "GET /static/css/app-shell.css?v=1790482680 HTTP/1.1" 200 42063
[2026-09-27 11:18:02,868] INFO django.server basehttp: "POST /i18n/setlang/ HTTP/1.1" 302 0
[2026-09-27 11:18:02,886] INFO django.server basehttp: "GET /documents/ HTTP/1.1" 200 22578
[2026-09-27 11:18:02,925] INFO django.server basehttp: "GET /static/css/design-system.css?v=1790482682 HTTP/1.1" 200 7762
[2026-09-27 11:18:02,926] INFO django.server basehttp: "GET /static/css/app-shell.css?v=1790482682 HTTP/1.1" 200 42063
[2026-09-27 11:18:03,966] INFO django.server basehttp: "POST /i18n/setlang/ HTTP/1.1" 302 0
[2026-09-27 11:18:03,995] INFO django.server basehttp: "GET /documents/ HTTP/1.1" 200 22767
[2026-09-27 11:18:04,031] INFO django.server basehttp: "GET /static/css/design-system.css?v=1790482683 HTTP/1.1" 200 7762
[2026-09-27 11:18:04,032] INFO django.server basehttp: "GET /static/css/app-shell.css?v=1790482683 HTTP/1.1" 200 42063
[2026-09-27 11:18:04,846] INFO django.server basehttp: "POST /i18n/setlang/ HTTP/1.1" 302 0
[2026-09-27 11:18:04,860] INFO django.server basehttp: "GET /documents/ HTTP/1.1" 200 22578
[2026-09-27 11:18:04,880] INFO django.server basehttp: "GET /static/css/design-system.css?v=1790482684 HTTP/1.1" 200 7762
[2026-09-27 11:18:04,882] INFO django.server basehttp: "GET /static/css/app-shell.css?v=1790482684 HTTP/1.1" 200 42063
[2026-09-27 11:18:06,837] INFO django.server basehttp: "GET / HTTP/1.1" 200 32586
[2026-09-27 11:18:06,867] INFO django.server basehttp: "GET /static/css/design-system.css?v=1790482686 HTTP/1.1" 200 7762
[2026-09-27 11:18:06,868] INFO django.server basehttp: "GET /static/css/home.css?v=1790482686 HTTP/1.1" 200 19400
[2026-09-27 11:18:09,050] INFO django.server basehttp: "GET /happy-workplace/ HTTP/1.1" 200 16663
[2026-09-27 11:18:09,116] INFO django.server basehttp: "GET /static/css/design-system.css?v=1790482689 HTTP/1.1" 200 7762
[2026-09-27 11:18:09,116] INFO django.server basehttp: "GET /static/css/app-shell.css?v=1790482689 HTTP/1.1" 200 42063
[2026-09-27 11:18:09,118] INFO django.server basehttp: "GET /static/css/happy_workplace.css?v=1790482689 HTTP/1.1" 200 38401
[2026-09-27 11:18:10,155] INFO django.server basehttp: "POST /i18n/setlang/ HTTP/1.1" 302 0
[2026-09-27 11:18:10,169] INFO django.server basehttp: "GET /happy-workplace/ HTTP/1.1" 200 16862
[2026-09-27 11:18:10,189] INFO django.server basehttp: "GET /static/css/design-system.css?v=1790482690 HTTP/1.1" 200 7762
[2026-09-27 11:18:10,190] INFO django.server basehttp: "GET /static/css/app-shell.css?v=1790482690 HTTP/1.1" 200 42063
[2026-09-27 11:18:10,190] INFO django.server basehttp: "GET /static/css/happy_workplace.css?v=1790482690 HTTP/1.1" 200 38401
[2026-09-27 11:18:10,979] INFO django.server basehttp: "POST /i18n/setlang/ HTTP/1.1" 302 0
[2026-09-27 11:18:10,994] INFO django.server basehttp: "GET /happy-workplace/ HTTP/1.1" 200 16663
[2026-09-27 11:18:11,459] INFO django.server basehttp: "GET /settings/standards/ HTTP/1.1" 200 21493
[2026-09-27 11:18:11,515] INFO django.server basehttp: "GET /static/css/design-system.css?v=1790482691 HTTP/1.1" 200 7762
[2026-09-27 11:18:11,517] INFO django.server basehttp: "GET /static/css/app-shell.css?v=1790482691 HTTP/1.1" 200 42063
[2026-09-27 11:18:12,257] INFO django.server basehttp: "POST /i18n/setlang/ HTTP/1.1" 302 0
[2026-09-27 11:18:12,281] INFO django.server basehttp: "GET /settings/standards/ HTTP/1.1" 200 21682
[2026-09-27 11:18:12,312] INFO django.server basehttp: "GET /static/css/design-system.css?v=1790482692 HTTP/1.1" 200 7762
[2026-09-27 11:18:12,313] INFO django.server basehttp: "GET /static/css/app-shell.css?v=1790482692 HTTP/1.1" 200 42063
[2026-09-27 11:18:13,630] INFO django.server basehttp: "POST /i18n/setlang/ HTTP/1.1" 302 0
[2026-09-27 11:18:13,655] INFO django.server basehttp: "GET /settings/standards/ HTTP/1.1" 200 21493
[2026-09-27 11:18:13,691] INFO django.server basehttp: "GET /static/css/design-system.css?v=1790482693 HTTP/1.1" 200 7762
[2026-09-27 11:18:13,691] INFO django.server basehttp: "GET /static/css/app-shell.css?v=1790482693 HTTP/1.1" 200 42063
[2026-09-27 11:18:16,360] INFO django.server basehttp: "GET / HTTP/1.1" 200 32586
[2026-09-27 11:18:16,397] INFO django.server basehttp: "GET /static/css/design-system.css?v=1790482696 HTTP/1.1" 200 7762
[2026-09-27 11:18:16,397] INFO django.server basehttp: "GET /static/css/home.css?v=1790482696 HTTP/1.1" 200 19400
[2026-09-27 11:18:21,902] INFO django.server basehttp: "GET /documents/ HTTP/1.1" 200 22578
[2026-09-27 11:18:21,925] INFO django.server basehttp: "GET /static/css/design-system.css?v=1790482701 HTTP/1.1" 200 7762
[2026-09-27 11:18:21,926] INFO django.server basehttp: "GET /static/css/app-shell.css?v=1790482701 HTTP/1.1" 200 42063
[2026-09-27 11:18:24,362] INFO django.server basehttp: "GET / HTTP/1.1" 200 32586
[2026-09-27 11:18:24,399] INFO django.server basehttp: "GET /static/css/design-system.css?v=1790482704 HTTP/1.1" 200 7762
[2026-09-27 11:18:24,400] INFO django.server basehttp: "GET /static/css/home.css?v=1790482704 HTTP/1.1" 200 19400
[2026-09-27 11:18:26,467] INFO django.server basehttp: "POST /logout/ HTTP/1.1" 302 0
[2026-09-27 11:18:26,495] INFO django.server basehttp: "GET / HTTP/1.1" 200 32247
[2026-09-27 11:18:26,536] INFO django.server basehttp: "GET /static/css/design-system.css?v=1790482706 HTTP/1.1" 200 7762
[2026-09-27 11:18:26,536] INFO django.server basehttp: "GET /static/css/home.css?v=1790482706 HTTP/1.1" 200 19400
[2026-09-27 11:18:26,836] INFO django.server basehttp: "GET /logout/ HTTP/1.1" 302 0
[2026-09-27 11:18:26,843] INFO django.server basehttp: "GET /login/?next=/logout/ HTTP/1.1" 200 4899
[2026-09-27 11:18:28,861] INFO django.server basehttp: "GET /documents/ HTTP/1.1" 200 22076
[2026-09-27 11:18:28,901] INFO django.server basehttp: "GET /static/css/design-system.css?v=1790482708 HTTP/1.1" 200 7762
[2026-09-27 11:18:28,902] INFO django.server basehttp: "GET /static/css/app-shell.css?v=1790482708 HTTP/1.1" 200 42063
[2026-09-27 11:18:31,516] INFO django.server basehttp: "POST /i18n/setlang/ HTTP/1.1" 302 0
[2026-09-27 11:18:31,537] INFO django.server basehttp: "GET /documents/ HTTP/1.1" 200 22013
[2026-09-27 11:18:31,563] INFO django.server basehttp: "GET /static/css/design-system.css?v=1790482711 HTTP/1.1" 200 7762
[2026-09-27 11:18:31,566] INFO django.server basehttp: "GET /static/css/app-shell.css?v=1790482711 HTTP/1.1" 200 42063
[2026-09-27 11:18:33,584] INFO django.server basehttp: "POST /i18n/setlang/ HTTP/1.1" 302 0
[2026-09-27 11:18:33,609] INFO django.server basehttp: "GET /documents/ HTTP/1.1" 200 21937
[2026-09-27 11:18:33,642] INFO django.server basehttp: "GET /static/css/design-system.css?v=1790482713 HTTP/1.1" 200 7762
[2026-09-27 11:18:33,644] INFO django.server basehttp: "GET /static/css/app-shell.css?v=1790482713 HTTP/1.1" 200 42063
[2026-09-27 11:18:33,729] INFO django.server basehttp: "GET /documents/ HTTP/1.1" 200 22013
[2026-09-27 11:18:35,795] INFO django.server basehttp: "POST /i18n/setlang/ HTTP/1.1" 302 0
[2026-09-27 11:18:35,809] INFO django.server basehttp: "GET /documents/ HTTP/1.1" 200 22013
[2026-09-27 11:18:35,834] INFO django.server basehttp: "GET /static/css/design-system.css?v=1790482715 HTTP/1.1" 200 7762
[2026-09-27 11:18:35,835] INFO django.server basehttp: "GET /static/css/app-shell.css?v=1790482715 HTTP/1.1" 200 42063
[2026-09-27 11:18:36,976] INFO django.server basehttp: "POST /i18n/setlang/ HTTP/1.1" 302 0
[2026-09-27 11:18:36,993] INFO django.server basehttp: "GET /documents/ HTTP/1.1" 200 21937
[2026-09-27 11:18:37,018] INFO django.server basehttp: "GET /static/css/design-system.css?v=1790482716 HTTP/1.1" 200 7762
[2026-09-27 11:18:37,019] INFO django.server basehttp: "GET /static/css/app-shell.css?v=1790482716 HTTP/1.1" 200 42063
[2026-09-27 11:18:39,381] INFO django.server basehttp: "POST /i18n/setlang/ HTTP/1.1" 302 0
[2026-09-27 11:18:39,408] INFO django.server basehttp: "GET /documents/ HTTP/1.1" 200 22013
[2026-09-27 11:18:39,446] INFO django.server basehttp: "GET /static/css/design-system.css?v=1790482719 HTTP/1.1" 200 7762
[2026-09-27 11:18:39,447] INFO django.server basehttp: "GET /static/css/app-shell.css?v=1790482719 HTTP/1.1" 200 42063
[2026-09-27 11:18:40,609] INFO django.server basehttp: "POST /i18n/setlang/ HTTP/1.1" 302 0
[2026-09-27 11:18:40,637] INFO django.server basehttp: "GET /documents/ HTTP/1.1" 200 21937
[2026-09-27 11:18:40,672] INFO django.server basehttp: "GET /static/css/design-system.css?v=1790482720 HTTP/1.1" 200 7762
[2026-09-27 11:18:40,674] INFO django.server basehttp: "GET /static/css/app-shell.css?v=1790482720 HTTP/1.1" 200 42063
[2026-09-27 11:18:41,797] INFO django.server basehttp: "POST /i18n/setlang/ HTTP/1.1" 302 0
[2026-09-27 11:18:41,821] INFO django.server basehttp: "GET /documents/ HTTP/1.1" 200 22013
[2026-09-27 11:18:41,854] INFO django.server basehttp: "GET /static/css/design-system.css?v=1790482721 HTTP/1.1" 200 7762
[2026-09-27 11:18:41,856] INFO django.server basehttp: "GET /static/css/app-shell.css?v=1790482721 HTTP/1.1" 200 42063
[2026-09-27 11:18:44,247] INFO django.server basehttp: "POST /i18n/setlang/ HTTP/1.1" 302 0
[2026-09-27 11:18:44,273] INFO django.server basehttp: "GET /documents/ HTTP/1.1" 200 21937
[2026-09-27 11:18:44,303] INFO django.server basehttp: "GET /static/css/design-system.css?v=1790482724 HTTP/1.1" 200 7762
[2026-09-27 11:18:44,305] INFO django.server basehttp: "GET /static/css/app-shell.css?v=1790482724 HTTP/1.1" 200 42063
[2026-09-27 11:18:45,183] INFO django.server basehttp: "POST /i18n/setlang/ HTTP/1.1" 302 0
[2026-09-27 11:18:45,210] INFO django.server basehttp: "GET /documents/ HTTP/1.1" 200 22013
[2026-09-27 11:18:45,249] INFO django.server basehttp: "GET /static/css/design-system.css?v=1790482725 HTTP/1.1" 200 7762
[2026-09-27 11:18:45,250] INFO django.server basehttp: "GET /static/css/app-shell.css?v=1790482725 HTTP/1.1" 200 42063
[2026-09-27 11:18:48,018] INFO django.server basehttp: "GET / HTTP/1.1" 200 32247
[2026-09-27 11:18:48,056] INFO django.server basehttp: "GET /static/css/design-system.css?v=1790482728 HTTP/1.1" 200 7762
[2026-09-27 11:18:48,057] INFO django.server basehttp: "GET /static/css/home.css?v=1790482728 HTTP/1.1" 200 19400
[2026-09-27 11:19:39,528] INFO django.server basehttp: "GET /internal/ HTTP/1.1" 302 0
[2026-09-27 11:19:39,557] INFO django.server basehttp: "GET /login/?next=/internal/ HTTP/1.1" 200 4901
[2026-09-27 11:19:39,896] INFO django.server basehttp: "GET /static/css/design-system.css?v=1790482779 HTTP/1.1" 200 7762
[2026-09-27 11:19:39,897] INFO django.server basehttp: "GET /static/css/home.css?v=1790482779 HTTP/1.1" 200 19400
[2026-09-27 11:19:41,064] INFO django.server basehttp: "GET / HTTP/1.1" 200 32247
[2026-09-27 11:19:41,107] INFO django.server basehttp: "GET /static/css/design-system.css?v=1790482781 HTTP/1.1" 200 7762
[2026-09-27 11:19:41,107] INFO django.server basehttp: "GET /static/css/home.css?v=1790482781 HTTP/1.1" 200 19400
[2026-09-27 11:19:41,111] INFO django.server basehttp: "GET /static/img/home/about/objective.webp?v=3 HTTP/1.1" 304 0
[2026-09-27 11:19:41,114] INFO django.server basehttp: "GET /static/img/home/about/kpi.webp?v=3 HTTP/1.1" 304 0
[2026-09-27 11:19:41,114] INFO django.server basehttp: "GET /static/img/home/about/vision.webp?v=3 HTTP/1.1" 304 0
[2026-09-27 11:19:41,115] INFO django.server basehttp: "GET /static/img/home/about/contact.webp?v=3 HTTP/1.1" 304 0
[2026-09-27 11:19:41,117] INFO django.server basehttp: "GET /static/img/home/about/policy.webp?v=3 HTTP/1.1" 304 0
[2026-09-27 11:19:44,720] INFO django.server basehttp: "GET /documents/ HTTP/1.1" 200 22013
[2026-09-27 11:19:44,748] INFO django.server basehttp: "GET /static/css/design-system.css?v=1790482784 HTTP/1.1" 200 7762
[2026-09-27 11:19:44,749] INFO django.server basehttp: "GET /static/css/app-shell.css?v=1790482784 HTTP/1.1" 200 42063
[2026-09-27 11:19:46,547] INFO django.server basehttp: "POST /i18n/setlang/ HTTP/1.1" 302 0
[2026-09-27 11:19:46,562] INFO django.server basehttp: "GET /documents/ HTTP/1.1" 200 21937
[2026-09-27 11:19:46,583] INFO django.server basehttp: "GET /static/css/design-system.css?v=1790482786 HTTP/1.1" 200 7762
[2026-09-27 11:19:46,584] INFO django.server basehttp: "GET /static/css/app-shell.css?v=1790482786 HTTP/1.1" 200 42063
[2026-09-27 11:19:47,479] INFO django.server basehttp: "POST /i18n/setlang/ HTTP/1.1" 302 0
[2026-09-27 11:19:47,506] INFO django.server basehttp: "GET /documents/ HTTP/1.1" 200 22013
[2026-09-27 11:19:47,540] INFO django.server basehttp: "GET /static/css/design-system.css?v=1790482787 HTTP/1.1" 200 7762
[2026-09-27 11:19:47,543] INFO django.server basehttp: "GET /static/css/app-shell.css?v=1790482787 HTTP/1.1" 200 42063
[2026-09-27 11:19:48,392] INFO django.server basehttp: "POST /i18n/setlang/ HTTP/1.1" 302 0
[2026-09-27 11:19:48,419] INFO django.server basehttp: "GET /documents/ HTTP/1.1" 200 21937
[2026-09-27 11:19:48,458] INFO django.server basehttp: "GET /static/css/design-system.css?v=1790482788 HTTP/1.1" 200 7762
[2026-09-27 11:19:48,459] INFO django.server basehttp: "GET /static/css/app-shell.css?v=1790482788 HTTP/1.1" 200 42063
[2026-09-27 11:19:49,224] INFO django.server basehttp: "POST /i18n/setlang/ HTTP/1.1" 302 0
[2026-09-27 11:19:49,257] INFO django.server basehttp: "GET /documents/ HTTP/1.1" 200 22013
[2026-09-27 11:19:49,289] INFO django.server basehttp: "GET /static/css/design-system.css?v=1790482789 HTTP/1.1" 200 7762
[2026-09-27 11:19:49,292] INFO django.server basehttp: "GET /static/css/app-shell.css?v=1790482789 HTTP/1.1" 200 42063
[2026-09-27 11:19:50,171] INFO django.server basehttp: "GET / HTTP/1.1" 200 32247
[2026-09-27 11:19:50,205] INFO django.server basehttp: "GET /static/css/design-system.css?v=1790482790 HTTP/1.1" 200 7762
[2026-09-27 11:19:50,208] INFO django.server basehttp: "GET /static/css/home.css?v=1790482790 HTTP/1.1" 200 19400
[2026-09-27 11:20:09,881] INFO django.server basehttp: "GET /login/ HTTP/1.1" 200 4891
[2026-09-27 11:20:09,922] INFO django.server basehttp: "GET /static/css/design-system.css?v=1790482809 HTTP/1.1" 200 7762
[2026-09-27 11:20:09,923] INFO django.server basehttp: "GET /static/css/home.css?v=1790482809 HTTP/1.1" 200 19400
[2026-09-27 11:20:25,749] INFO django.server basehttp: "POST /login/ HTTP/1.1" 200 5376
[2026-09-27 11:20:25,776] INFO django.server basehttp: "GET /static/css/home.css?v=1790482825 HTTP/1.1" 200 19400
[2026-09-27 11:20:25,776] INFO django.server basehttp: "GET /static/css/design-system.css?v=1790482825 HTTP/1.1" 200 7762
[2026-09-27 11:20:34,385] INFO django.server basehttp: "POST /login/ HTTP/1.1" 200 5376
[2026-09-27 11:20:34,413] INFO django.server basehttp: "GET /static/css/home.css?v=1790482834 HTTP/1.1" 200 19400
[2026-09-27 11:20:34,414] INFO django.server basehttp: "GET /static/css/design-system.css?v=1790482834 HTTP/1.1" 200 7762
[2026-09-27 11:20:51,573] INFO django.server basehttp: "POST /login/ HTTP/1.1" 302 0
[2026-09-27 11:20:51,584] INFO django.server basehttp: "GET /dashboard/ HTTP/1.1" 200 9467
[2026-09-27 11:20:51,667] INFO django.server basehttp: "GET /static/css/design-system.css?v=1790482851 HTTP/1.1" 200 7762
[2026-09-27 11:20:51,668] INFO django.server basehttp: "GET /static/css/app-shell.css?v=1790482851 HTTP/1.1" 200 42063
[2026-09-27 11:21:08,789] INFO django.server basehttp: "GET /documents/ HTTP/1.1" 200 22767
[2026-09-27 11:21:08,828] INFO django.server basehttp: "GET /static/css/design-system.css?v=1790482868 HTTP/1.1" 200 7762
[2026-09-27 11:21:08,830] INFO django.server basehttp: "GET /static/css/app-shell.css?v=1790482868 HTTP/1.1" 200 42063
[2026-09-27 11:21:09,946] INFO django.server basehttp: "GET /dashboard/ HTTP/1.1" 200 9467
[2026-09-27 11:21:09,973] INFO django.server basehttp: "GET /static/css/design-system.css?v=1790482869 HTTP/1.1" 200 7762
[2026-09-27 11:21:09,975] INFO django.server basehttp: "GET /static/css/app-shell.css?v=1790482869 HTTP/1.1" 200 42063
[2026-09-27 11:21:10,536] INFO django.server basehttp: "GET /documents/ HTTP/1.1" 200 22767
[2026-09-27 11:21:10,577] INFO django.server basehttp: "GET /static/css/design-system.css?v=1790482870 HTTP/1.1" 200 7762
[2026-09-27 11:21:10,578] INFO django.server basehttp: "GET /static/css/app-shell.css?v=1790482870 HTTP/1.1" 200 42063
[2026-09-27 11:21:11,059] INFO django.server basehttp: "GET /dashboard/ HTTP/1.1" 200 9467
[2026-09-27 11:21:11,102] INFO django.server basehttp: "GET /static/css/design-system.css?v=1790482871 HTTP/1.1" 200 7762
[2026-09-27 11:21:11,103] INFO django.server basehttp: "GET /static/css/app-shell.css?v=1790482871 HTTP/1.1" 200 42063
[2026-09-27 11:21:12,892] INFO django.server basehttp: "GET /documents/ HTTP/1.1" 200 22767
[2026-09-27 11:21:12,933] INFO django.server basehttp: "GET /static/css/design-system.css?v=1790482872 HTTP/1.1" 200 7762
[2026-09-27 11:21:12,934] INFO django.server basehttp: "GET /static/css/app-shell.css?v=1790482872 HTTP/1.1" 200 42063
[2026-09-27 11:21:13,404] INFO django.server basehttp: "GET /dashboard/ HTTP/1.1" 200 9467
[2026-09-27 11:21:13,446] INFO django.server basehttp: "GET /static/css/design-system.css?v=1790482873 HTTP/1.1" 200 7762
[2026-09-27 11:21:13,449] INFO django.server basehttp: "GET /static/css/app-shell.css?v=1790482873 HTTP/1.1" 200 42063
[2026-09-27 11:21:13,797] INFO django.server basehttp: "GET /documents/ HTTP/1.1" 200 22767
[2026-09-27 11:21:14,480] INFO django.server basehttp: "GET /employees/ HTTP/1.1" 200 5466
[2026-09-27 11:21:14,834] INFO django.server basehttp: "GET /static/css/design-system.css?v=1790482874 HTTP/1.1" 200 7762
[2026-09-27 11:21:14,834] INFO django.server basehttp: "GET /static/css/app-shell.css?v=1790482874 HTTP/1.1" 200 42063
[2026-09-27 11:21:15,524] INFO django.server basehttp: "GET /certificates/ HTTP/1.1" 200 5382
[2026-09-27 11:21:15,847] INFO django.server basehttp: "GET /static/css/design-system.css?v=1790482875 HTTP/1.1" 200 7762
[2026-09-27 11:21:15,848] INFO django.server basehttp: "GET /static/css/app-shell.css?v=1790482875 HTTP/1.1" 200 42063
[2026-09-27 11:21:16,901] INFO django.server basehttp: "GET /monitoring/ HTTP/1.1" 200 5416
[2026-09-27 11:21:16,970] INFO django.server basehttp: "GET /static/css/design-system.css?v=1790482876 HTTP/1.1" 200 7762
[2026-09-27 11:21:16,971] INFO django.server basehttp: "GET /static/css/app-shell.css?v=1790482876 HTTP/1.1" 200 42063
[2026-09-27 11:21:17,910] INFO django.server basehttp: "GET /utilities/ HTTP/1.1" 200 12907
[2026-09-27 11:21:17,958] INFO django.server basehttp: "GET /static/css/design-system.css?v=1790482877 HTTP/1.1" 200 7762
[2026-09-27 11:21:17,959] INFO django.server basehttp: "GET /static/css/app-shell.css?v=1790482877 HTTP/1.1" 200 42063
[2026-09-27 11:21:17,961] INFO django.server basehttp: "GET /media/tools/icons/image_6.png HTTP/1.1" 304 0
[2026-09-27 11:21:17,961] INFO django.server basehttp: "GET /media/tools/icons/image_7.png HTTP/1.1" 304 0
[2026-09-27 11:21:17,968] INFO django.server basehttp: "GET /media/tools/icons/image_11.png HTTP/1.1" 304 0
[2026-09-27 11:21:17,969] INFO django.server basehttp: "GET /media/tools/icons/image_10.png HTTP/1.1" 304 0
[2026-09-27 11:21:17,969] INFO django.server basehttp: "GET /media/tools/icons/image_12.png HTTP/1.1" 304 0
[2026-09-27 11:21:17,969] INFO django.server basehttp: "GET /media/tools/icons/image_9.png HTTP/1.1" 304 0
[2026-09-27 11:21:17,970] INFO django.server basehttp: "GET /media/tools/icons/image_21.png HTTP/1.1" 304 0
[2026-09-27 11:21:17,970] INFO django.server basehttp: "GET /media/tools/icons/image_19.png HTTP/1.1" 304 0
[2026-09-27 11:21:17,971] INFO django.server basehttp: "GET /media/tools/icons/image_17.png HTTP/1.1" 304 0
[2026-09-27 11:21:17,971] INFO django.server basehttp: "GET /media/tools/icons/image_8.png HTTP/1.1" 304 0
[2026-09-27 11:21:17,972] INFO django.server basehttp: "GET /media/tools/icons/image_20.png HTTP/1.1" 304 0
[2026-09-27 11:21:17,973] INFO django.server basehttp: "GET /media/tools/icons/image_13.png HTTP/1.1" 304 0
[2026-09-27 11:21:17,974] INFO django.server basehttp: "GET /media/tools/icons/image_14.png HTTP/1.1" 304 0
[2026-09-27 11:21:17,973] INFO django.server basehttp: "GET /media/tools/icons/image_16.png HTTP/1.1" 304 0
[2026-09-27 11:21:17,974] INFO django.server basehttp: "GET /media/tools/icons/image_18.png HTTP/1.1" 304 0
[2026-09-27 11:21:17,974] INFO django.server basehttp: "GET /media/tools/icons/image_15.png HTTP/1.1" 304 0
[2026-09-27 11:21:19,740] INFO django.server basehttp: "GET /datasources/browse/ HTTP/1.1" 200 15824
[2026-09-27 11:21:20,059] INFO django.server basehttp: "GET /static/css/design-system.css?v=1790482879 HTTP/1.1" 200 7762
[2026-09-27 11:21:20,062] INFO django.server basehttp: "GET /static/js/datasources_browse.js?v=1790482879 HTTP/1.1" 200 4406
[2026-09-27 11:21:20,063] INFO django.server basehttp: "GET /static/css/app-shell.css?v=1790482879 HTTP/1.1" 200 42063
[2026-09-27 11:21:20,084] INFO django.server basehttp: "GET /datasources/browse/tables/?source=sqlite HTTP/1.1" 200 1148
[2026-09-27 11:21:20,231] INFO django.server basehttp: "GET /datasources/browse/ HTTP/1.1" 302 0
[2026-09-27 11:21:20,241] INFO django.server basehttp: "GET /login/?next=/datasources/browse/ HTTP/1.1" 200 4911
[2026-09-27 11:21:21,107] INFO django.server basehttp: "GET /accounts/users/ HTTP/1.1" 200 8882
[2026-09-27 11:21:21,184] INFO django.server basehttp: "GET /static/css/design-system.css?v=1790482881 HTTP/1.1" 200 7762
[2026-09-27 11:21:21,185] INFO django.server basehttp: "GET /static/css/app-shell.css?v=1790482881 HTTP/1.1" 200 42063
[2026-09-27 11:21:21,719] INFO django.server basehttp: "GET /audit/ HTTP/1.1" 200 14834
[2026-09-27 11:21:21,722] INFO django.server basehttp: "GET /static/css/design-system.css?v=1790425970 HTTP/1.1" 304 0
[2026-09-27 11:21:21,724] INFO django.server basehttp: "GET /static/css/app-shell.css?v=1790425970 HTTP/1.1" 200 42063
[2026-09-27 11:21:23,141] INFO django.server basehttp: "GET /settings/home-appearance/ HTTP/1.1" 200 19927
[2026-09-27 11:21:23,442] INFO django.server basehttp: "GET /static/css/design-system.css?v=1790482883 HTTP/1.1" 200 7762
[2026-09-27 11:21:23,444] INFO django.server basehttp: "GET /static/css/app-shell.css?v=1790482883 HTTP/1.1" 200 42063
[2026-09-27 11:21:23,972] INFO django.server basehttp: "GET /settings/about-topics/ HTTP/1.1" 200 15845
[2026-09-27 11:21:24,592] INFO django.server basehttp: "GET /settings/standards/ HTTP/1.1" 200 21682
[2026-09-27 11:21:24,632] INFO django.server basehttp: "GET /static/css/design-system.css?v=1790482884 HTTP/1.1" 200 7762
[2026-09-27 11:21:24,633] INFO django.server basehttp: "GET /static/css/app-shell.css?v=1790482884 HTTP/1.1" 200 42063
[2026-09-27 11:21:25,824] INFO django.server basehttp: "GET /dashboard/ HTTP/1.1" 200 9467
[2026-09-27 11:21:25,864] INFO django.server basehttp: "GET /static/css/design-system.css?v=1790482885 HTTP/1.1" 200 7762
[2026-09-27 11:21:25,867] INFO django.server basehttp: "GET /static/css/app-shell.css?v=1790482885 HTTP/1.1" 200 42063
[2026-09-27 11:21:27,352] INFO django.server basehttp: "GET /documents/ HTTP/1.1" 200 22767
[2026-09-27 11:21:27,398] INFO django.server basehttp: "GET /static/css/design-system.css?v=1790482887 HTTP/1.1" 200 7762
[2026-09-27 11:21:27,398] INFO django.server basehttp: "GET /static/css/app-shell.css?v=1790482887 HTTP/1.1" 200 42063
[2026-09-27 11:21:29,642] INFO django.server basehttp: "GET /dashboard/ HTTP/1.1" 200 9467
[2026-09-27 11:21:29,674] INFO django.server basehttp: "GET /static/css/design-system.css?v=1790482889 HTTP/1.1" 200 7762
[2026-09-27 11:21:29,675] INFO django.server basehttp: "GET /static/css/app-shell.css?v=1790482889 HTTP/1.1" 200 42063
[2026-09-27 11:21:31,891] INFO django.server basehttp: "GET / HTTP/1.1" 200 32586
[2026-09-27 11:21:31,932] INFO django.server basehttp: "GET /static/css/design-system.css?v=1790482891 HTTP/1.1" 200 7762
[2026-09-27 11:21:31,934] INFO django.server basehttp: "GET /static/img/home/about/policy.webp?v=3 HTTP/1.1" 304 0
[2026-09-27 11:21:31,935] INFO django.server basehttp: "GET /static/img/home/about/kpi.webp?v=3 HTTP/1.1" 304 0
[2026-09-27 11:21:31,937] INFO django.server basehttp: "GET /static/img/home/about/objective.webp?v=3 HTTP/1.1" 304 0
[2026-09-27 11:21:31,937] INFO django.server basehttp: "GET /static/img/home/about/vision.webp?v=3 HTTP/1.1" 304 0
[2026-09-27 11:21:31,938] INFO django.server basehttp: "GET /static/img/home/about/contact.webp?v=3 HTTP/1.1" 304 0
[2026-09-27 11:21:31,939] INFO django.server basehttp: "GET /static/css/home.css?v=1790482891 HTTP/1.1" 200 19400
[2026-09-27 11:25:10,621] INFO django.server basehttp: "GET / HTTP/1.1" 200 32586
[2026-09-27 11:25:10,725] INFO django.server basehttp: "GET /static/css/design-system.css?v=1790483110 HTTP/1.1" 200 7762
[2026-09-27 11:25:10,725] INFO django.server basehttp: "GET /static/css/home.css?v=1790483110 HTTP/1.1" 200 19945
[2026-09-27 11:25:10,734] INFO django.server basehttp: "GET /static/img/home/about/kpi.webp?v=3 HTTP/1.1" 304 0
[2026-09-27 11:25:10,735] INFO django.server basehttp: "GET /static/img/home/about/vision.webp?v=3 HTTP/1.1" 304 0
[2026-09-27 11:25:10,737] INFO django.server basehttp: "GET /static/img/home/about/policy.webp?v=3 HTTP/1.1" 304 0
[2026-09-27 11:25:10,738] INFO django.server basehttp: "GET /static/img/home/about/contact.webp?v=3 HTTP/1.1" 304 0
[2026-09-27 11:25:10,738] INFO django.server basehttp: "GET /static/img/home/about/objective.webp?v=3 HTTP/1.1" 304 0
[2026-09-27 11:25:35,517] INFO django.server basehttp: "GET / HTTP/1.1" 200 32773
[2026-09-27 11:25:35,550] INFO django.server basehttp: "GET /static/img/home/about/policy.webp?v=3 HTTP/1.1" 304 0
[2026-09-27 11:25:35,551] INFO django.server basehttp: "GET /static/css/design-system.css?v=1790483135 HTTP/1.1" 200 7762
[2026-09-27 11:25:35,551] INFO django.server basehttp: "GET /static/css/home.css?v=1790483135 HTTP/1.1" 200 19945
[2026-09-27 11:25:35,552] INFO django.server basehttp: "GET /static/img/home/about/vision.webp?v=3 HTTP/1.1" 304 0
[2026-09-27 11:25:35,570] INFO django.server basehttp: "GET /static/img/home/about/objective.webp?v=3 HTTP/1.1" 304 0
[2026-09-27 11:25:35,572] INFO django.server basehttp: "GET /static/img/home/about/kpi.webp?v=3 HTTP/1.1" 304 0
[2026-09-27 11:25:35,574] INFO django.server basehttp: "GET /static/img/home/about/contact.webp?v=3 HTTP/1.1" 304 0
[2026-09-27 11:25:35,578] INFO django.server basehttp: "GET /media/hero/ChatGPT_Image_Sep_26_2026_09_18_03_PM.png HTTP/1.1" 304 0
[2026-09-27 11:26:07,918] INFO django.server basehttp: "GET /internal/ HTTP/1.1" 200 9993
[2026-09-27 11:26:07,966] INFO django.server basehttp: "GET /static/css/design-system.css?v=1790483167 HTTP/1.1" 200 7762
[2026-09-27 11:26:07,967] INFO django.server basehttp: "GET /static/css/app-shell.css?v=1790483167 HTTP/1.1" 200 42063
[2026-09-27 11:26:12,018] INFO django.server basehttp: "POST /i18n/setlang/ HTTP/1.1" 302 0
[2026-09-27 11:26:12,035] INFO django.server basehttp: "GET /internal/ HTTP/1.1" 200 9804
[2026-09-27 11:26:12,325] INFO django.server basehttp: "GET /static/css/design-system.css?v=1790483172 HTTP/1.1" 200 7762
[2026-09-27 11:26:12,326] INFO django.server basehttp: "GET /static/css/app-shell.css?v=1790483172 HTTP/1.1" 200 42063
[2026-09-27 11:26:14,019] INFO django.server basehttp: "POST /i18n/setlang/ HTTP/1.1" 302 0
[2026-09-27 11:26:14,034] INFO django.server basehttp: "GET /internal/ HTTP/1.1" 200 9993
[2026-09-27 11:26:14,043] INFO django.server basehttp: "GET /static/css/design-system.css?v=1790483174 HTTP/1.1" 200 7762
[2026-09-27 11:26:14,045] INFO django.server basehttp: "GET /static/css/app-shell.css?v=1790483174 HTTP/1.1" 200 42063
[2026-09-27 11:26:15,707] INFO django.server basehttp: "GET / HTTP/1.1" 200 33151
[2026-09-27 11:26:15,721] INFO django.server basehttp: "GET /static/css/design-system.css?v=1790483175 HTTP/1.1" 200 7762
[2026-09-27 11:26:15,723] INFO django.server basehttp: "GET /static/css/home.css?v=1790483175 HTTP/1.1" 200 19945
[2026-09-27 11:26:20,195] INFO django.server basehttp: "POST /i18n/setlang/ HTTP/1.1" 302 0
[2026-09-27 11:26:20,210] INFO django.server basehttp: "GET / HTTP/1.1" 200 33116
[2026-09-27 11:26:20,220] INFO django.server basehttp: "GET /static/css/home.css?v=1790483180 HTTP/1.1" 200 19945
[2026-09-27 11:26:20,220] INFO django.server basehttp: "GET /static/css/design-system.css?v=1790483180 HTTP/1.1" 200 7762
[2026-09-27 11:26:23,140] INFO django.server basehttp: "POST /i18n/setlang/ HTTP/1.1" 302 0
[2026-09-27 11:26:23,155] INFO django.server basehttp: "GET / HTTP/1.1" 200 33151
[2026-09-27 11:26:23,161] INFO django.server basehttp: "GET /static/css/design-system.css?v=1790483183 HTTP/1.1" 200 7762
[2026-09-27 11:26:23,161] INFO django.server basehttp: "GET /static/css/home.css?v=1790483183 HTTP/1.1" 200 19945
[2026-09-27 11:29:27,681] INFO django.server basehttp: "GET / HTTP/1.1" 200 32247
[2026-09-27 11:29:27,705] INFO django.server basehttp: "GET /static/css/design-system.css?v=1790483367 HTTP/1.1" 200 7762
[2026-09-27 11:29:27,705] INFO django.server basehttp: "GET /static/img/home/about/policy.webp?v=3 HTTP/1.1" 304 0
[2026-09-27 11:29:27,706] INFO django.server basehttp: "GET /static/img/home/about/vision.webp?v=3 HTTP/1.1" 304 0
[2026-09-27 11:29:27,706] INFO django.server basehttp: "GET /static/css/home.css?v=1790483367 HTTP/1.1" 200 19399
[2026-09-27 11:29:27,732] INFO django.server basehttp: "GET /static/img/home/about/kpi.webp?v=3 HTTP/1.1" 304 0
[2026-09-27 11:29:27,733] INFO django.server basehttp: "GET /static/img/home/about/contact.webp?v=3 HTTP/1.1" 304 0
[2026-09-27 11:29:27,733] INFO django.server basehttp: "GET /static/img/home/about/objective.webp?v=3 HTTP/1.1" 304 0
[2026-09-27 14:25:29,045] INFO django.server basehttp: "GET / HTTP/1.1" 200 32586
[2026-09-27 14:25:29,586] INFO django.server basehttp: "GET /static/css/design-system.css?v=1790493929 HTTP/1.1" 200 7762
[2026-09-27 14:25:29,588] INFO django.server basehttp: "GET /static/css/home.css?v=1790493929 HTTP/1.1" 200 19399
[2026-09-27 14:25:29,592] INFO django.server basehttp: "GET /static/img/home/about/policy.webp?v=3 HTTP/1.1" 304 0
[2026-09-27 14:25:29,594] INFO django.server basehttp: "GET /static/img/home/about/vision.webp?v=3 HTTP/1.1" 304 0
[2026-09-27 14:25:29,594] INFO django.server basehttp: "GET /static/img/home/about/contact.webp?v=3 HTTP/1.1" 304 0
[2026-09-27 14:25:29,594] INFO django.server basehttp: "GET /static/img/home/about/objective.webp?v=3 HTTP/1.1" 304 0
[2026-09-27 14:25:29,595] INFO django.server basehttp: "GET /static/img/home/about/kpi.webp?v=3 HTTP/1.1" 304 0
[2026-09-27 14:25:29,627] INFO django.server basehttp: "GET /media/hero/ChatGPT_Image_Sep_26_2026_09_18_03_PM.png HTTP/1.1" 304 0
[2026-09-27 14:25:48,776] INFO django.server basehttp: "GET /internal/ HTTP/1.1" 200 9433
[2026-09-27 14:25:49,177] INFO django.server basehttp: "GET /static/css/design-system.css?v=1790493948 HTTP/1.1" 200 7762
[2026-09-27 14:25:49,178] INFO django.server basehttp: "GET /static/css/app-shell.css?v=1790493948 HTTP/1.1" 200 41269
[2026-09-27 14:25:51,860] INFO django.server basehttp: "GET /settings/standards/ HTTP/1.1" 200 21112
[2026-09-27 14:25:52,196] INFO django.server basehttp: "GET /static/css/design-system.css?v=1790493951 HTTP/1.1" 200 7762
[2026-09-27 14:25:52,198] INFO django.server basehttp: "GET /static/css/app-shell.css?v=1790493951 HTTP/1.1" 200 41269
[2026-09-27 14:25:53,345] INFO django.server basehttp: "GET / HTTP/1.1" 200 32586
[2026-09-27 14:25:53,359] INFO django.server basehttp: "GET /static/css/design-system.css?v=1790493953 HTTP/1.1" 200 7762
[2026-09-27 14:25:53,361] INFO django.server basehttp: "GET /static/css/home.css?v=1790493953 HTTP/1.1" 200 19399
[2026-09-27 14:26:19,505] INFO django.server basehttp: "GET /dashboard/ HTTP/1.1" 200 8906
[2026-09-27 14:26:19,554] INFO django.server basehttp: "GET /static/css/design-system.css?v=1790493979 HTTP/1.1" 200 7762
[2026-09-27 14:26:19,555] INFO django.server basehttp: "GET /static/css/app-shell.css?v=1790493979 HTTP/1.1" 200 41269
[2026-09-27 14:26:20,584] INFO django.server basehttp: "GET /accounts/users/ HTTP/1.1" 200 8316
[2026-09-27 14:26:20,588] INFO django.server basehttp: "GET /static/css/app-shell.css?v=1790482881 HTTP/1.1" 200 41269
[2026-09-27 14:26:20,900] INFO django.server basehttp: "GET /static/css/design-system.css?v=1790493980 HTTP/1.1" 200 7762
[2026-09-27 14:26:20,901] INFO django.server basehttp: "GET /static/css/app-shell.css?v=1790493980 HTTP/1.1" 200 41269
[2026-09-27 14:26:24,240] INFO django.server basehttp: "GET /audit/ HTTP/1.1" 200 14277
[2026-09-27 14:26:24,245] INFO django.server basehttp: "GET /static/css/app-shell.css?v=1790425970 HTTP/1.1" 200 41269
[2026-09-27 14:26:24,269] INFO django.server basehttp: "GET /static/css/design-system.css?v=1790493984 HTTP/1.1" 200 7762
[2026-09-27 14:26:24,270] INFO django.server basehttp: "GET /static/css/app-shell.css?v=1790493984 HTTP/1.1" 200 41269
[2026-09-27 14:26:45,638] INFO django.server basehttp: "GET /accounts/users/ HTTP/1.1" 200 8316
[2026-09-27 14:26:45,651] INFO django.server basehttp: "GET /static/css/design-system.css?v=1790494005 HTTP/1.1" 200 7762
[2026-09-27 14:26:45,652] INFO django.server basehttp: "GET /static/css/app-shell.css?v=1790494005 HTTP/1.1" 200 41269
[2026-09-27 14:26:47,517] INFO django.server basehttp: "GET / HTTP/1.1" 200 32586
[2026-09-27 14:26:47,534] INFO django.server basehttp: "GET /static/css/design-system.css?v=1790494007 HTTP/1.1" 200 7762
[2026-09-27 14:26:47,534] INFO django.server basehttp: "GET /static/css/home.css?v=1790494007 HTTP/1.1" 200 19399
[2026-09-27 14:27:23,612] INFO django.server basehttp: "GET /utilities/ HTTP/1.1" 200 12346
[2026-09-27 14:27:23,650] INFO django.server basehttp: "GET /static/css/design-system.css?v=1790494043 HTTP/1.1" 200 7762
[2026-09-27 14:27:23,652] INFO django.server basehttp: "GET /static/css/app-shell.css?v=1790494043 HTTP/1.1" 200 41269
[2026-09-27 14:27:25,642] INFO django.server basehttp: "GET /utilities/engineering/saturation-temp/ HTTP/1.1" 200 28966
[2026-09-27 14:27:25,694] INFO django.server basehttp: "GET /static/css/saturation_temp_utilities.css HTTP/1.1" 304 0
[2026-09-27 14:27:25,699] INFO django.server basehttp: "GET /static/css/ph_diagram.css?v=9 HTTP/1.1" 304 0
[2026-09-27 14:27:25,703] INFO django.server basehttp: "GET /static/js/ph_diagram.js?v=3 HTTP/1.1" 304 0
[2026-09-27 14:27:25,703] INFO django.server basehttp: "GET /static/js/tools_saturation.js?v=6 HTTP/1.1" 304 0
[2026-09-27 14:27:26,861] INFO django.server basehttp: "GET /utilities/engineering/saturation-temp/ HTTP/1.1" 200 28966
[2026-09-27 14:27:26,862] INFO django.server basehttp: "GET /utilities/engineering/saturation-temp/data/?refrigerant=R32&gauge=ADD_GAUGE&high_pressure=2.5&low_pressure=0.9&high_temperature=23.1&low_temperature=5.2&suction=15&discharge=80&liquid=35 HTTP/1.1" 200 13616
[2026-09-27 14:27:43,887] INFO django.server basehttp: "GET /utilities/engineering/saturation-temp/data/?refrigerant=R32&gauge=NOT_GAUGE&high_pressure=2.5&low_pressure=0.9&high_temperature=23.1&low_temperature=5.2&suction=15&discharge=80&liquid=35 HTTP/1.1" 200 14340
[2026-09-27 14:27:48,996] INFO django.server basehttp: "GET /utilities/engineering/saturation-temp/data/?refrigerant=R32&gauge=ADD_GAUGE&high_pressure=2.5&low_pressure=0.9&high_temperature=23.1&low_temperature=5.2&suction=15&discharge=80&liquid=35 HTTP/1.1" 200 13616
[2026-09-27 14:27:49,554] INFO django.server basehttp: "GET /utilities/engineering/saturation-temp/data/?refrigerant=R32&gauge=NOT_GAUGE&high_pressure=2.5&low_pressure=0.9&high_temperature=23.1&low_temperature=5.2&suction=15&discharge=80&liquid=35 HTTP/1.1" 200 14340
[2026-09-27 14:27:50,007] INFO django.server basehttp: "GET /utilities/engineering/saturation-temp/data/?refrigerant=R32&gauge=ADD_GAUGE&high_pressure=2.5&low_pressure=0.9&high_temperature=23.1&low_temperature=5.2&suction=15&discharge=80&liquid=35 HTTP/1.1" 200 13616
[2026-09-27 14:27:50,532] INFO django.server basehttp: "GET /utilities/engineering/saturation-temp/data/?refrigerant=R32&gauge=NOT_GAUGE&high_pressure=2.5&low_pressure=0.9&high_temperature=23.1&low_temperature=5.2&suction=15&discharge=80&liquid=35 HTTP/1.1" 200 14340
[2026-09-27 14:27:57,658] INFO django.server basehttp: "GET /utilities/engineering/saturation-temp/data/?refrigerant=R32&gauge=ADD_GAUGE&high_pressure=2.5&low_pressure=0.9&high_temperature=23.1&low_temperature=5.2&suction=15&discharge=80&liquid=35 HTTP/1.1" 200 13616
[2026-09-27 14:27:58,148] INFO django.server basehttp: "GET /utilities/engineering/saturation-temp/data/?refrigerant=R32&gauge=NOT_GAUGE&high_pressure=2.5&low_pressure=0.9&high_temperature=23.1&low_temperature=5.2&suction=15&discharge=80&liquid=35 HTTP/1.1" 200 14340
[2026-09-27 14:28:00,010] INFO django.server basehttp: "GET /utilities/engineering/saturation-temp/data/?refrigerant=R410A&gauge=NOT_GAUGE&high_pressure=2.5&low_pressure=0.9&high_temperature=23.1&low_temperature=5.2&suction=15&discharge=80&liquid=35 HTTP/1.1" 200 14349
[2026-09-27 14:28:02,695] INFO django.server basehttp: "GET /utilities/engineering/saturation-temp/data/?refrigerant=R454B&gauge=NOT_GAUGE&high_pressure=2.5&low_pressure=0.9&high_temperature=23.1&low_temperature=5.2&suction=15&discharge=80&liquid=35 HTTP/1.1" 200 5513
[2026-09-27 14:28:06,967] INFO django.server basehttp: "GET /utilities/engineering/saturation-temp/data/?refrigerant=R290&gauge=NOT_GAUGE&high_pressure=2.5&low_pressure=0.9&high_temperature=23.1&low_temperature=5.2&suction=15&discharge=80&liquid=35 HTTP/1.1" 200 14329
[2026-09-27 14:28:14,736] INFO django.server basehttp: "GET /utilities/engineering/saturation-temp/data/?refrigerant=R290&gauge=NOT_GAUGE&high_pressure=2.5&low_pressure=0.9&high_temperature=48.4&low_temperature=19.5&suction=15&discharge=80&liquid=35 HTTP/1.1" 200 14211
[2026-09-27 14:28:16,349] INFO django.server basehttp: "GET /utilities/engineering/saturation-temp/data/?refrigerant=R290&gauge=NOT_GAUGE&high_pressure=2.5&low_pressure=0.9&high_temperature=23.1&low_temperature=5.2&suction=15&discharge=80&liquid=35 HTTP/1.1" 200 14329
[2026-09-27 14:28:30,248] INFO django.server basehttp: "GET /utilities/engineering/saturation-temp/data/?refrigerant=R290&gauge=NOT_GAUGE&high_pressure=2.5&low_pressure=0.9&high_temperature=35.4&low_temperature=5.2&suction=15&discharge=80&liquid=35 HTTP/1.1" 200 13681
[2026-09-27 14:28:32,656] INFO django.server basehttp: "GET /utilities/engineering/saturation-temp/data/?refrigerant=R290&gauge=NOT_GAUGE&high_pressure=2.5&low_pressure=0.9&high_temperature=50&low_temperature=5.2&suction=15&discharge=80&liquid=35 HTTP/1.1" 200 13682
[2026-09-27 14:29:15,311] INFO django.server basehttp: "GET /utilities/ HTTP/1.1" 200 12346
[2026-09-27 14:29:15,329] INFO django.server basehttp: "GET /static/css/design-system.css?v=1790494155 HTTP/1.1" 200 7762
[2026-09-27 14:29:15,332] INFO django.server basehttp: "GET /static/css/app-shell.css?v=1790494155 HTTP/1.1" 200 41269
[2026-09-27 14:29:17,803] INFO django.server basehttp: "GET /utilities/pdf-edit/ HTTP/1.1" 200 21970
[2026-09-27 14:29:18,102] INFO django.server basehttp: "GET /static/css/design-system.css?v=1790494157 HTTP/1.1" 200 7762
[2026-09-27 14:29:18,104] INFO django.server basehttp: "GET /static/css/app-shell.css?v=1790494157 HTTP/1.1" 200 41269
[2026-09-27 14:29:18,109] INFO django.server basehttp: "GET /static/js/tools_pdf_edit.js?v=1790494157 HTTP/1.1" 200 30411
[2026-09-27 14:29:20,148] INFO django.server basehttp: "GET /utilities/ HTTP/1.1" 200 12346
[2026-09-27 14:29:20,162] INFO django.server basehttp: "GET /static/css/design-system.css?v=1790494160 HTTP/1.1" 200 7762
[2026-09-27 14:29:20,164] INFO django.server basehttp: "GET /static/css/app-shell.css?v=1790494160 HTTP/1.1" 200 41269
[2026-09-27 14:29:20,280] INFO django.server basehttp: "GET /utilities/ HTTP/1.1" 200 10054
[2026-09-27 14:29:44,112] INFO django.server basehttp: "GET /utilities/engineering/saturation-temp/ HTTP/1.1" 200 28966
[2026-09-27 14:29:44,367] INFO django.server basehttp: "GET /utilities/engineering/saturation-temp/data/?refrigerant=R32&gauge=ADD_GAUGE&high_pressure=2.5&low_pressure=0.9&high_temperature=23.1&low_temperature=5.2&suction=15&discharge=80&liquid=35 HTTP/1.1" 200 13616
[2026-09-27 14:30:16,780] INFO django.server basehttp: "GET /utilities/engineering/saturation-temp/data/?refrigerant=R32&gauge=NOT_GAUGE&high_pressure=2.5&low_pressure=0.9&high_temperature=23.1&low_temperature=5.2&suction=15&discharge=80&liquid=35 HTTP/1.1" 200 14340
[2026-09-27 14:30:20,064] INFO django.server basehttp: "GET /utilities/engineering/saturation-temp/data/?refrigerant=R32&gauge=ADD_GAUGE&high_pressure=2.5&low_pressure=0.9&high_temperature=23.1&low_temperature=5.2&suction=15&discharge=80&liquid=35 HTTP/1.1" 200 13616
[2026-09-27 14:31:39,482] INFO django.server basehttp: "GET /utilities/ HTTP/1.1" 200 12346
[2026-09-27 14:31:39,832] INFO django.server basehttp: "GET /static/css/design-system.css?v=1790494299 HTTP/1.1" 200 7762
[2026-09-27 14:31:39,836] INFO django.server basehttp: "GET /static/css/app-shell.css?v=1790494299 HTTP/1.1" 200 41269
[2026-09-27 14:31:40,584] INFO django.server basehttp: "GET /utilities/pdf-edit/ HTTP/1.1" 200 21970
[2026-09-27 14:31:40,598] INFO django.server basehttp: "GET /static/css/design-system.css?v=1790494300 HTTP/1.1" 200 7762
[2026-09-27 14:31:40,600] INFO django.server basehttp: "GET /static/css/app-shell.css?v=1790494300 HTTP/1.1" 200 41269
[2026-09-27 14:31:40,604] INFO django.server basehttp: "GET /static/js/tools_pdf_edit.js?v=1790494300 HTTP/1.1" 200 30411
[2026-09-27 14:31:43,231] INFO django.server basehttp: "GET /utilities/ HTTP/1.1" 200 12346
[2026-09-27 14:31:43,246] INFO django.server basehttp: "GET /static/css/design-system.css?v=1790494303 HTTP/1.1" 200 7762
[2026-09-27 14:31:43,247] INFO django.server basehttp: "GET /static/css/app-shell.css?v=1790494303 HTTP/1.1" 200 41269
[2026-09-27 14:31:44,216] INFO django.server basehttp: "GET /utilities/qr-code/ HTTP/1.1" 200 16806
[2026-09-27 14:31:44,220] INFO django.server basehttp: "GET /static/css/design-system.css?v=1790343409 HTTP/1.1" 304 0
[2026-09-27 14:31:44,221] INFO django.server basehttp: "GET /static/css/app-shell.css?v=1790343409 HTTP/1.1" 200 41269
[2026-09-27 14:31:44,526] INFO django.server basehttp: "GET /static/css/design-system.css?v=1790494304 HTTP/1.1" 200 7762
[2026-09-27 14:31:44,527] INFO django.server basehttp: "GET /static/css/app-shell.css?v=1790494304 HTTP/1.1" 200 41269
[2026-09-27 14:31:44,530] INFO django.server basehttp: "GET /static/js/tools_qr.js?v=1790494304 HTTP/1.1" 200 7106
[2026-09-27 14:31:46,756] INFO django.server basehttp: "GET /utilities/ HTTP/1.1" 200 12346
[2026-09-27 14:31:46,770] INFO django.server basehttp: "GET /static/css/design-system.css?v=1790494306 HTTP/1.1" 200 7762
[2026-09-27 14:31:46,771] INFO django.server basehttp: "GET /static/css/app-shell.css?v=1790494306 HTTP/1.1" 200 41269
[2026-09-27 14:31:51,197] INFO django.server basehttp: "GET /utilities/calculators/salary/ HTTP/1.1" 200 6315
[2026-09-27 14:31:51,241] INFO django.server basehttp: "GET /static/css/design-system.css?v=1790494311 HTTP/1.1" 200 7762
[2026-09-27 14:31:51,243] INFO django.server basehttp: "GET /static/css/app-shell.css?v=1790494311 HTTP/1.1" 200 41269
[2026-09-27 14:31:51,244] INFO django.server basehttp: "GET /static/js/tools_calculators.js?v=1790494311 HTTP/1.1" 200 10639
[2026-09-27 14:33:37,523] INFO django.server basehttp: "GET /utilities/engineering/saturation-temp/ HTTP/1.1" 200 28172
[2026-09-27 14:33:37,559] INFO django.server basehttp: "GET /static/css/ph_diagram.css?v=9 HTTP/1.1" 304 0
[2026-09-27 14:33:37,560] INFO django.server basehttp: "GET /static/css/saturation_temp_utilities.css HTTP/1.1" 304 0
[2026-09-27 14:33:37,591] INFO django.server basehttp: "GET /static/js/ph_diagram.js?v=4 HTTP/1.1" 200 8855
[2026-09-27 14:33:37,592] INFO django.server basehttp: "GET /static/js/tools_saturation.js?v=7 HTTP/1.1" 200 16385
[2026-09-27 14:33:38,760] INFO django.server basehttp: "GET /utilities/engineering/saturation-temp/data/?refrigerant=R32&gauge=ADD_GAUGE&high_pressure=2.5&low_pressure=0.9&high_temperature=23.1&low_temperature=5.2&suction=15&discharge=80&liquid=35 HTTP/1.1" 200 13616
[2026-09-27 14:34:56,843] INFO django.server basehttp: "GET /utilities/ HTTP/1.1" 200 12346
[2026-09-27 14:34:57,346] INFO django.server basehttp: "GET /static/css/design-system.css?v=1790494496 HTTP/1.1" 200 7762
[2026-09-27 14:34:57,348] INFO django.server basehttp: "GET /static/css/app-shell.css?v=1790494496 HTTP/1.1" 200 41269
[2026-09-27 14:34:59,297] INFO django.server basehttp: "GET /utilities/engineering/saturation-temp/ HTTP/1.1" 200 28172
[2026-09-27 14:34:59,417] INFO django.server basehttp: "GET /static/js/ph_diagram.js?v=4 HTTP/1.1" 200 8855
[2026-09-27 14:34:59,419] INFO django.server basehttp: "GET /static/js/tools_saturation.js?v=7 HTTP/1.1" 200 16385
[2026-09-27 14:34:59,721] INFO django.server basehttp: "GET /utilities/engineering/saturation-temp/data/?refrigerant=R32&gauge=ADD_GAUGE&high_pressure=2.5&low_pressure=0.9&high_temperature=23.1&low_temperature=5.2&suction=15&discharge=80&liquid=35 HTTP/1.1" 200 13616
[2026-09-27 14:35:08,219] INFO django.server basehttp: "GET /utilities/ HTTP/1.1" 200 12346
[2026-09-27 14:35:08,228] INFO django.server basehttp: "GET /static/css/design-system.css?v=1790494508 HTTP/1.1" 200 7762
[2026-09-27 14:35:08,229] INFO django.server basehttp: "GET /static/css/app-shell.css?v=1790494508 HTTP/1.1" 200 41269
[2026-09-27 14:35:12,226] INFO django.server basehttp: "GET /utilities/calculators/salary/ HTTP/1.1" 200 6315
[2026-09-27 14:35:12,236] INFO django.server basehttp: "GET /static/css/design-system.css?v=1790494512 HTTP/1.1" 200 7762
[2026-09-27 14:35:12,237] INFO django.server basehttp: "GET /static/css/app-shell.css?v=1790494512 HTTP/1.1" 200 41269
[2026-09-27 14:35:12,241] INFO django.server basehttp: "GET /static/js/tools_calculators.js?v=1790494512 HTTP/1.1" 200 10639
[2026-09-27 14:36:57,564] INFO django.server basehttp: "GET /utilities/ HTTP/1.1" 200 12346
[2026-09-27 14:36:57,662] INFO django.server basehttp: "GET /static/css/design-system.css?v=1790494617 HTTP/1.1" 200 7762
[2026-09-27 14:36:57,665] INFO django.server basehttp: "GET /static/css/app-shell.css?v=1790494617 HTTP/1.1" 200 41269
[2026-09-27 14:37:08,681] INFO django.server basehttp: "GET / HTTP/1.1" 200 32586
[2026-09-27 14:37:08,699] INFO django.server basehttp: "GET /static/css/design-system.css?v=1790494628 HTTP/1.1" 200 7762
[2026-09-27 14:37:08,700] INFO django.server basehttp: "GET /static/css/home.css?v=1790494628 HTTP/1.1" 200 19399
[2026-09-29 10:31:13,085] INFO django.utils.autoreload autoreload: Watching for file changes with StatReloader
[2026-09-29 10:31:24,940] INFO django.server basehttp: "GET / HTTP/1.1" 200 32247
[2026-09-29 10:31:24,973] INFO django.server basehttp: "GET /static/css/design-system.css?v=1790652684 HTTP/1.1" 200 7762
[2026-09-29 10:31:24,974] INFO django.server basehttp: "GET /static/css/home.css?v=1790652684 HTTP/1.1" 200 19399
[2026-09-29 10:31:24,976] INFO django.server basehttp: "GET /static/img/home/about/policy.webp?v=3 HTTP/1.1" 200 34776
[2026-09-29 10:31:24,979] INFO django.server basehttp: "GET /static/img/home/about/vision.webp?v=3 HTTP/1.1" 200 30684
[2026-09-29 10:31:24,981] INFO django.server basehttp: "GET /static/img/home/about/objective.webp?v=3 HTTP/1.1" 200 39310
[2026-09-29 10:31:24,982] INFO django.server basehttp: "GET /static/img/home/about/kpi.webp?v=3 HTTP/1.1" 200 27496
[2026-09-29 10:31:24,982] INFO django.server basehttp: "GET /static/img/home/about/contact.webp?v=3 HTTP/1.1" 200 37640
[2026-09-29 10:31:25,046] INFO django.server basehttp: "GET /media/hero/ChatGPT_Image_Sep_26_2026_09_18_03_PM.png HTTP/1.1" 200 2352788
[2026-09-29 10:33:04,327] INFO django.utils.autoreload autoreload: Watching for file changes with StatReloader
[2026-09-29 10:33:13,440] INFO django.server basehttp: "GET / HTTP/1.1" 200 32247
[2026-09-29 10:33:13,476] INFO django.server basehttp: "GET /static/img/home/about/policy.webp?v=3 HTTP/1.1" 304 0
[2026-09-29 10:33:13,477] INFO django.server basehttp: "GET /static/css/home.css?v=1790652793 HTTP/1.1" 200 19399
[2026-09-29 10:33:13,478] INFO django.server basehttp: "GET /static/css/design-system.css?v=1790652793 HTTP/1.1" 200 7762
[2026-09-29 10:33:13,479] INFO django.server basehttp: "GET /static/img/home/about/vision.webp?v=3 HTTP/1.1" 304 0
[2026-09-29 10:33:13,479] INFO django.server basehttp: "GET /static/img/home/about/objective.webp?v=3 HTTP/1.1" 304 0
[2026-09-29 10:33:13,482] INFO django.server basehttp: "GET /static/img/home/about/kpi.webp?v=3 HTTP/1.1" 304 0
[2026-09-29 10:33:13,482] INFO django.server basehttp: "GET /static/img/home/about/contact.webp?v=3 HTTP/1.1" 304 0
[2026-09-29 10:33:13,490] INFO django.server basehttp: "GET /media/hero/ChatGPT_Image_Sep_26_2026_09_18_03_PM.png HTTP/1.1" 304 0
[2026-09-29 10:33:16,875] INFO django.server basehttp: "GET /utilities/ HTTP/1.1" 200 10054
[2026-09-29 10:33:16,913] INFO django.server basehttp: "GET /static/css/design-system.css?v=1790652796 HTTP/1.1" 200 7762
[2026-09-29 10:33:16,914] INFO django.server basehttp: "GET /static/css/app-shell.css?v=1790652796 HTTP/1.1" 200 41269
[2026-09-29 10:33:16,917] INFO django.server basehttp: "GET /media/tools/icons/image_7.png HTTP/1.1" 200 5704
[2026-09-29 10:33:16,917] INFO django.server basehttp: "GET /media/tools/icons/image_10.png HTTP/1.1" 200 7293
[2026-09-29 10:33:16,918] INFO django.server basehttp: "GET /media/tools/icons/image_8.png HTTP/1.1" 200 4156
[2026-09-29 10:33:16,920] INFO django.server basehttp: "GET /media/tools/icons/image_6.png HTTP/1.1" 200 3559
[2026-09-29 10:33:16,929] INFO django.server basehttp: "GET /media/tools/icons/image_9.png HTTP/1.1" 200 8070
[2026-09-29 10:33:16,930] INFO django.server basehttp: "GET /media/tools/icons/image_11.png HTTP/1.1" 200 5034
[2026-09-29 10:33:16,935] INFO django.server basehttp: "GET /media/tools/icons/image_21.png HTTP/1.1" 200 3525
[2026-09-29 10:33:16,935] INFO django.server basehttp: "GET /media/tools/icons/image_12.png HTTP/1.1" 200 5376
[2026-09-29 10:33:16,936] INFO django.server basehttp: "GET /media/tools/icons/image_18.png HTTP/1.1" 200 3593
[2026-09-29 10:33:16,937] INFO django.server basehttp: "GET /media/tools/icons/image_17.png HTTP/1.1" 200 7557
[2026-09-29 10:33:16,947] INFO django.server basehttp: "GET /media/tools/icons/image_19.png HTTP/1.1" 200 6647
[2026-09-29 10:33:16,948] INFO django.server basehttp: "GET /media/tools/icons/image_20.png HTTP/1.1" 200 7835
[2026-09-29 10:33:16,948] INFO django.server basehttp: "GET /media/tools/icons/image_15.png HTTP/1.1" 200 7561
[2026-09-29 10:33:16,950] INFO django.server basehttp: "GET /media/tools/icons/image_16.png HTTP/1.1" 200 6217
[2026-09-29 10:33:16,951] INFO django.server basehttp: "GET /media/tools/icons/image_13.png HTTP/1.1" 200 7101
[2026-09-29 10:33:17,952] INFO django.server basehttp: "GET /media/tools/icons/image_14.png HTTP/1.1" 200 4998
[2026-09-29 10:33:20,213] INFO django.server basehttp: "GET /login/ HTTP/1.1" 200 4891
[2026-09-29 10:33:20,237] INFO django.server basehttp: "GET /static/css/design-system.css?v=1790652800 HTTP/1.1" 200 7762
[2026-09-29 10:33:20,237] INFO django.server basehttp: "GET /static/css/home.css?v=1790652800 HTTP/1.1" 200 19399
[2026-09-29 10:33:30,217] INFO django.server basehttp: "POST /login/ HTTP/1.1" 302 0
[2026-09-29 10:33:30,241] INFO django.server basehttp: "GET /dashboard/ HTTP/1.1" 200 8906
[2026-09-29 10:33:30,273] INFO django.server basehttp: "GET /static/css/design-system.css?v=1790652810 HTTP/1.1" 200 7762
[2026-09-29 10:33:30,273] INFO django.server basehttp: "GET /static/css/app-shell.css?v=1790652810 HTTP/1.1" 200 41269
[2026-09-29 10:33:34,534] INFO django.server basehttp: "GET / HTTP/1.1" 200 32586
[2026-09-29 10:33:34,559] INFO django.server basehttp: "GET /static/css/design-system.css?v=1790652814 HTTP/1.1" 200 7762
[2026-09-29 10:33:34,560] INFO django.server basehttp: "GET /static/css/home.css?v=1790652814 HTTP/1.1" 200 19399
[2026-09-29 10:33:37,402] INFO django.server basehttp: "GET /utilities/ HTTP/1.1" 200 12346
[2026-09-29 10:33:37,428] INFO django.server basehttp: "GET /static/css/app-shell.css?v=1790652817 HTTP/1.1" 200 41269
[2026-09-29 10:33:38,442] INFO django.server basehttp: "GET /static/css/design-system.css?v=1790652817 HTTP/1.1" 200 7762
[2026-09-29 10:33:41,737] INFO django.server basehttp: "GET /utilities/icon-settings/ HTTP/1.1" 200 18364
[2026-09-29 10:33:41,766] INFO django.server basehttp: "GET /media/tools/icons/image_14.png HTTP/1.1" 304 0
[2026-09-29 10:33:41,766] INFO django.server basehttp: "GET /media/tools/icons/image_13.png HTTP/1.1" 304 0
[2026-09-29 10:33:41,766] INFO django.server basehttp: "GET /media/tools/icons/image_15.png HTTP/1.1" 304 0
[2026-09-29 10:33:41,766] INFO django.server basehttp: "GET /media/tools/icons/image_16.png HTTP/1.1" 304 0
[2026-09-29 10:33:41,771] INFO django.server basehttp: "GET /media/tools/icons/image_10.png HTTP/1.1" 304 0
[2026-09-29 10:33:41,771] INFO django.server basehttp: "GET /media/tools/icons/image_8.png HTTP/1.1" 304 0
[2026-09-29 10:33:41,771] INFO django.server basehttp: "GET /media/tools/icons/image_7.png HTTP/1.1" 304 0
[2026-09-29 10:33:41,771] INFO django.server basehttp: "GET /static/css/design-system.css?v=1790652821 HTTP/1.1" 200 7762
[2026-09-29 10:33:41,772] INFO django.server basehttp: "GET /media/tools/icons/image_6.png HTTP/1.1" 304 0
[2026-09-29 10:33:41,773] INFO django.server basehttp: "GET /static/css/app-shell.css?v=1790652821 HTTP/1.1" 200 41269
[2026-09-29 10:33:41,774] INFO django.server basehttp: "GET /media/tools/icons/image_9.png HTTP/1.1" 304 0
[2026-09-29 10:33:41,777] INFO django.server basehttp: "GET /media/tools/icons/image_11.png HTTP/1.1" 304 0
[2026-09-29 10:33:41,780] INFO django.server basehttp: "GET /media/tools/icons/image_12.png HTTP/1.1" 304 0
[2026-09-29 10:33:41,780] INFO django.server basehttp: "GET /media/tools/icons/image_21.png HTTP/1.1" 304 0
[2026-09-29 10:33:41,780] INFO django.server basehttp: "GET /media/tools/icons/image_17.png HTTP/1.1" 304 0
[2026-09-29 10:33:41,785] INFO django.server basehttp: "GET /media/tools/icons/image_18.png HTTP/1.1" 304 0
[2026-09-29 10:33:41,786] INFO django.server basehttp: "GET /media/tools/icons/image_20.png HTTP/1.1" 304 0
[2026-09-29 10:33:41,786] INFO django.server basehttp: "GET /media/tools/icons/image_19.png HTTP/1.1" 304 0
[2026-09-29 10:34:28,292] INFO django.server basehttp: "POST /utilities/icon-settings/ HTTP/1.1" 302 0
[2026-09-29 10:34:28,371] INFO django.server basehttp: "GET /utilities/ HTTP/1.1" 200 12378
[2026-09-29 10:34:28,397] INFO django.server basehttp: "GET /static/css/design-system.css?v=1790652868 HTTP/1.1" 200 7762
[2026-09-29 10:34:28,404] INFO django.server basehttp: "GET /media/tools/icons/image_6.png HTTP/1.1" 304 0
[2026-09-29 10:34:28,404] INFO django.server basehttp: "GET /media/tools/icons/image_9.png HTTP/1.1" 304 0
[2026-09-29 10:34:28,404] INFO django.server basehttp: "GET /media/tools/icons/image_10.png HTTP/1.1" 304 0
[2026-09-29 10:34:28,404] INFO django.server basehttp: "GET /media/tools/icons/image_7.png HTTP/1.1" 304 0
[2026-09-29 10:34:28,405] INFO django.server basehttp: "GET /media/tools/icons/image_8.png HTTP/1.1" 304 0
[2026-09-29 10:34:28,409] INFO django.server basehttp: "GET /media/tools/icons/image_11.png HTTP/1.1" 304 0
[2026-09-29 10:34:28,410] INFO django.server basehttp: "GET /media/tools/icons/image_18.png HTTP/1.1" 304 0
[2026-09-29 10:34:28,411] INFO django.server basehttp: "GET /static/css/app-shell.css?v=1790652868 HTTP/1.1" 200 41269
[2026-09-29 10:34:28,410] INFO django.server basehttp: "GET /media/tools/icons/image_17.png HTTP/1.1" 304 0
[2026-09-29 10:34:28,412] INFO django.server basehttp: "GET /media/tools/icons/image_21.png HTTP/1.1" 304 0
[2026-09-29 10:34:28,412] INFO django.server basehttp: "GET /media/tools/icons/image_12.png HTTP/1.1" 304 0
[2026-09-29 10:34:28,412] INFO django.server basehttp: "GET /media/tools/icons/image_19.png HTTP/1.1" 304 0
[2026-09-29 10:34:28,422] INFO django.server basehttp: "GET /media/tools/icons/image_14.png HTTP/1.1" 304 0
[2026-09-29 10:34:28,422] INFO django.server basehttp: "GET /media/tools/icons/image_20.png HTTP/1.1" 304 0
[2026-09-29 10:34:28,422] INFO django.server basehttp: "GET /media/tools/icons/image_16.png HTTP/1.1" 304 0
[2026-09-29 10:34:28,423] INFO django.server basehttp: "GET /media/tools/icons/image_15.png HTTP/1.1" 304 0
[2026-09-29 10:34:28,422] INFO django.server basehttp: "GET /media/tools/icons/image_13.png HTTP/1.1" 304 0
[2026-09-29 10:34:28,429] INFO django.server basehttp: "GET /media/tools/icons/image_5.png HTTP/1.1" 200 25988
[2026-09-29 10:34:31,488] INFO django.server basehttp: "GET /utilities/engineering/saturation-temp/ HTTP/1.1" 200 28042
[2026-09-29 10:34:31,515] INFO django.server basehttp: "GET /media/tools/icons/image_5.png HTTP/1.1" 304 0
[2026-09-29 10:34:31,516] INFO django.server basehttp: "GET /static/css/ph_diagram.css?v=9 HTTP/1.1" 200 9370
[2026-09-29 10:34:31,516] INFO django.server basehttp: "GET /static/css/saturation_temp_utilities.css HTTP/1.1" 200 17282
[2026-09-29 10:34:31,517] INFO django.server basehttp: "GET /static/js/ph_diagram.js?v=4 HTTP/1.1" 200 8855
[2026-09-29 10:34:31,517] INFO django.server basehttp: "GET /static/js/tools_saturation.js?v=7 HTTP/1.1" 200 16385
[2026-09-29 10:34:31,991] ERROR django.server basehttp: "GET /utilities/engineering/saturation-temp/data/?refrigerant=R32&gauge=ADD_GAUGE&high_pressure=2.5&low_pressure=0.9&high_temperature=23.1&low_temperature=5.2&suction=15&discharge=80&liquid=35 HTTP/1.1" 500 94391
[2026-09-29 10:34:41,735] INFO django.server basehttp: "GET /utilities/ HTTP/1.1" 200 12233
[2026-09-29 10:34:41,761] INFO django.server basehttp: "GET /media/tools/icons/image_5.png HTTP/1.1" 304 0
[2026-09-29 10:34:41,761] INFO django.server basehttp: "GET /static/css/design-system.css?v=1790652881 HTTP/1.1" 200 7762
[2026-09-29 10:34:41,762] INFO django.server basehttp: "GET /static/css/app-shell.css?v=1790652881 HTTP/1.1" 200 41269
[2026-09-29 10:34:45,126] INFO django.server basehttp: "GET / HTTP/1.1" 200 32586
[2026-09-29 10:34:45,157] INFO django.server basehttp: "GET /static/img/home/about/policy.webp?v=3 HTTP/1.1" 304 0
[2026-09-29 10:34:45,157] INFO django.server basehttp: "GET /static/img/home/about/vision.webp?v=3 HTTP/1.1" 304 0
[2026-09-29 10:34:45,157] INFO django.server basehttp: "GET /static/img/home/about/objective.webp?v=3 HTTP/1.1" 304 0
[2026-09-29 10:34:45,158] INFO django.server basehttp: "GET /static/img/home/about/kpi.webp?v=3 HTTP/1.1" 304 0
[2026-09-29 10:34:45,158] INFO django.server basehttp: "GET /static/css/design-system.css?v=1790652885 HTTP/1.1" 200 7762
[2026-09-29 10:34:45,159] INFO django.server basehttp: "GET /static/css/home.css?v=1790652885 HTTP/1.1" 200 19399
[2026-09-29 10:34:45,160] INFO django.server basehttp: "GET /media/hero/ChatGPT_Image_Sep_26_2026_09_18_03_PM.png HTTP/1.1" 304 0
[2026-09-29 10:34:45,161] INFO django.server basehttp: "GET /static/img/home/about/contact.webp?v=3 HTTP/1.1" 304 0
[2026-09-29 10:34:47,952] INFO django.server basehttp: "GET /happy-workplace/ HTTP/1.1" 200 16295
[2026-09-29 10:34:47,981] INFO django.server basehttp: "GET /static/css/design-system.css?v=1790652887 HTTP/1.1" 200 7762
[2026-09-29 10:34:47,982] INFO django.server basehttp: "GET /static/css/app-shell.css?v=1790652887 HTTP/1.1" 200 41269
[2026-09-29 10:34:48,990] INFO django.server basehttp: "GET /static/css/happy_workplace.css?v=1790652887 HTTP/1.1" 200 38401
[2026-09-29 10:34:54,791] INFO django.server basehttp: "GET / HTTP/1.1" 200 32586
[2026-09-29 10:34:54,821] INFO django.server basehttp: "GET /static/css/design-system.css?v=1790652894 HTTP/1.1" 200 7762
[2026-09-29 10:34:54,821] INFO django.server basehttp: "GET /static/css/home.css?v=1790652894 HTTP/1.1" 200 19399
[2026-09-29 10:34:56,853] INFO django.server basehttp: "GET /documents/ HTTP/1.1" 200 22206
[2026-09-29 10:34:56,886] INFO django.server basehttp: "GET /static/css/app-shell.css?v=1790652896 HTTP/1.1" 200 41269
[2026-09-29 10:34:57,890] INFO django.server basehttp: "GET /static/css/design-system.css?v=1790652896 HTTP/1.1" 200 7762
[2026-09-29 10:35:02,531] INFO django.server basehttp: "GET /documents/13/delete/ HTTP/1.1" 200 4515
[2026-09-29 10:35:02,560] INFO django.server basehttp: "GET /static/css/design-system.css?v=1790652902 HTTP/1.1" 200 7762
[2026-09-29 10:35:02,561] INFO django.server basehttp: "GET /static/css/app-shell.css?v=1790652902 HTTP/1.1" 200 41269
[2026-09-29 10:35:05,008] INFO django.server basehttp: "POST /documents/13/delete/ HTTP/1.1" 302 0
[2026-09-29 10:35:05,072] INFO django.server basehttp: "GET /documents/ HTTP/1.1" 200 20041
[2026-09-29 10:35:05,103] INFO django.server basehttp: "GET /static/css/design-system.css?v=1790652905 HTTP/1.1" 200 7762
[2026-09-29 10:35:05,103] INFO django.server basehttp: "GET /static/css/app-shell.css?v=1790652905 HTTP/1.1" 200 41269
[2026-09-29 10:35:06,889] INFO django.server basehttp: "GET /documents/14/delete/ HTTP/1.1" 200 4524
[2026-09-29 10:35:06,914] INFO django.server basehttp: "GET /static/css/design-system.css?v=1790652906 HTTP/1.1" 200 7762
[2026-09-29 10:35:07,923] INFO django.server basehttp: "GET /static/css/app-shell.css?v=1790652906 HTTP/1.1" 200 41269
[2026-09-29 10:35:09,089] INFO django.server basehttp: "POST /documents/14/delete/ HTTP/1.1" 302 0
[2026-09-29 10:35:09,148] INFO django.server basehttp: "GET /documents/ HTTP/1.1" 200 17716
[2026-09-29 10:35:09,175] INFO django.server basehttp: "GET /static/css/design-system.css?v=1790652909 HTTP/1.1" 200 7762
[2026-09-29 10:35:10,191] INFO django.server basehttp: "GET /static/css/app-shell.css?v=1790652909 HTTP/1.1" 200 41269
[2026-09-29 10:35:11,649] INFO django.server basehttp: "GET /documents/12/delete/ HTTP/1.1" 200 4515
[2026-09-29 10:35:11,673] INFO django.server basehttp: "GET /static/css/design-system.css?v=1790652911 HTTP/1.1" 200 7762
[2026-09-29 10:35:11,673] INFO django.server basehttp: "GET /static/css/app-shell.css?v=1790652911 HTTP/1.1" 200 41269
[2026-09-29 10:35:12,760] INFO django.server basehttp: "POST /documents/12/delete/ HTTP/1.1" 302 0
[2026-09-29 10:35:12,808] INFO django.server basehttp: "GET /documents/ HTTP/1.1" 200 15390
[2026-09-29 10:35:12,838] INFO django.server basehttp: "GET /static/css/design-system.css?v=1790652912 HTTP/1.1" 200 7762
[2026-09-29 10:35:12,838] INFO django.server basehttp: "GET /static/css/app-shell.css?v=1790652912 HTTP/1.1" 200 41269
[2026-09-29 10:35:13,966] INFO django.server basehttp: "GET /documents/11/delete/ HTTP/1.1" 200 4524
[2026-09-29 10:35:13,992] INFO django.server basehttp: "GET /static/css/design-system.css?v=1790652913 HTTP/1.1" 200 7762
[2026-09-29 10:35:13,992] INFO django.server basehttp: "GET /static/css/app-shell.css?v=1790652913 HTTP/1.1" 200 41269
[2026-09-29 10:35:14,941] INFO django.server basehttp: "POST /documents/11/delete/ HTTP/1.1" 302 0
[2026-09-29 10:35:15,003] INFO django.server basehttp: "GET /documents/ HTTP/1.1" 200 13065
[2026-09-29 10:35:15,033] INFO django.server basehttp: "GET /static/css/design-system.css?v=1790652914 HTTP/1.1" 200 7762
[2026-09-29 10:35:15,034] INFO django.server basehttp: "GET /static/css/app-shell.css?v=1790652914 HTTP/1.1" 200 41269
[2026-09-29 10:35:16,004] INFO django.server basehttp: "GET /documents/3/delete/ HTTP/1.1" 200 4517
[2026-09-29 10:35:16,026] INFO django.server basehttp: "GET /static/css/design-system.css?v=1790652916 HTTP/1.1" 200 7762
[2026-09-29 10:35:16,030] INFO django.server basehttp: "GET /static/css/app-shell.css?v=1790652916 HTTP/1.1" 200 41269
[2026-09-29 10:35:17,390] INFO django.server basehttp: "POST /documents/3/delete/ HTTP/1.1" 302 0
[2026-09-29 10:35:17,440] INFO django.server basehttp: "GET /documents/ HTTP/1.1" 200 10744
[2026-09-29 10:35:17,467] INFO django.server basehttp: "GET /static/css/design-system.css?v=1790652917 HTTP/1.1" 200 7762
[2026-09-29 10:35:17,467] INFO django.server basehttp: "GET /static/css/app-shell.css?v=1790652917 HTTP/1.1" 200 41269
[2026-09-29 10:35:19,880] INFO django.server basehttp: "GET /documents/specs/ HTTP/1.1" 200 12013
[2026-09-29 10:35:19,906] INFO django.server basehttp: "GET /static/css/design-system.css?v=1790652919 HTTP/1.1" 200 7762
[2026-09-29 10:35:19,907] INFO django.server basehttp: "GET /static/css/app-shell.css?v=1790652919 HTTP/1.1" 200 41269
[2026-09-29 10:35:22,984] INFO django.server basehttp: "GET /documents/specs/4/delete/ HTTP/1.1" 200 4509
[2026-09-29 10:35:23,009] INFO django.server basehttp: "GET /static/css/design-system.css?v=1790652922 HTTP/1.1" 200 7762
[2026-09-29 10:35:23,009] INFO django.server basehttp: "GET /static/css/app-shell.css?v=1790652922 HTTP/1.1" 200 41269
[2026-09-29 10:35:25,253] INFO django.server basehttp: "POST /documents/specs/4/delete/ HTTP/1.1" 302 0
[2026-09-29 10:35:25,280] INFO django.server basehttp: "GET /documents/specs/ HTTP/1.1" 200 11680
[2026-09-29 10:35:25,307] INFO django.server basehttp: "GET /static/css/design-system.css?v=1790652925 HTTP/1.1" 200 7762
[2026-09-29 10:35:25,307] INFO django.server basehttp: "GET /static/css/app-shell.css?v=1790652925 HTTP/1.1" 200 41269
[2026-09-29 10:35:26,516] INFO django.server basehttp: "GET /documents/specs/9/delete/ HTTP/1.1" 200 4509
[2026-09-29 10:35:26,541] INFO django.server basehttp: "GET /static/css/design-system.css?v=1790652926 HTTP/1.1" 200 7762
[2026-09-29 10:35:27,558] INFO django.server basehttp: "GET /static/css/app-shell.css?v=1790652926 HTTP/1.1" 200 41269
[2026-09-29 10:35:28,720] INFO django.server basehttp: "POST /documents/specs/9/delete/ HTTP/1.1" 302 0
[2026-09-29 10:35:28,744] INFO django.server basehttp: "GET /documents/specs/ HTTP/1.1" 200 11214
[2026-09-29 10:35:28,773] INFO django.server basehttp: "GET /static/css/design-system.css?v=1790652928 HTTP/1.1" 200 7762
[2026-09-29 10:35:28,774] INFO django.server basehttp: "GET /static/css/app-shell.css?v=1790652928 HTTP/1.1" 200 41269
[2026-09-29 10:35:29,983] INFO django.server basehttp: "GET /documents/specs/5/delete/ HTTP/1.1" 200 4525
[2026-09-29 10:35:30,008] INFO django.server basehttp: "GET /static/css/design-system.css?v=1790652929 HTTP/1.1" 200 7762
[2026-09-29 10:35:30,010] INFO django.server basehttp: "GET /static/css/app-shell.css?v=1790652929 HTTP/1.1" 200 41269
[2026-09-29 10:35:31,294] INFO django.server basehttp: "POST /documents/specs/5/delete/ HTTP/1.1" 302 0
[2026-09-29 10:35:31,315] INFO django.server basehttp: "GET /documents/specs/ HTTP/1.1" 200 10732
[2026-09-29 10:35:31,342] INFO django.server basehttp: "GET /static/css/design-system.css?v=1790652931 HTTP/1.1" 200 7762
[2026-09-29 10:35:31,342] INFO django.server basehttp: "GET /static/css/app-shell.css?v=1790652931 HTTP/1.1" 200 41269
[2026-09-29 10:35:32,850] INFO django.server basehttp: "GET /documents/specs/10/delete/ HTTP/1.1" 200 4525
[2026-09-29 10:35:32,876] INFO django.server basehttp: "GET /static/css/design-system.css?v=1790652932 HTTP/1.1" 200 7762
[2026-09-29 10:35:32,877] INFO django.server basehttp: "GET /static/css/app-shell.css?v=1790652932 HTTP/1.1" 200 41269
[2026-09-29 10:35:34,044] INFO django.server basehttp: "POST /documents/specs/10/delete/ HTTP/1.1" 302 0
[2026-09-29 10:35:34,064] INFO django.server basehttp: "GET /documents/specs/ HTTP/1.1" 200 10248
[2026-09-29 10:35:34,091] INFO django.server basehttp: "GET /static/css/design-system.css?v=1790652934 HTTP/1.1" 200 7762
[2026-09-29 10:35:34,092] INFO django.server basehttp: "GET /static/css/app-shell.css?v=1790652934 HTTP/1.1" 200 41269
[2026-09-29 10:35:35,647] INFO django.server basehttp: "GET /documents/specs/6/delete/ HTTP/1.1" 200 4509
[2026-09-29 10:35:35,671] INFO django.server basehttp: "GET /static/css/design-system.css?v=1790652935 HTTP/1.1" 200 7762
[2026-09-29 10:35:35,672] INFO django.server basehttp: "GET /static/css/app-shell.css?v=1790652935 HTTP/1.1" 200 41269
[2026-09-29 10:35:36,727] INFO django.server basehttp: "POST /documents/specs/6/delete/ HTTP/1.1" 302 0
[2026-09-29 10:35:36,751] INFO django.server basehttp: "GET /documents/specs/ HTTP/1.1" 200 9782
[2026-09-29 10:35:36,782] INFO django.server basehttp: "GET /static/css/design-system.css?v=1790652936 HTTP/1.1" 200 7762
[2026-09-29 10:35:36,782] INFO django.server basehttp: "GET /static/css/app-shell.css?v=1790652936 HTTP/1.1" 200 41269
[2026-09-29 10:35:37,828] INFO django.server basehttp: "GET /documents/specs/11/delete/ HTTP/1.1" 200 4509
[2026-09-29 10:35:37,855] INFO django.server basehttp: "GET /static/css/design-system.css?v=1790652937 HTTP/1.1" 200 7762
[2026-09-29 10:35:37,855] INFO django.server basehttp: "GET /static/css/app-shell.css?v=1790652937 HTTP/1.1" 200 41269
[2026-09-29 10:35:39,043] INFO django.server basehttp: "POST /documents/specs/11/delete/ HTTP/1.1" 302 0
[2026-09-29 10:35:39,066] INFO django.server basehttp: "GET /documents/specs/ HTTP/1.1" 200 9314
[2026-09-29 10:35:39,093] INFO django.server basehttp: "GET /static/css/design-system.css?v=1790652939 HTTP/1.1" 200 7762
[2026-09-29 10:35:40,104] INFO django.server basehttp: "GET /static/css/app-shell.css?v=1790652939 HTTP/1.1" 200 41269
[2026-09-29 10:35:40,755] INFO django.server basehttp: "GET /documents/specs/8/delete/ HTTP/1.1" 200 4509
[2026-09-29 10:35:40,781] INFO django.server basehttp: "GET /static/css/design-system.css?v=1790652940 HTTP/1.1" 200 7762
[2026-09-29 10:35:40,781] INFO django.server basehttp: "GET /static/css/app-shell.css?v=1790652940 HTTP/1.1" 200 41269
[2026-09-29 10:35:41,853] INFO django.server basehttp: "POST /documents/specs/8/delete/ HTTP/1.1" 302 0
[2026-09-29 10:35:41,876] INFO django.server basehttp: "GET /documents/specs/ HTTP/1.1" 200 8848
[2026-09-29 10:35:41,905] INFO django.server basehttp: "GET /static/css/design-system.css?v=1790652941 HTTP/1.1" 200 7762
[2026-09-29 10:35:41,905] INFO django.server basehttp: "GET /static/css/app-shell.css?v=1790652941 HTTP/1.1" 200 41269
[2026-09-29 10:35:43,629] INFO django.server basehttp: "GET /documents/specs/7/delete/ HTTP/1.1" 200 4541
[2026-09-29 10:35:43,653] INFO django.server basehttp: "GET /static/css/design-system.css?v=1790652943 HTTP/1.1" 200 7762
[2026-09-29 10:35:43,653] INFO django.server basehttp: "GET /static/css/app-shell.css?v=1790652943 HTTP/1.1" 200 41269
[2026-09-29 10:35:44,490] INFO django.server basehttp: "POST /documents/specs/7/delete/ HTTP/1.1" 302 0
[2026-09-29 10:35:44,514] INFO django.server basehttp: "GET /documents/specs/ HTTP/1.1" 200 8456
[2026-09-29 10:35:44,542] INFO django.server basehttp: "GET /static/css/design-system.css?v=1790652944 HTTP/1.1" 200 7762
[2026-09-29 10:35:44,543] INFO django.server basehttp: "GET /static/css/app-shell.css?v=1790652944 HTTP/1.1" 200 41269
[2026-09-29 10:37:13,789] INFO django.server basehttp: "GET /documents/specs/new/ HTTP/1.1" 200 6372
[2026-09-29 10:37:13,820] INFO django.server basehttp: "GET /static/css/design-system.css?v=1790653033 HTTP/1.1" 200 7762
[2026-09-29 10:37:13,822] INFO django.server basehttp: "GET /static/css/app-shell.css?v=1790653033 HTTP/1.1" 200 41269
[2026-09-29 10:37:16,928] INFO django.server basehttp: "GET /documents/specs/ HTTP/1.1" 200 8335
[2026-09-29 10:37:16,952] INFO django.server basehttp: "GET /static/css/design-system.css?v=1790653036 HTTP/1.1" 200 7762
[2026-09-29 10:37:16,953] INFO django.server basehttp: "GET /static/css/app-shell.css?v=1790653036 HTTP/1.1" 200 41269
[2026-09-29 10:37:53,585] INFO django.server basehttp: - Broken pipe from ('127.0.0.1', 62888)
[2026-09-29 10:38:01,390] INFO django.server basehttp: "POST /documents/specs/import/ HTTP/1.1" 302 0
[2026-09-29 10:38:01,414] INFO django.server basehttp: "GET /documents/specs/ HTTP/1.1" 200 15876
[2026-09-29 10:38:01,448] INFO django.server basehttp: "GET /static/css/design-system.css?v=1790653081 HTTP/1.1" 200 7762
[2026-09-29 10:38:01,449] INFO django.server basehttp: "GET /static/css/app-shell.css?v=1790653081 HTTP/1.1" 200 41269
[2026-09-29 10:38:24,318] INFO django.server basehttp: "GET /documents/specs/?partial=rows&q= HTTP/1.1" 200 8582
[2026-09-29 10:38:47,857] INFO django.server basehttp: "GET /documents/specs/1386/delete/ HTTP/1.1" 200 4521
[2026-09-29 10:38:47,882] INFO django.server basehttp: "GET /static/css/design-system.css?v=1790653127 HTTP/1.1" 200 7762
[2026-09-29 10:38:47,883] INFO django.server basehttp: "GET /static/css/app-shell.css?v=1790653127 HTTP/1.1" 200 41269
[2026-09-29 10:38:49,349] INFO django.server basehttp: "POST /documents/specs/1386/delete/ HTTP/1.1" 302 0
[2026-09-29 10:38:49,378] INFO django.server basehttp: "GET /documents/specs/ HTTP/1.1" 200 15862
[2026-09-29 10:38:49,407] INFO django.server basehttp: "GET /static/css/design-system.css?v=1790653129 HTTP/1.1" 200 7762
[2026-09-29 10:38:49,409] INFO django.server basehttp: "GET /static/css/app-shell.css?v=1790653129 HTTP/1.1" 200 41269
[2026-09-29 10:39:19,072] INFO django.server basehttp: "GET /documents/specs/1387/delete/ HTTP/1.1" 200 4523
[2026-09-29 10:39:19,100] INFO django.server basehttp: "GET /static/css/design-system.css?v=1790653159 HTTP/1.1" 200 7762
[2026-09-29 10:39:19,100] INFO django.server basehttp: "GET /static/css/app-shell.css?v=1790653159 HTTP/1.1" 200 41269
[2026-09-29 10:39:21,548] INFO django.server basehttp: "POST /documents/specs/1387/delete/ HTTP/1.1" 302 0
[2026-09-29 10:39:21,572] INFO django.server basehttp: "GET /documents/specs/ HTTP/1.1" 200 15867
[2026-09-29 10:39:21,600] INFO django.server basehttp: "GET /static/css/design-system.css?v=1790653161 HTTP/1.1" 200 7762
[2026-09-29 10:39:21,601] INFO django.server basehttp: "GET /static/css/app-shell.css?v=1790653161 HTTP/1.1" 200 41269
